{"textures":{"0":"tfc:textures/entity/animal/gazelle"},"elements":[{"from":[5.5,19.0,1.0],"to":[10.5,26.0,16.0],"faces":{"east":{"uv":[0.0,3.75,3.75,5.5],"tintindex":0,"rotation":0,"texture":"#0"},"south":{"uv":[8.75,3.75,10.0,5.5],"tintindex":0,"rotation":0,"texture":"#0"},"north":{"uv":[3.75,3.75,5.0,5.5],"tintindex":0,"rotation":0,"texture":"#0"},"west":{"uv":[5.0,3.75,8.75,5.5],"tintindex":0,"rotation":0,"texture":"#0"},"up":{"uv":[5.0,3.75,3.75,0.0],"tintindex":0,"rotation":0,"texture":"#0"},"down":{"uv":[6.25,0.0,5.0,3.75],"tintindex":0,"rotation":0,"texture":"#0"}}}],"display":{"gui":{"rotation":[30,225,0]}}}