{"textures":{"0":"tfc:textures/entity/animal/gazelle"},"elements":[{"from":[7.15401,7.8513107,9.24846],"to":[9.15401,10.851311,10.24846],"faces":{"east":{"uv":[2.0,2.75,2.25,3.5],"tintindex":0,"rotation":0,"texture":"#0"},"south":{"uv":[3.0,2.75,3.5,3.5],"tintindex":0,"rotation":0,"texture":"#0"},"north":{"uv":[2.25,2.75,2.75,3.5],"tintindex":0,"rotation":0,"texture":"#0"},"west":{"uv":[2.75,2.75,3.0,3.5],"tintindex":0,"rotation":0,"texture":"#0"},"up":{"uv":[2.75,2.75,2.25,2.5],"tintindex":0,"rotation":0,"texture":"#0"},"down":{"uv":[3.25,2.5,2.75,2.75],"tintindex":0,"rotation":0,"texture":"#0"}}}],"display":{"gui":{"rotation":[30,225,0]}}}