{"textures":{"0":"tfc:textures/entity/animal/gazelle"},"elements":[{"from":[6.5,4.0,8.0],"to":[8.5,11.0,11.0],"faces":{"east":{"uv":[4.75,9.75,5.5,11.5],"tintindex":0,"rotation":0,"texture":"#0"},"south":{"uv":[6.75,9.75,7.25,11.5],"tintindex":0,"rotation":0,"texture":"#0"},"north":{"uv":[5.5,9.75,6.0,11.5],"tintindex":0,"rotation":0,"texture":"#0"},"west":{"uv":[6.0,9.75,6.75,11.5],"tintindex":0,"rotation":0,"texture":"#0"},"up":{"uv":[6.0,9.75,5.5,9.0],"tintindex":0,"rotation":0,"texture":"#0"},"down":{"uv":[6.5,9.0,6.0,9.75],"tintindex":0,"rotation":0,"texture":"#0"}}},{"from":[6.5,-3.0,9.0],"to":[8.5,4.0,11.0],"faces":{"east":{"uv":[0.0,8.0,0.5,9.75],"tintindex":0,"rotation":0,"texture":"#0"},"south":{"uv":[1.5,8.0,2.0,9.75],"tintindex":0,"rotation":0,"texture":"#0"},"north":{"uv":[0.5,8.0,1.0,9.75],"tintindex":0,"rotation":0,"texture":"#0"},"west":{"uv":[1.0,8.0,1.5,9.75],"tintindex":0,"rotation":0,"texture":"#0"},"up":{"uv":[1.0,8.0,0.5,7.5],"tintindex":0,"rotation":0,"texture":"#0"},"down":{"uv":[1.5,7.5,1.0,8.0],"tintindex":0,"rotation":0,"texture":"#0"}}}],"display":{"gui":{"rotation":[30,225,0]}}}