{"textures":{"0":"tfc:textures/entity/animal/gazelle"},"elements":[{"from":[7.5,4.0,5.0],"to":[9.5,8.0,8.0],"faces":{"east":{"uv":[7.25,9.75,8.0,10.75],"tintindex":0,"rotation":0,"texture":"#0"},"south":{"uv":[9.25,9.75,9.75,10.75],"tintindex":0,"rotation":0,"texture":"#0"},"north":{"uv":[8.0,9.75,8.5,10.75],"tintindex":0,"rotation":0,"texture":"#0"},"west":{"uv":[8.5,9.75,9.25,10.75],"tintindex":0,"rotation":0,"texture":"#0"},"up":{"uv":[8.5,9.75,8.0,9.0],"tintindex":0,"rotation":0,"texture":"#0"},"down":{"uv":[9.0,9.0,8.5,9.75],"tintindex":0,"rotation":0,"texture":"#0"}}},{"from":[7.5,-4.0,6.0],"to":[9.5,5.0,8.0],"faces":{"east":{"uv":[6.0,6.75,6.5,9.0],"tintindex":0,"rotation":0,"texture":"#0"},"south":{"uv":[7.5,6.75,8.0,9.0],"tintindex":0,"rotation":0,"texture":"#0"},"north":{"uv":[6.5,6.75,7.0,9.0],"tintindex":0,"rotation":0,"texture":"#0"},"west":{"uv":[7.0,6.75,7.5,9.0],"tintindex":0,"rotation":0,"texture":"#0"},"up":{"uv":[7.0,6.75,6.5,6.25],"tintindex":0,"rotation":0,"texture":"#0"},"down":{"uv":[7.5,6.25,7.0,6.75],"tintindex":0,"rotation":0,"texture":"#0"}}}],"display":{"gui":{"rotation":[30,225,0]}}}