{"textures":{"0":"modelengine:entity/grizzly"},"elements":[{"from":[12.0,15.0,7.0],"to":[15.0,19.0,8.0],"faces":{"east":{"uv":[10.8125,9.375,10.875,9.875],"tintindex":0,"rotation":0,"texture":"#0"},"south":{"uv":[11.125,9.375,11.3125,9.875],"tintindex":0,"rotation":0,"texture":"#0"},"north":{"uv":[10.875,9.375,11.0625,9.875],"tintindex":0,"rotation":0,"texture":"#0"},"west":{"uv":[11.0625,9.375,11.125,9.875],"tintindex":0,"rotation":0,"texture":"#0"},"up":{"uv":[11.0625,9.375,10.875,9.25],"tintindex":0,"rotation":0,"texture":"#0"},"down":{"uv":[11.25,9.25,11.0625,9.375],"tintindex":0,"rotation":0,"texture":"#0"}}},{"from":[1.0,15.0,7.0],"to":[4.0,19.0,8.0],"faces":{"east":{"uv":[10.8125,6.625,10.875,7.125],"tintindex":0,"rotation":0,"texture":"#0"},"south":{"uv":[11.125,6.625,11.3125,7.125],"tintindex":0,"rotation":0,"texture":"#0"},"north":{"uv":[10.875,6.625,11.0625,7.125],"tintindex":0,"rotation":0,"texture":"#0"},"west":{"uv":[11.0625,6.625,11.125,7.125],"tintindex":0,"rotation":0,"texture":"#0"},"up":{"uv":[11.0625,6.625,10.875,6.5],"tintindex":0,"rotation":0,"texture":"#0"},"down":{"uv":[11.25,6.5,11.0625,6.625],"tintindex":0,"rotation":0,"texture":"#0"}}},{"from":[2.5,6.0,4.0],"to":[13.5,17.0,13.0],"faces":{"east":{"uv":[13.5,12.5,14.0625,13.875],"tintindex":0,"rotation":0,"texture":"#0"},"south":{"uv":[15.3125,12.5,16.0,13.875],"tintindex":0,"rotation":0,"texture":"#0"},"north":{"uv":[14.0625,12.5,14.75,13.875],"tintindex":0,"rotation":0,"texture":"#0"},"west":{"uv":[14.75,12.5,15.3125,13.875],"tintindex":0,"rotation":0,"texture":"#0"},"up":{"uv":[14.75,12.5,14.0625,11.375],"tintindex":0,"rotation":0,"texture":"#0"},"down":{"uv":[15.4375,11.375,14.75,12.5],"tintindex":0,"rotation":0,"texture":"#0"}}},{"from":[5.5,6.0,0.0],"to":[10.5,10.0,4.0],"faces":{"east":{"uv":[13.375,9.75,13.625,10.25],"tintindex":0,"rotation":0,"texture":"#0"},"south":{"uv":[14.1875,9.75,14.5,10.25],"tintindex":0,"rotation":0,"texture":"#0"},"north":{"uv":[13.625,9.75,13.9375,10.25],"tintindex":0,"rotation":0,"texture":"#0"},"west":{"uv":[13.9375,9.75,14.1875,10.25],"tintindex":0,"rotation":0,"texture":"#0"},"up":{"uv":[13.9375,9.75,13.625,9.25],"tintindex":0,"rotation":0,"texture":"#0"},"down":{"uv":[14.25,9.25,13.9375,9.75],"tintindex":0,"rotation":0,"texture":"#0"}}}],"display":{"gui":{"rotation":[30,225,0]}}}