{"textures":{"0":"modelengine:entity/grizzly"},"elements":[{"from":[5.5,-1.0,0.5],"to":[11.5,1.0,2.5],"faces":{"east":{"uv":[13.5,6.375,13.625,6.625],"tintindex":0,"rotation":0,"texture":"#0"},"south":{"uv":[14.125,6.375,14.5,6.625],"tintindex":0,"rotation":0,"texture":"#0"},"north":{"uv":[13.625,6.375,14.0,6.625],"tintindex":0,"rotation":0,"texture":"#0"},"west":{"uv":[14.0,6.375,14.125,6.625],"tintindex":0,"rotation":0,"texture":"#0"},"up":{"uv":[14.0,6.375,13.625,6.125],"tintindex":0,"rotation":0,"texture":"#0"},"down":{"uv":[14.375,6.125,14.0,6.375],"tintindex":0,"rotation":0,"texture":"#0"}}},{"from":[5.5,-1.0,2.5],"to":[11.5,19.0,10.5],"faces":{"east":{"uv":[10.8125,13.5,11.3125,16.0],"tintindex":0,"rotation":0,"texture":"#0"},"south":{"uv":[12.1875,13.5,12.5625,16.0],"tintindex":0,"rotation":0,"texture":"#0"},"north":{"uv":[11.3125,13.5,11.6875,16.0],"tintindex":0,"rotation":0,"texture":"#0"},"west":{"uv":[11.6875,13.5,12.1875,16.0],"tintindex":0,"rotation":0,"texture":"#0"},"up":{"uv":[11.6875,13.5,11.3125,12.5],"tintindex":0,"rotation":0,"texture":"#0"},"down":{"uv":[12.0625,12.5,11.6875,13.5],"tintindex":0,"rotation":0,"texture":"#0"}}}],"display":{"gui":{"rotation":[30,225,0]}}}