{"textures":{"0":"modelengine:entity/grizzly"},"elements":[{"from":[4.0,-1.0,3.0],"to":[10.0,1.0,5.0],"faces":{"east":{"uv":[13.5,5.875,13.625,6.125],"tintindex":0,"rotation":0,"texture":"#0"},"south":{"uv":[14.125,5.875,14.5,6.125],"tintindex":0,"rotation":0,"texture":"#0"},"north":{"uv":[13.625,5.875,14.0,6.125],"tintindex":0,"rotation":0,"texture":"#0"},"west":{"uv":[14.0,5.875,14.125,6.125],"tintindex":0,"rotation":0,"texture":"#0"},"up":{"uv":[14.0,5.875,13.625,5.625],"tintindex":0,"rotation":0,"texture":"#0"},"down":{"uv":[14.375,5.625,14.0,5.875],"tintindex":0,"rotation":0,"texture":"#0"}}},{"from":[4.0,-1.0,5.0],"to":[10.0,13.0,11.0],"faces":{"east":{"uv":[14.4375,6.625,14.8125,8.375],"tintindex":0,"rotation":0,"texture":"#0"},"south":{"uv":[15.5625,6.625,15.9375,8.375],"tintindex":0,"rotation":0,"texture":"#0"},"north":{"uv":[14.8125,6.625,15.1875,8.375],"tintindex":0,"rotation":0,"texture":"#0"},"west":{"uv":[15.1875,6.625,15.5625,8.375],"tintindex":0,"rotation":0,"texture":"#0"},"up":{"uv":[15.1875,6.625,14.8125,5.875],"tintindex":0,"rotation":0,"texture":"#0"},"down":{"uv":[15.5625,5.875,15.1875,6.625],"tintindex":0,"rotation":0,"texture":"#0"}}}],"display":{"gui":{"rotation":[30,225,0]}}}