{"textures":{"0":"modelengine:entity/grizzly"},"elements":[{"from":[5.0,8.0,21.0],"to":[11.0,14.0,22.0],"faces":{"east":{"uv":[10.8125,5.75,10.875,6.5],"tintindex":0,"rotation":0,"texture":"#0"},"south":{"uv":[11.3125,5.75,11.6875,6.5],"tintindex":0,"rotation":0,"texture":"#0"},"north":{"uv":[10.875,5.75,11.25,6.5],"tintindex":0,"rotation":0,"texture":"#0"},"west":{"uv":[11.25,5.75,11.3125,6.5],"tintindex":0,"rotation":0,"texture":"#0"},"up":{"uv":[11.25,5.75,10.875,5.625],"tintindex":0,"rotation":0,"texture":"#0"},"down":{"uv":[11.625,5.625,11.25,5.75],"tintindex":0,"rotation":0,"texture":"#0"}}},{"from":[1.0,5.25,6.0],"to":[15.0,19.25,21.0],"faces":{"east":{"uv":[10.8125,7.5,11.75,9.25],"tintindex":0,"rotation":0,"texture":"#0"},"south":{"uv":[13.5625,7.5,14.4375,9.25],"tintindex":0,"rotation":0,"texture":"#0"},"north":{"uv":[11.75,7.5,12.625,9.25],"tintindex":0,"rotation":0,"texture":"#0"},"west":{"uv":[12.625,7.5,13.5625,9.25],"tintindex":0,"rotation":0,"texture":"#0"},"up":{"uv":[12.625,7.5,11.75,5.625],"tintindex":0,"rotation":0,"texture":"#0"},"down":{"uv":[13.5,5.625,12.625,7.5],"tintindex":0,"rotation":0,"texture":"#0"}}},{"from":[0.5,5.25,-5.0],"to":[15.5,20.25,6.0],"faces":{"east":{"uv":[10.8125,10.625,11.5,12.5],"tintindex":0,"rotation":0,"texture":"#0"},"south":{"uv":[13.125,10.625,14.0625,12.5],"tintindex":0,"rotation":0,"texture":"#0"},"north":{"uv":[11.5,10.625,12.4375,12.5],"tintindex":0,"rotation":0,"texture":"#0"},"west":{"uv":[12.4375,10.625,13.125,12.5],"tintindex":0,"rotation":0,"texture":"#0"},"up":{"uv":[12.4375,10.625,11.5,9.25],"tintindex":0,"rotation":0,"texture":"#0"},"down":{"uv":[13.375,9.25,12.4375,10.625],"tintindex":0,"rotation":0,"texture":"#0"}}}],"display":{"gui":{"rotation":[30,225,0]}}}