{"textures":{"0":"modelengine:entity/"},"elements":[{"from":[5.75,-0.4425516,16.283382],"to":[10.25,4.5574474,20.283382],"faces":{"east":{"uv":[8.75,6.625,8.0625,8.5],"tintindex":-2,"rotation":0,"texture":"#0"},"south":{"uv":[8.75,6.625,8.0625,8.5],"tintindex":-2,"rotation":0,"texture":"#0"},"north":{"uv":[8.75,6.625,8.0625,8.5],"tintindex":-2,"rotation":0,"texture":"#0"},"west":{"uv":[8.75,6.625,8.0625,8.5],"tintindex":-2,"rotation":0,"texture":"#0"},"up":{"uv":[8.75,6.625,8.0625,8.5],"tintindex":-2,"rotation":0,"texture":"#0"},"down":{"uv":[8.75,6.625,8.0625,8.5],"tintindex":-2,"rotation":0,"texture":"#0"}},"rotation":{"origin":[13.121582,7.774557,25.62765],"angle":45.0,"axis":"x"}}],"display":{"gui":{"rotation":[30,225,0]}}}