{"textures":{"0":"modelengine:entity/elephant","particle":"#0"},"elements":[{"from":[5.25,-5.75,5.25],"to":[10.75,10.75,10.75],"faces":{"east":{"uv":[12.5,7.125,13.1875,11.25],"tintindex":0,"rotation":0,"texture":"#0"},"south":{"uv":[14.5625,7.125,15.25,11.25],"tintindex":0,"rotation":0,"texture":"#0"},"north":{"uv":[13.1875,7.125,13.875,11.25],"tintindex":0,"rotation":0,"texture":"#0"},"west":{"uv":[13.875,7.125,14.5625,11.25],"tintindex":0,"rotation":0,"texture":"#0"},"up":{"uv":[13.875,7.125,13.1875,5.75],"tintindex":0,"rotation":0,"texture":"#0"},"down":{"uv":[14.5625,5.75,13.875,7.125],"tintindex":0,"rotation":0,"texture":"#0"}}}],"display":{"head":{"rotation":[0.0,0.0,0.0]},"firstperson_righthand":{"rotation":[0.0,0.0,0.0]},"thirdperson_lefthand":{"rotation":[0.0,-0.0,-0.0]},"firstperson_lefthand":{"rotation":[0.0,-0.0,-0.0]},"fixed":{"rotation":[0.0,0.0,0.0]},"ground":{"rotation":[0.0,0.0,0.0]},"thirdperson_righthand":{"rotation":[0.0,0.0,0.0]},"gui":{"rotation":[-150.0,-45.0,180.0]}}}