{"textures":{"0":"modelengine:entity/elephant","particle":"#0"},"elements":[{"from":[1.0,4.25,6.25],"to":[15.0,28.25,22.25],"faces":{"east":{"uv":[0.0,4.0,2.0,10.0],"tintindex":0,"rotation":0,"texture":"#0"},"south":{"uv":[5.75,4.0,7.5,10.0],"tintindex":0,"rotation":0,"texture":"#0"},"north":{"uv":[2.0,4.0,3.75,10.0],"tintindex":0,"rotation":0,"texture":"#0"},"west":{"uv":[3.75,4.0,5.75,10.0],"tintindex":0,"rotation":0,"texture":"#0"},"up":{"uv":[3.75,4.0,2.0,0.0],"tintindex":0,"rotation":0,"texture":"#0"},"down":{"uv":[5.5,0.0,3.75,4.0],"tintindex":0,"rotation":0,"texture":"#0"}}}],"display":{"head":{"rotation":[0.0,0.0,0.0]},"firstperson_righthand":{"rotation":[0.0,0.0,0.0]},"thirdperson_lefthand":{"rotation":[0.0,-0.0,-0.0]},"firstperson_lefthand":{"rotation":[0.0,-0.0,-0.0]},"fixed":{"rotation":[0.0,0.0,0.0]},"ground":{"rotation":[0.0,0.0,0.0]},"thirdperson_righthand":{"rotation":[0.0,0.0,0.0]},"gui":{"rotation":[-150.0,-45.0,180.0]}}}