{"textures":{"0":"modelengine:entity/elephant","particle":"#0"},"elements":[{"from":[-2.0,-3.0,-7.0],"to":[18.0,20.0,13.0],"faces":{"east":{"uv":[7.5,2.5,8.75,5.375],"tintindex":0,"rotation":0,"texture":"#0"},"south":{"uv":[11.25,2.5,12.5,5.375],"tintindex":0,"rotation":0,"texture":"#0"},"north":{"uv":[8.75,2.5,10.0,5.375],"tintindex":0,"rotation":0,"texture":"#0"},"west":{"uv":[10.0,2.5,11.25,5.375],"tintindex":0,"rotation":0,"texture":"#0"},"up":{"uv":[10.0,2.5,8.75,0.0],"tintindex":0,"rotation":0,"texture":"#0"},"down":{"uv":[11.25,0.0,10.0,2.5],"tintindex":0,"rotation":0,"texture":"#0"}}}],"display":{"head":{"rotation":[0.0,0.0,0.0]},"firstperson_righthand":{"rotation":[0.0,0.0,0.0]},"thirdperson_lefthand":{"rotation":[0.0,-0.0,-0.0]},"firstperson_lefthand":{"rotation":[0.0,-0.0,-0.0]},"fixed":{"rotation":[0.0,0.0,0.0]},"ground":{"rotation":[0.0,0.0,0.0]},"thirdperson_righthand":{"rotation":[0.0,0.0,0.0]},"gui":{"rotation":[-150.0,-45.0,180.0]}}}