{"textures":{"0":"modelengine:entity/elephant","particle":"#0"},"elements":[{"from":[18.5,3.25,7.75],"to":[28.5,13.25,8.25],"faces":{"east":{"uv":[5.5,0.125,5.5625,2.5],"tintindex":0,"rotation":0,"texture":"#0"},"south":{"uv":[6.625,0.125,7.625,2.5],"tintindex":0,"rotation":0,"texture":"#0"},"north":{"uv":[5.5625,0.125,6.5625,2.5],"tintindex":0,"rotation":0,"texture":"#0"},"west":{"uv":[6.5625,0.125,6.625,2.5],"tintindex":0,"rotation":0,"texture":"#0"},"up":{"uv":[6.5625,0.125,5.5625,0.0],"tintindex":0,"rotation":0,"texture":"#0"},"down":{"uv":[7.5625,0.0,6.5625,0.125],"tintindex":0,"rotation":0,"texture":"#0"}},"rotation":{"origin":[16.5,-13.75,18.25],"angle":22.5,"axis":"z"}}],"display":{"head":{"rotation":[0.0,0.0,0.0]},"firstperson_righthand":{"rotation":[0.0,0.0,0.0]},"thirdperson_lefthand":{"rotation":[0.0,-0.0,-0.0]},"firstperson_lefthand":{"rotation":[0.0,-0.0,-0.0]},"fixed":{"rotation":[0.0,0.0,0.0]},"ground":{"rotation":[0.0,0.0,0.0]},"thirdperson_righthand":{"rotation":[0.0,0.0,0.0]},"gui":{"rotation":[-150.0,-45.0,180.0]}}}