{"textures":{"0":"modelengine:entity/elephant","particle":"#0"},"elements":[{"from":[6.5,7.5,-5.5],"to":[9.5,8.0,8.0],"faces":{"south":{"uv":[0.375,0.0,0.0,3.375],"tintindex":0,"rotation":0,"texture":"#0"},"up":{"uv":[0.375,0.0,0.0,3.375],"tintindex":0,"rotation":0,"texture":"#0"},"down":{"uv":[0.375,0.0,0.0,3.375],"tintindex":0,"rotation":0,"texture":"#0"}}}],"display":{"head":{"rotation":[0.0,0.0,0.0]},"firstperson_righthand":{"rotation":[0.0,0.0,0.0]},"thirdperson_lefthand":{"rotation":[0.0,-0.0,-0.0]},"firstperson_lefthand":{"rotation":[0.0,-0.0,-0.0]},"fixed":{"rotation":[0.0,0.0,0.0]},"ground":{"rotation":[0.0,0.0,0.0]},"thirdperson_righthand":{"rotation":[0.0,0.0,0.0]},"gui":{"rotation":[-150.0,-45.0,180.0]}}}