{"textures":{"0":"modelengine:entity/elephant","particle":"#0"},"elements":[{"from":[3.0,-14.045576,6.5209427],"to":[13.0,6.954424,16.520945],"faces":{"east":{"uv":[10.0,6.625,10.625,8.625],"tintindex":0,"rotation":0,"texture":"#0"},"south":{"uv":[11.875,6.625,12.5,8.625],"tintindex":0,"rotation":0,"texture":"#0"},"north":{"uv":[10.625,6.625,11.25,8.625],"tintindex":0,"rotation":0,"texture":"#0"},"west":{"uv":[11.25,6.625,11.875,8.625],"tintindex":0,"rotation":0,"texture":"#0"},"up":{"uv":[11.25,6.625,10.625,5.375],"tintindex":0,"rotation":0,"texture":"#0"},"down":{"uv":[11.875,5.375,11.25,6.625],"tintindex":0,"rotation":0,"texture":"#0"}}}],"display":{"head":{"rotation":[0.0,0.0,0.0]},"firstperson_righthand":{"rotation":[0.0,0.0,0.0]},"thirdperson_lefthand":{"rotation":[0.0,-0.0,-0.0]},"firstperson_lefthand":{"rotation":[0.0,-0.0,-0.0]},"fixed":{"rotation":[0.0,0.0,0.0]},"ground":{"rotation":[0.0,0.0,0.0]},"thirdperson_righthand":{"rotation":[0.0,0.0,0.0]},"gui":{"rotation":[-150.0,-45.0,180.0]}}}