{"textures":{"0":"modelengine:entity/elephant","particle":"#0"},"elements":[{"from":[2.99,-5.1122227,2.2135413],"to":[13.01,10.907778,12.233543],"faces":{"east":{"uv":[7.5,6.625,8.125,8.625],"tintindex":0,"rotation":0,"texture":"#0"},"south":{"uv":[9.375,6.625,10.0,8.625],"tintindex":0,"rotation":0,"texture":"#0"},"north":{"uv":[8.125,6.625,8.75,8.625],"tintindex":0,"rotation":0,"texture":"#0"},"west":{"uv":[8.75,6.625,9.375,8.625],"tintindex":0,"rotation":0,"texture":"#0"},"up":{"uv":[8.75,6.625,8.125,5.375],"tintindex":0,"rotation":0,"texture":"#0"},"down":{"uv":[9.375,5.375,8.75,6.625],"tintindex":0,"rotation":0,"texture":"#0"}}}],"display":{"head":{"rotation":[0.0,0.0,0.0]},"firstperson_righthand":{"rotation":[0.0,0.0,0.0]},"thirdperson_lefthand":{"rotation":[0.0,-0.0,-0.0]},"firstperson_lefthand":{"rotation":[0.0,-0.0,-0.0]},"fixed":{"rotation":[0.0,0.0,0.0]},"ground":{"rotation":[0.0,0.0,0.0]},"thirdperson_righthand":{"rotation":[0.0,0.0,0.0]},"gui":{"rotation":[-150.0,-45.0,180.0]}}}