{"textures":{"0":"modelengine:entity/"},"elements":[{"from":[1.1284175,-8.043728,-1.1062145],"to":[4.6284175,2.456273,2.393786],"faces":{"east":{"uv":[1.125,0.0,0.875,2.0],"tintindex":-2,"rotation":0,"texture":"#0"},"south":{"uv":[1.125,0.0,0.875,2.0],"tintindex":-2,"rotation":0,"texture":"#0"},"north":{"uv":[1.125,0.0,0.875,2.0],"tintindex":-2,"rotation":0,"texture":"#0"},"west":{"uv":[1.125,0.0,0.875,2.0],"tintindex":-2,"rotation":0,"texture":"#0"},"up":{"uv":[1.125,0.0,0.875,2.0],"tintindex":-2,"rotation":0,"texture":"#0"},"down":{"uv":[1.125,0.0,0.875,2.0],"tintindex":-2,"rotation":0,"texture":"#0"}},"rotation":{"origin":[8.0,8.0,8.0],"angle":45.0,"axis":"x"}},{"from":[1.1284175,1.2954483,-13.748159],"to":[4.6284175,10.795448,-10.248159],"faces":{"east":{"uv":[1.125,0.0,0.875,2.0],"tintindex":-2,"rotation":0,"texture":"#0"},"south":{"uv":[1.125,0.0,0.875,2.0],"tintindex":-2,"rotation":0,"texture":"#0"},"north":{"uv":[1.125,0.0,0.875,2.0],"tintindex":-2,"rotation":0,"texture":"#0"},"west":{"uv":[1.125,0.0,0.875,2.0],"tintindex":-2,"rotation":0,"texture":"#0"},"up":{"uv":[1.125,0.0,0.875,2.0],"tintindex":-2,"rotation":0,"texture":"#0"},"down":{"uv":[1.125,0.0,0.875,2.0],"tintindex":-2,"rotation":0,"texture":"#0"}},"rotation":{"origin":[2.8784175,6.8561077,-14.015926],"angle":-45.0,"axis":"x"}},{"from":[1.1284175,-4.7802706,-10.854952],"to":[4.6284175,-0.28027058,-7.354952],"faces":{"east":{"uv":[1.125,0.0,0.875,2.0],"tintindex":-2,"rotation":0,"texture":"#0"},"south":{"uv":[1.125,0.0,0.875,2.0],"tintindex":-2,"rotation":0,"texture":"#0"},"north":{"uv":[1.125,0.0,0.875,2.0],"tintindex":-2,"rotation":0,"texture":"#0"},"west":{"uv":[1.125,0.0,0.875,2.0],"tintindex":-2,"rotation":0,"texture":"#0"},"up":{"uv":[1.5625,0.25,1.25,0.875],"tintindex":-2,"rotation":0,"texture":"#0"},"down":{"uv":[1.125,0.0,0.875,2.0],"tintindex":-2,"rotation":0,"texture":"#0"}},"rotation":{"origin":[8.0,8.0,8.0],"angle":45.0,"axis":"x"}}],"display":{"gui":{"rotation":[30,225,0]}}}