{"textures":{"0":"tfc:textures/entity/animal/crocodile"},"elements":[{"from":[6.7,12.0,-10.049999],"to":[9.2,13.0,-10.049999],"faces":{"south":{"uv":[12.125,11.625,12.75,11.875],"tintindex":-2,"rotation":0,"texture":"#0"},"north":{"uv":[11.5,11.625,12.125,11.875],"tintindex":-2,"rotation":0,"texture":"#0"}}},{"from":[5.75,10.5,-4.0],"to":[10.25,12.0,1.5],"faces":{"east":{"uv":[9.125,8.5,10.5,8.875],"tintindex":-2,"rotation":0,"texture":"#0"},"south":{"uv":[13.0,8.5,14.125,8.875],"tintindex":-2,"rotation":0,"texture":"#0"},"north":{"uv":[10.5,8.5,11.625,8.875],"tintindex":-2,"rotation":0,"texture":"#0"},"west":{"uv":[11.625,8.5,13.0,8.875],"tintindex":-2,"rotation":0,"texture":"#0"},"up":{"uv":[11.625,8.5,10.5,7.125],"tintindex":-2,"rotation":0,"texture":"#0"},"down":{"uv":[12.75,7.125,11.625,8.5],"tintindex":-2,"rotation":0,"texture":"#0"}}},{"from":[6.7,12.0,-9.450001],"to":[6.7,13.0,-2.9499998],"faces":{"east":{"uv":[7.0,11.75,8.625,12.0],"tintindex":-2,"rotation":0,"texture":"#0"},"west":{"uv":[8.625,11.75,10.25,12.0],"tintindex":-2,"rotation":0,"texture":"#0"}}},{"from":[6.75,10.5,-9.950001],"to":[9.25,12.0,-3.4499998],"faces":{"east":{"uv":[9.375,6.875,11.0,7.25],"tintindex":-2,"rotation":0,"texture":"#0"},"south":{"uv":[13.25,6.875,13.875,7.25],"tintindex":-2,"rotation":0,"texture":"#0"},"north":{"uv":[11.0,6.875,11.625,7.25],"tintindex":-2,"rotation":0,"texture":"#0"},"west":{"uv":[11.625,6.875,13.25,7.25],"tintindex":-2,"rotation":0,"texture":"#0"},"up":{"uv":[11.625,6.875,11.0,5.25],"tintindex":-2,"rotation":0,"texture":"#0"},"down":{"uv":[12.25,5.25,11.625,6.875],"tintindex":-2,"rotation":0,"texture":"#0"}}},{"from":[9.3,12.0,-9.450001],"to":[9.3,13.0,-2.9499998],"faces":{"east":{"uv":[7.0,11.75,8.625,12.0],"tintindex":-2,"rotation":0,"texture":"#0"},"west":{"uv":[8.625,11.75,10.25,12.0],"tintindex":-2,"rotation":0,"texture":"#0"}}}],"display":{"gui":{"rotation":[30,225,0]}}}