{"textures":{"0":"modelengine:entity/gorilla"},"elements":[{"from":[0.4949999,15.110001,4.4449997],"to":[15.505,28.54,17.875],"faces":{"east":{"uv":[0.0,2.125,2.125,4.25],"tintindex":-2,"rotation":0,"texture":"#0"},"south":{"uv":[6.625,2.125,9.0,4.25],"tintindex":-2,"rotation":0,"texture":"#0"},"north":{"uv":[2.125,2.125,4.5,4.25],"tintindex":-2,"rotation":0,"texture":"#0"},"west":{"uv":[4.5,2.125,6.625,4.25],"tintindex":-2,"rotation":0,"texture":"#0"},"up":{"uv":[4.5,2.125,2.125,0.0],"tintindex":-2,"rotation":0,"texture":"#0"},"down":{"uv":[6.875,0.0,4.5,2.125],"tintindex":-2,"rotation":0,"texture":"#0"}}}],"display":{"gui":{"rotation":[30,225,0]}}}