{"textures":{"0":"modelengine:entity/wandering_trader"},"elements":[{"from":[3.0,4.5,3.5],"to":[13.0,11.5,12.5],"faces":{"east":{"uv":[0.25,1.5,1.375,2.375],"tintindex":-2,"rotation":0,"texture":"#0"},"south":{"uv":[3.75,1.5,5.0,2.375],"tintindex":-2,"rotation":0,"texture":"#0"},"north":{"uv":[1.375,1.5,2.625,2.375],"tintindex":-2,"rotation":0,"texture":"#0"},"west":{"uv":[2.625,1.5,3.75,2.375],"tintindex":-2,"rotation":0,"texture":"#0"},"up":{"uv":[2.625,1.5,1.375,0.375],"tintindex":-2,"rotation":0,"texture":"#0"},"down":{"uv":[3.875,0.375,2.625,1.5],"tintindex":-2,"rotation":0,"texture":"#0"}}}],"display":{"gui":{"rotation":[30,225,0]}}}