{"textures":{"0":"modelengine:entity/hyena","particle":"#0"},"elements":[{"from":[5.0,11.7,6.8],"to":[11.0,20.7,12.8],"faces":{"east":{"uv":[7.5,1.5,9.0,3.75],"tintindex":0,"rotation":0,"texture":"#0"},"south":{"uv":[12.0,1.5,13.5,3.75],"tintindex":0,"rotation":0,"texture":"#0"},"north":{"uv":[9.0,1.5,10.5,3.75],"tintindex":0,"rotation":0,"texture":"#0"},"west":{"uv":[10.5,1.5,12.0,3.75],"tintindex":0,"rotation":0,"texture":"#0"},"up":{"uv":[10.5,1.5,9.0,0.0],"tintindex":0,"rotation":0,"texture":"#0"},"down":{"uv":[12.0,0.0,10.5,1.5],"tintindex":0,"rotation":0,"texture":"#0"}}}],"display":{"head":{"rotation":[0.0,0.0,0.0]},"firstperson_righthand":{"rotation":[0.0,0.0,0.0]},"thirdperson_lefthand":{"rotation":[0.0,-0.0,-0.0]},"firstperson_lefthand":{"rotation":[0.0,-0.0,-0.0]},"fixed":{"rotation":[0.0,0.0,0.0]},"ground":{"rotation":[0.0,0.0,0.0]},"thirdperson_righthand":{"rotation":[0.0,0.0,0.0]},"gui":{"rotation":[-150.0,-45.0,180.0]}}}