{"textures":{"0":"modelengine:entity/hyena","particle":"#0"},"elements":[{"from":[4.0,8.5,7.0],"to":[10.0,13.5,11.0],"faces":{"east":{"uv":[0.0,4.75,1.0,6.0],"tintindex":0,"rotation":0,"texture":"#0"},"south":{"uv":[3.5,4.75,5.0,6.0],"tintindex":0,"rotation":0,"texture":"#0"},"north":{"uv":[1.0,4.75,2.5,6.0],"tintindex":0,"rotation":0,"texture":"#0"},"west":{"uv":[2.5,4.75,3.5,6.0],"tintindex":0,"rotation":0,"texture":"#0"},"up":{"uv":[2.5,4.75,1.0,3.75],"tintindex":0,"rotation":0,"texture":"#0"},"down":{"uv":[4.0,3.75,2.5,4.75],"tintindex":0,"rotation":0,"texture":"#0"}}},{"from":[5.5,9.0,4.0],"to":[8.5,12.0,8.0],"faces":{"east":{"uv":[5.0,4.75,6.0,5.5],"tintindex":0,"rotation":0,"texture":"#0"},"south":{"uv":[7.75,4.75,8.5,5.5],"tintindex":0,"rotation":0,"texture":"#0"},"north":{"uv":[6.0,4.75,6.75,5.5],"tintindex":0,"rotation":0,"texture":"#0"},"west":{"uv":[6.75,4.75,7.75,5.5],"tintindex":0,"rotation":0,"texture":"#0"},"up":{"uv":[6.75,4.75,6.0,3.75],"tintindex":0,"rotation":0,"texture":"#0"},"down":{"uv":[7.5,3.75,6.75,4.75],"tintindex":0,"rotation":0,"texture":"#0"}}},{"from":[2.5,12.5,9.0],"to":[4.5,15.5,10.0],"faces":{"east":{"uv":[0.0,1.0,0.25,1.75],"tintindex":0,"rotation":0,"texture":"#0"},"south":{"uv":[1.0,1.0,1.5,1.75],"tintindex":0,"rotation":0,"texture":"#0"},"north":{"uv":[0.25,1.0,0.75,1.75],"tintindex":0,"rotation":0,"texture":"#0"},"west":{"uv":[0.75,1.0,1.0,1.75],"tintindex":0,"rotation":0,"texture":"#0"},"up":{"uv":[0.75,1.0,0.25,0.75],"tintindex":0,"rotation":0,"texture":"#0"},"down":{"uv":[1.25,0.75,0.75,1.0],"tintindex":0,"rotation":0,"texture":"#0"}}},{"from":[9.5,12.5,9.0],"to":[11.5,15.5,10.0],"faces":{"east":{"uv":[5.75,1.0,6.0,1.75],"tintindex":0,"rotation":0,"texture":"#0"},"south":{"uv":[6.75,1.0,7.25,1.75],"tintindex":0,"rotation":0,"texture":"#0"},"north":{"uv":[6.0,1.0,6.5,1.75],"tintindex":0,"rotation":0,"texture":"#0"},"west":{"uv":[6.5,1.0,6.75,1.75],"tintindex":0,"rotation":0,"texture":"#0"},"up":{"uv":[6.5,1.0,6.0,0.75],"tintindex":0,"rotation":0,"texture":"#0"},"down":{"uv":[7.0,0.75,6.5,1.0],"tintindex":0,"rotation":0,"texture":"#0"}}}],"display":{"head":{"rotation":[0.0,0.0,0.0]},"firstperson_righthand":{"rotation":[0.0,0.0,0.0]},"thirdperson_lefthand":{"rotation":[0.0,-0.0,-0.0]},"firstperson_lefthand":{"rotation":[0.0,-0.0,-0.0]},"fixed":{"rotation":[0.0,0.0,0.0]},"ground":{"rotation":[0.0,0.0,0.0]},"thirdperson_righthand":{"rotation":[0.0,0.0,0.0]},"gui":{"rotation":[-150.0,-45.0,180.0]}}}