{"textures":{"0":"modelengine:entity/hyena","particle":"#0"},"elements":[{"from":[4.85,-0.0500001,7.85],"to":[7.15,8.25,10.15],"faces":{"east":{"uv":[0.0,6.75,0.5,8.75],"tintindex":0,"rotation":0,"texture":"#0"},"south":{"uv":[1.5,6.75,2.0,8.75],"tintindex":0,"rotation":0,"texture":"#0"},"north":{"uv":[0.5,6.75,1.0,8.75],"tintindex":0,"rotation":0,"texture":"#0"},"west":{"uv":[1.0,6.75,1.5,8.75],"tintindex":0,"rotation":0,"texture":"#0"},"up":{"uv":[1.0,6.75,0.5,6.25],"tintindex":0,"rotation":0,"texture":"#0"},"down":{"uv":[1.5,6.25,1.0,6.75],"tintindex":0,"rotation":0,"texture":"#0"}}}],"display":{"head":{"rotation":[0.0,0.0,0.0]},"firstperson_righthand":{"rotation":[0.0,0.0,0.0]},"thirdperson_lefthand":{"rotation":[0.0,-0.0,-0.0]},"firstperson_lefthand":{"rotation":[0.0,-0.0,-0.0]},"fixed":{"rotation":[0.0,0.0,0.0]},"ground":{"rotation":[0.0,0.0,0.0]},"thirdperson_righthand":{"rotation":[0.0,0.0,0.0]},"gui":{"rotation":[-150.0,-45.0,180.0]}}}