{"overrides":[{"predicate":{"custom_model_data":1},"model":"modelengine:bison/leg1"},{"predicate":{"custom_model_data":2},"model":"modelengine:bison/head"},{"predicate":{"custom_model_data":3},"model":"modelengine:bison/body"},{"predicate":{"custom_model_data":4},"model":"modelengine:bison/leg3"},{"predicate":{"custom_model_data":5},"model":"modelengine:bison/leg4"},{"predicate":{"custom_model_data":6},"model":"modelengine:bison/leg2"},{"predicate":{"custom_model_data":7},"model":"modelengine:bison/body2"},{"predicate":{"custom_model_data":8},"model":"modelengine:bison/tail"},{"predicate":{"custom_model_data":9},"model":"modelengine:black_bear/leg2_grizzly"},{"predicate":{"custom_model_data":10},"model":"modelengine:black_bear/head_grizzly"},{"predicate":{"custom_model_data":11},"model":"modelengine:black_bear/leg1_grizzly"},{"predicate":{"custom_model_data":12},"model":"modelengine:black_bear/leg3_grizzly"},{"predicate":{"custom_model_data":13},"model":"modelengine:black_bear/leg4_grizzly"},{"predicate":{"custom_model_data":14},"model":"modelengine:black_bear/head_grizzly2"},{"predicate":{"custom_model_data":15},"model":"modelengine:black_bear/rotation_grizzly"},{"predicate":{"custom_model_data":16},"model":"modelengine:buffalo/leg4"},{"predicate":{"custom_model_data":17},"model":"modelengine:buffalo/leg1"},{"predicate":{"custom_model_data":18},"model":"modelengine:buffalo/leg2"},{"predicate":{"custom_model_data":19},"model":"modelengine:buffalo/leg3"},{"predicate":{"custom_model_data":20},"model":"modelengine:buffalo/body"},{"predicate":{"custom_model_data":21},"model":"modelengine:buffalo/head"},{"predicate":{"custom_model_data":22},"model":"modelengine:buffalo/body2"},{"predicate":{"custom_model_data":23},"model":"modelengine:buffalo/bone2"},{"predicate":{"custom_model_data":24},"model":"modelengine:buffalo/bone"},{"predicate":{"custom_model_data":25},"model":"modelengine:coppergolem/copper_left_arm"},{"predicate":{"custom_model_data":26},"model":"modelengine:coppergolem/copper_body"},{"predicate":{"custom_model_data":27},"model":"modelengine:coppergolem/copper_left_leg"},{"predicate":{"custom_model_data":28},"model":"modelengine:coppergolem/copper_head"},{"predicate":{"custom_model_data":29},"model":"modelengine:coppergolem/copper_right_leg"},{"predicate":{"custom_model_data":30},"model":"modelengine:coppergolem/copper_right_arm"},{"predicate":{"custom_model_data":31},"model":"modelengine:chimp/leg1"},{"predicate":{"custom_model_data":32},"model":"modelengine:chimp/head"},{"predicate":{"custom_model_data":33},"model":"modelengine:chimp/leg4"},{"predicate":{"custom_model_data":34},"model":"modelengine:chimp/leg2"},{"predicate":{"custom_model_data":35},"model":"modelengine:chimp/leg3"},{"predicate":{"custom_model_data":36},"model":"modelengine:chimp/rotation"},{"predicate":{"custom_model_data":37},"model":"modelengine:coppergolem2/copper_left_arm"},{"predicate":{"custom_model_data":38},"model":"modelengine:coppergolem2/copper_body"},{"predicate":{"custom_model_data":39},"model":"modelengine:coppergolem2/copper_left_leg"},{"predicate":{"custom_model_data":40},"model":"modelengine:coppergolem2/copper_head"},{"predicate":{"custom_model_data":41},"model":"modelengine:coppergolem2/copper_right_leg"},{"predicate":{"custom_model_data":42},"model":"modelengine:coppergolem2/copper_right_arm"},{"predicate":{"custom_model_data":43},"model":"modelengine:coppergolem4/copper_left_arm"},{"predicate":{"custom_model_data":44},"model":"modelengine:coppergolem4/copper_body"},{"predicate":{"custom_model_data":45},"model":"modelengine:coppergolem4/copper_left_leg"},{"predicate":{"custom_model_data":46},"model":"modelengine:coppergolem4/copper_head"},{"predicate":{"custom_model_data":47},"model":"modelengine:coppergolem4/copper_right_leg"},{"predicate":{"custom_model_data":48},"model":"modelengine:coppergolem4/copper_right_arm"},{"predicate":{"custom_model_data":49},"model":"modelengine:crab/c_right_mandible"},{"predicate":{"custom_model_data":50},"model":"modelengine:crab/c_left_arm"},{"predicate":{"custom_model_data":51},"model":"modelengine:crab/c_right_arm"},{"predicate":{"custom_model_data":52},"model":"modelengine:crab/c_body"},{"predicate":{"custom_model_data":53},"model":"modelengine:crab/c_left_mandible"},{"predicate":{"custom_model_data":54},"model":"modelengine:crab/c_leg2"},{"predicate":{"custom_model_data":55},"model":"modelengine:crab/c_leg4"},{"predicate":{"custom_model_data":56},"model":"modelengine:crab/c_leg1"},{"predicate":{"custom_model_data":57},"model":"modelengine:crab/c_leg3"},{"predicate":{"custom_model_data":58},"model":"modelengine:crab/c_leg6"},{"predicate":{"custom_model_data":59},"model":"modelengine:crab/c_leg5"},{"predicate":{"custom_model_data":60},"model":"modelengine:crab/c_left_arm_bottom"},{"predicate":{"custom_model_data":61},"model":"modelengine:crab/c_right_arm_bottom"},{"predicate":{"custom_model_data":62},"model":"modelengine:elephant/body_normal"},{"predicate":{"custom_model_data":63},"model":"modelengine:elephant/tail"},{"predicate":{"custom_model_data":64},"model":"modelengine:elephant/head2"},{"predicate":{"custom_model_data":65},"model":"modelengine:elephant/front_left"},{"predicate":{"custom_model_data":66},"model":"modelengine:elephant/back_right"},{"predicate":{"custom_model_data":67},"model":"modelengine:elephant/front_right"},{"predicate":{"custom_model_data":68},"model":"modelengine:elephant/back_left"},{"predicate":{"custom_model_data":69},"model":"modelengine:elephant/horn_mirror2"},{"predicate":{"custom_model_data":70},"model":"modelengine:elephant/horn_mirror"},{"predicate":{"custom_model_data":71},"model":"modelengine:elephant/trunk"},{"predicate":{"custom_model_data":72},"model":"modelengine:elephant/right_ear"},{"predicate":{"custom_model_data":73},"model":"modelengine:elephant/left_ear"},{"predicate":{"custom_model_data":74},"model":"modelengine:elephant/trunk_lower"},{"predicate":{"custom_model_data":75},"model":"modelengine:coppergolem3/copper_left_arm"},{"predicate":{"custom_model_data":76},"model":"modelengine:coppergolem3/copper_body"},{"predicate":{"custom_model_data":77},"model":"modelengine:coppergolem3/copper_left_leg"},{"predicate":{"custom_model_data":78},"model":"modelengine:coppergolem3/copper_head"},{"predicate":{"custom_model_data":79},"model":"modelengine:coppergolem3/copper_right_leg"},{"predicate":{"custom_model_data":80},"model":"modelengine:coppergolem3/copper_right_arm"},{"predicate":{"custom_model_data":81},"model":"modelengine:crocodile/body"},{"predicate":{"custom_model_data":82},"model":"modelengine:crocodile/left_hind_leg"},{"predicate":{"custom_model_data":83},"model":"modelengine:crocodile/right_hind_leg"},{"predicate":{"custom_model_data":84},"model":"modelengine:crocodile/tail1"},{"predicate":{"custom_model_data":85},"model":"modelengine:crocodile/bone"},{"predicate":{"custom_model_data":86},"model":"modelengine:crocodile/left_front_leg"},{"predicate":{"custom_model_data":87},"model":"modelengine:crocodile/right_front_leg"},{"predicate":{"custom_model_data":88},"model":"modelengine:crocodile/bone4"},{"predicate":{"custom_model_data":89},"model":"modelengine:crocodile/bone2"},{"predicate":{"custom_model_data":90},"model":"modelengine:crocodile/bone3"},{"predicate":{"custom_model_data":91},"model":"modelengine:crocodile/bone5"},{"predicate":{"custom_model_data":92},"model":"modelengine:crocodile/bone6"},{"predicate":{"custom_model_data":93},"model":"modelengine:grave/skull"},{"predicate":{"custom_model_data":94},"model":"modelengine:grave/grave"},{"predicate":{"custom_model_data":95},"model":"modelengine:fireologer/right_leg"},{"predicate":{"custom_model_data":96},"model":"modelengine:fireologer/head"},{"predicate":{"custom_model_data":97},"model":"modelengine:fireologer/right_arm"},{"predicate":{"custom_model_data":98},"model":"modelengine:fireologer/left_arm"},{"predicate":{"custom_model_data":99},"model":"modelengine:fireologer/body"},{"predicate":{"custom_model_data":100},"model":"modelengine:fireologer/left_leg"},{"predicate":{"custom_model_data":101},"model":"modelengine:fireologer/nose"},{"predicate":{"custom_model_data":102},"model":"modelengine:fireologer/arms_rotation"},{"predicate":{"custom_model_data":103},"model":"modelengine:fireologer/arms_flipped"},{"predicate":{"custom_model_data":104},"model":"modelengine:gorilla/leg1"},{"predicate":{"custom_model_data":105},"model":"modelengine:gorilla/head"},{"predicate":{"custom_model_data":106},"model":"modelengine:gorilla/leg4"},{"predicate":{"custom_model_data":107},"model":"modelengine:gorilla/leg2"},{"predicate":{"custom_model_data":108},"model":"modelengine:gorilla/leg3"},{"predicate":{"custom_model_data":109},"model":"modelengine:gorilla/head2"},{"predicate":{"custom_model_data":110},"model":"modelengine:gorilla/rotation"},{"predicate":{"custom_model_data":111},"model":"modelengine:gorilla/rotation2"},{"predicate":{"custom_model_data":112},"model":"modelengine:greatwhite/bone6"},{"predicate":{"custom_model_data":113},"model":"modelengine:greatwhite/tail"},{"predicate":{"custom_model_data":114},"model":"modelengine:greatwhite/bone5"},{"predicate":{"custom_model_data":115},"model":"modelengine:greatwhite/body"},{"predicate":{"custom_model_data":116},"model":"modelengine:greatwhite/head"},{"predicate":{"custom_model_data":117},"model":"modelengine:greatwhite/bone10"},{"predicate":{"custom_model_data":118},"model":"modelengine:greatwhite/bone11"},{"predicate":{"custom_model_data":119},"model":"modelengine:greatwhite/bone9"},{"predicate":{"custom_model_data":120},"model":"modelengine:greatwhite/bone8"},{"predicate":{"custom_model_data":121},"model":"modelengine:greatwhite/bone7"},{"predicate":{"custom_model_data":122},"model":"modelengine:greatwhite/bone3"},{"predicate":{"custom_model_data":123},"model":"modelengine:greatwhite/bone4"},{"predicate":{"custom_model_data":124},"model":"modelengine:iceologer/right_leg"},{"predicate":{"custom_model_data":125},"model":"modelengine:iceologer/head"},{"predicate":{"custom_model_data":126},"model":"modelengine:iceologer/right_arm"},{"predicate":{"custom_model_data":127},"model":"modelengine:iceologer/left_arm"},{"predicate":{"custom_model_data":128},"model":"modelengine:iceologer/body"},{"predicate":{"custom_model_data":129},"model":"modelengine:iceologer/left_leg"},{"predicate":{"custom_model_data":130},"model":"modelengine:iceologer/nose"},{"predicate":{"custom_model_data":131},"model":"modelengine:iceologer/arms_rotation"},{"predicate":{"custom_model_data":132},"model":"modelengine:iceologer/arms_flipped"},{"predicate":{"custom_model_data":133},"model":"modelengine:grizzly_bear/leg2_grizzly"},{"predicate":{"custom_model_data":134},"model":"modelengine:grizzly_bear/leg1_grizzly"},{"predicate":{"custom_model_data":135},"model":"modelengine:grizzly_bear/leg3_grizzly"},{"predicate":{"custom_model_data":136},"model":"modelengine:grizzly_bear/leg4_grizzly"},{"predicate":{"custom_model_data":137},"model":"modelengine:grizzly_bear/head_grizzly"},{"predicate":{"custom_model_data":138},"model":"modelengine:grizzly_bear/rotation_grizzly"},{"predicate":{"custom_model_data":139},"model":"modelengine:grizzly_bear/head_grizzly2"},{"predicate":{"custom_model_data":140},"model":"modelengine:hyena/leg1"},{"predicate":{"custom_model_data":141},"model":"modelengine:hyena/tail"},{"predicate":{"custom_model_data":142},"model":"modelengine:hyena/leg2"},{"predicate":{"custom_model_data":143},"model":"modelengine:hyena/head"},{"predicate":{"custom_model_data":144},"model":"modelengine:hyena/leg4"},{"predicate":{"custom_model_data":145},"model":"modelengine:hyena/leg3"},{"predicate":{"custom_model_data":146},"model":"modelengine:hyena/bone2"},{"predicate":{"custom_model_data":147},"model":"modelengine:hyena/bone"},{"predicate":{"custom_model_data":148},"model":"modelengine:kangaroo/back_left_leg"},{"predicate":{"custom_model_data":149},"model":"modelengine:kangaroo/body"},{"predicate":{"custom_model_data":150},"model":"modelengine:kangaroo/bone2"},{"predicate":{"custom_model_data":151},"model":"modelengine:kangaroo/bone4"},{"predicate":{"custom_model_data":152},"model":"modelengine:kangaroo/body2"},{"predicate":{"custom_model_data":153},"model":"modelengine:kangaroo/head"},{"predicate":{"custom_model_data":154},"model":"modelengine:kangaroo/bone3"},{"predicate":{"custom_model_data":155},"model":"modelengine:kangaroo/left_ear"},{"predicate":{"custom_model_data":156},"model":"modelengine:kangaroo/right_ear"},{"predicate":{"custom_model_data":157},"model":"modelengine:kangaroo/neck"},{"predicate":{"custom_model_data":158},"model":"modelengine:kangaroo/bone"},{"predicate":{"custom_model_data":159},"model":"modelengine:giraffe/child_back_right_leg"},{"predicate":{"custom_model_data":160},"model":"modelengine:giraffe/child_front_right_leg"},{"predicate":{"custom_model_data":161},"model":"modelengine:giraffe/child_front_left_leg"},{"predicate":{"custom_model_data":162},"model":"modelengine:giraffe/child_back_left_leg"},{"predicate":{"custom_model_data":163},"model":"modelengine:giraffe/body"},{"predicate":{"custom_model_data":164},"model":"modelengine:giraffe/tail"},{"predicate":{"custom_model_data":165},"model":"modelengine:giraffe/head"},{"predicate":{"custom_model_data":166},"model":"modelengine:giraffe/neck3"},{"predicate":{"custom_model_data":167},"model":"modelengine:giraffe/neck2"},{"predicate":{"custom_model_data":168},"model":"modelengine:giraffe/bone2"},{"predicate":{"custom_model_data":169},"model":"modelengine:giraffe/bone"},{"predicate":{"custom_model_data":170},"model":"modelengine:giraffe/bone3"},{"predicate":{"custom_model_data":171},"model":"modelengine:lion/leg4"},{"predicate":{"custom_model_data":172},"model":"modelengine:lion/body"},{"predicate":{"custom_model_data":173},"model":"modelengine:lion/leg3"},{"predicate":{"custom_model_data":174},"model":"modelengine:lion/leg1"},{"predicate":{"custom_model_data":175},"model":"modelengine:lion/head"},{"predicate":{"custom_model_data":176},"model":"modelengine:lion/leg2"},{"predicate":{"custom_model_data":177},"model":"modelengine:lion/bone"},{"predicate":{"custom_model_data":178},"model":"modelengine:lion/head3"},{"predicate":{"custom_model_data":179},"model":"modelengine:lion/bone4"},{"predicate":{"custom_model_data":180},"model":"modelengine:lion/head2"},{"predicate":{"custom_model_data":181},"model":"modelengine:lion/bone2"},{"predicate":{"custom_model_data":182},"model":"modelengine:lion2/leg4"},{"predicate":{"custom_model_data":183},"model":"modelengine:lion2/body"},{"predicate":{"custom_model_data":184},"model":"modelengine:lion2/leg3"},{"predicate":{"custom_model_data":185},"model":"modelengine:lion2/leg1"},{"predicate":{"custom_model_data":186},"model":"modelengine:lion2/head"},{"predicate":{"custom_model_data":187},"model":"modelengine:lion2/leg2"},{"predicate":{"custom_model_data":188},"model":"modelengine:lion2/bone"},{"predicate":{"custom_model_data":189},"model":"modelengine:lion2/head3"},{"predicate":{"custom_model_data":190},"model":"modelengine:lion2/head2"},{"predicate":{"custom_model_data":191},"model":"modelengine:lion2/bone2"},{"predicate":{"custom_model_data":192},"model":"modelengine:neanderthal/body"},{"predicate":{"custom_model_data":193},"model":"modelengine:neanderthal/left_arm"},{"predicate":{"custom_model_data":194},"model":"modelengine:neanderthal/right_leg"},{"predicate":{"custom_model_data":195},"model":"modelengine:neanderthal/head"},{"predicate":{"custom_model_data":196},"model":"modelengine:neanderthal/right_arm"},{"predicate":{"custom_model_data":197},"model":"modelengine:neanderthal/left_leg"},{"predicate":{"custom_model_data":198},"model":"modelengine:neanderthal/headwear"},{"predicate":{"custom_model_data":199},"model":"modelengine:neanderthal/body2"},{"predicate":{"custom_model_data":200},"model":"modelengine:penguin/penguin"},{"predicate":{"custom_model_data":201},"model":"modelengine:penguin/body_penguin"},{"predicate":{"custom_model_data":202},"model":"modelengine:penguin/left_fin_penguin"},{"predicate":{"custom_model_data":203},"model":"modelengine:penguin/head_penguin"},{"predicate":{"custom_model_data":204},"model":"modelengine:penguin/left_leg_penguin"},{"predicate":{"custom_model_data":205},"model":"modelengine:penguin/right_leg_penguin"},{"predicate":{"custom_model_data":206},"model":"modelengine:penguin/right_fin_penguin"},{"predicate":{"custom_model_data":207},"model":"modelengine:magmammoth_fire/body_normal"},{"predicate":{"custom_model_data":208},"model":"modelengine:magmammoth_fire/back"},{"predicate":{"custom_model_data":209},"model":"modelengine:magmammoth_fire/head2"},{"predicate":{"custom_model_data":210},"model":"modelengine:magmammoth_fire/back_right"},{"predicate":{"custom_model_data":211},"model":"modelengine:magmammoth_fire/back_left"},{"predicate":{"custom_model_data":212},"model":"modelengine:magmammoth_fire/left"},{"predicate":{"custom_model_data":213},"model":"modelengine:magmammoth_fire/horn_mirror3"},{"predicate":{"custom_model_data":214},"model":"modelengine:magmammoth_fire/trunk"},{"predicate":{"custom_model_data":215},"model":"modelengine:magmammoth_fire/right_ear"},{"predicate":{"custom_model_data":216},"model":"modelengine:magmammoth_fire/right"},{"predicate":{"custom_model_data":217},"model":"modelengine:magmammoth_fire/horn_mirror2"},{"predicate":{"custom_model_data":218},"model":"modelengine:magmammoth_fire/left_ear"},{"predicate":{"custom_model_data":219},"model":"modelengine:magmammoth_fire/pata2"},{"predicate":{"custom_model_data":220},"model":"modelengine:magmammoth_fire/front_left2"},{"predicate":{"custom_model_data":221},"model":"modelengine:magmammoth_fire/pata"},{"predicate":{"custom_model_data":222},"model":"modelengine:magmammoth_fire/front_right2"},{"predicate":{"custom_model_data":223},"model":"modelengine:magmammoth_fire/left2"},{"predicate":{"custom_model_data":224},"model":"modelengine:magmammoth_fire/trunk_lower"},{"predicate":{"custom_model_data":225},"model":"modelengine:magmammoth_fire/right3"},{"predicate":{"custom_model_data":226},"model":"modelengine:magmammoth_fire/trunk_lower2"},{"predicate":{"custom_model_data":227},"model":"modelengine:orangutan/leg1"},{"predicate":{"custom_model_data":228},"model":"modelengine:orangutan/head"},{"predicate":{"custom_model_data":229},"model":"modelengine:orangutan/leg4"},{"predicate":{"custom_model_data":230},"model":"modelengine:orangutan/leg2"},{"predicate":{"custom_model_data":231},"model":"modelengine:orangutan/leg3"},{"predicate":{"custom_model_data":232},"model":"modelengine:orangutan/rotation"},{"predicate":{"custom_model_data":233},"model":"modelengine:rascal/left_leg2"},{"predicate":{"custom_model_data":234},"model":"modelengine:rascal/body2"},{"predicate":{"custom_model_data":235},"model":"modelengine:rascal/right_leg2"},{"predicate":{"custom_model_data":236},"model":"modelengine:rascal/arms2"},{"predicate":{"custom_model_data":237},"model":"modelengine:rascal/backpack"},{"predicate":{"custom_model_data":238},"model":"modelengine:rascal/head2"},{"predicate":{"custom_model_data":239},"model":"modelengine:rascal/arms3"},{"predicate":{"custom_model_data":240},"model":"modelengine:rascal/head3"},{"predicate":{"custom_model_data":241},"model":"modelengine:rascal/rascal_pickaxe"},{"predicate":{"custom_model_data":242},"model":"modelengine:rhino/bone5"},{"predicate":{"custom_model_data":243},"model":"modelengine:rhino/bone4"},{"predicate":{"custom_model_data":244},"model":"modelengine:rhino/neck2"},{"predicate":{"custom_model_data":245},"model":"modelengine:rhino/rhino_leg4"},{"predicate":{"custom_model_data":246},"model":"modelengine:rhino/rhino_leg2"},{"predicate":{"custom_model_data":247},"model":"modelengine:rhino/rhino_leg3"},{"predicate":{"custom_model_data":248},"model":"modelengine:rhino/rhino_leg1"},{"predicate":{"custom_model_data":249},"model":"modelengine:rhino/bone"},{"predicate":{"custom_model_data":250},"model":"modelengine:rhino/bone3"},{"predicate":{"custom_model_data":251},"model":"modelengine:rhino/bone2"},{"predicate":{"custom_model_data":252},"model":"modelengine:magmammoth/body_normal"},{"predicate":{"custom_model_data":253},"model":"modelengine:magmammoth/back"},{"predicate":{"custom_model_data":254},"model":"modelengine:magmammoth/head2"},{"predicate":{"custom_model_data":255},"model":"modelengine:magmammoth/back_right"},{"predicate":{"custom_model_data":256},"model":"modelengine:magmammoth/back_left"},{"predicate":{"custom_model_data":257},"model":"modelengine:magmammoth/left"},{"predicate":{"custom_model_data":258},"model":"modelengine:magmammoth/horn_mirror3"},{"predicate":{"custom_model_data":259},"model":"modelengine:magmammoth/trunk"},{"predicate":{"custom_model_data":260},"model":"modelengine:magmammoth/right_ear"},{"predicate":{"custom_model_data":261},"model":"modelengine:magmammoth/right"},{"predicate":{"custom_model_data":262},"model":"modelengine:magmammoth/horn_mirror2"},{"predicate":{"custom_model_data":263},"model":"modelengine:magmammoth/left_ear"},{"predicate":{"custom_model_data":264},"model":"modelengine:magmammoth/pata2"},{"predicate":{"custom_model_data":265},"model":"modelengine:magmammoth/front_left2"},{"predicate":{"custom_model_data":266},"model":"modelengine:magmammoth/pata"},{"predicate":{"custom_model_data":267},"model":"modelengine:magmammoth/front_right2"},{"predicate":{"custom_model_data":268},"model":"modelengine:magmammoth/left2"},{"predicate":{"custom_model_data":269},"model":"modelengine:magmammoth/trunk_lower"},{"predicate":{"custom_model_data":270},"model":"modelengine:magmammoth/right3"},{"predicate":{"custom_model_data":271},"model":"modelengine:magmammoth/trunk_lower2"},{"predicate":{"custom_model_data":272},"model":"modelengine:wollyrhino/bone5"},{"predicate":{"custom_model_data":273},"model":"modelengine:wollyrhino/bone6"},{"predicate":{"custom_model_data":274},"model":"modelengine:wollyrhino/bone4"},{"predicate":{"custom_model_data":275},"model":"modelengine:wollyrhino/neck2"},{"predicate":{"custom_model_data":276},"model":"modelengine:wollyrhino/rhino_leg4"},{"predicate":{"custom_model_data":277},"model":"modelengine:wollyrhino/rhino_leg2"},{"predicate":{"custom_model_data":278},"model":"modelengine:wollyrhino/rhino_leg3"},{"predicate":{"custom_model_data":279},"model":"modelengine:wollyrhino/rhino_leg1"},{"predicate":{"custom_model_data":280},"model":"modelengine:wollyrhino/bone"},{"predicate":{"custom_model_data":281},"model":"modelengine:wollyrhino/bone3"},{"predicate":{"custom_model_data":282},"model":"modelengine:wollyrhino/bone2"},{"predicate":{"custom_model_data":283},"model":"modelengine:zebra/back_left_leg"},{"predicate":{"custom_model_data":284},"model":"modelengine:zebra/front_left_leg"},{"predicate":{"custom_model_data":285},"model":"modelengine:zebra/front_right_leg"},{"predicate":{"custom_model_data":286},"model":"modelengine:zebra/back_right_leg"},{"predicate":{"custom_model_data":287},"model":"modelengine:zebra/right_ear"},{"predicate":{"custom_model_data":288},"model":"modelengine:zebra/neck"},{"predicate":{"custom_model_data":289},"model":"modelengine:zebra/mane"},{"predicate":{"custom_model_data":290},"model":"modelengine:zebra/body3"},{"predicate":{"custom_model_data":291},"model":"modelengine:zebra/tail2"},{"predicate":{"custom_model_data":292},"model":"modelengine:wollymammoth/body_normal"},{"predicate":{"custom_model_data":293},"model":"modelengine:wollymammoth/back"},{"predicate":{"custom_model_data":294},"model":"modelengine:wollymammoth/head2"},{"predicate":{"custom_model_data":295},"model":"modelengine:wollymammoth/back_right"},{"predicate":{"custom_model_data":296},"model":"modelengine:wollymammoth/back_left"},{"predicate":{"custom_model_data":297},"model":"modelengine:wollymammoth/left"},{"predicate":{"custom_model_data":298},"model":"modelengine:wollymammoth/horn_mirror3"},{"predicate":{"custom_model_data":299},"model":"modelengine:wollymammoth/trunk"},{"predicate":{"custom_model_data":300},"model":"modelengine:wollymammoth/right_ear"},{"predicate":{"custom_model_data":301},"model":"modelengine:wollymammoth/right"},{"predicate":{"custom_model_data":302},"model":"modelengine:wollymammoth/horn_mirror2"},{"predicate":{"custom_model_data":303},"model":"modelengine:wollymammoth/left_ear"},{"predicate":{"custom_model_data":304},"model":"modelengine:wollymammoth/pata2"},{"predicate":{"custom_model_data":305},"model":"modelengine:wollymammoth/front_left2"},{"predicate":{"custom_model_data":306},"model":"modelengine:wollymammoth/pata"},{"predicate":{"custom_model_data":307},"model":"modelengine:wollymammoth/front_right2"},{"predicate":{"custom_model_data":308},"model":"modelengine:wollymammoth/left2"},{"predicate":{"custom_model_data":309},"model":"modelengine:wollymammoth/trunk_lower"},{"predicate":{"custom_model_data":310},"model":"modelengine:wollymammoth/right3"},{"predicate":{"custom_model_data":311},"model":"modelengine:wollymammoth/trunk_lower2"},{"predicate":{"custom_model_data":312},"model":"modelengine:tiger/leg4"},{"predicate":{"custom_model_data":313},"model":"modelengine:tiger/body"},{"predicate":{"custom_model_data":314},"model":"modelengine:tiger/leg3"},{"predicate":{"custom_model_data":315},"model":"modelengine:tiger/leg1"},{"predicate":{"custom_model_data":316},"model":"modelengine:tiger/head"},{"predicate":{"custom_model_data":317},"model":"modelengine:tiger/leg2"},{"predicate":{"custom_model_data":318},"model":"modelengine:tiger/bone"},{"predicate":{"custom_model_data":319},"model":"modelengine:tiger/head2"},{"predicate":{"custom_model_data":320},"model":"modelengine:tiger/head3"},{"predicate":{"custom_model_data":321},"model":"modelengine:tiger/bone2"},{"predicate":{"custom_model_data":322},"model":"modelengine:smilodon/leg4"},{"predicate":{"custom_model_data":323},"model":"modelengine:smilodon/body"},{"predicate":{"custom_model_data":324},"model":"modelengine:smilodon/leg3"},{"predicate":{"custom_model_data":325},"model":"modelengine:smilodon/leg1"},{"predicate":{"custom_model_data":326},"model":"modelengine:smilodon/head"},{"predicate":{"custom_model_data":327},"model":"modelengine:smilodon/leg2"},{"predicate":{"custom_model_data":328},"model":"modelengine:smilodon/head2"},{"predicate":{"custom_model_data":329},"model":"modelengine:smilodon/bone2"},{"predicate":{"custom_model_data":330},"model":"modelengine:mob_goblin_archer/right_leg"},{"predicate":{"custom_model_data":331},"model":"modelengine:mob_goblin_archer/left_leg"},{"predicate":{"custom_model_data":332},"model":"modelengine:mob_goblin_archer/only_body"},{"predicate":{"custom_model_data":333},"model":"modelengine:mob_goblin_archer/left_arm"},{"predicate":{"custom_model_data":334},"model":"modelengine:mob_goblin_archer/right_arm"},{"predicate":{"custom_model_data":335},"model":"modelengine:mob_goblin_archer/head"},{"predicate":{"custom_model_data":336},"model":"modelengine:mob_goblin_archer/quiver"},{"predicate":{"custom_model_data":337},"model":"modelengine:mob_goblin_archer/bomb"},{"predicate":{"custom_model_data":338},"model":"modelengine:mob_goblin_archer/back_cape"},{"predicate":{"custom_model_data":339},"model":"modelengine:mob_goblin_archer/front_cape"},{"predicate":{"custom_model_data":340},"model":"modelengine:mob_goblin_archer/crossbow"},{"predicate":{"custom_model_data":341},"model":"modelengine:mob_goblin_archer/bomb2"},{"predicate":{"custom_model_data":342},"model":"modelengine:mob_goblin_archer/right_ear"},{"predicate":{"custom_model_data":343},"model":"modelengine:mob_goblin_archer/eye"},{"predicate":{"custom_model_data":344},"model":"modelengine:mob_goblin_archer/left_ear"},{"predicate":{"custom_model_data":345},"model":"modelengine:mob_goblin_archer/jaw"},{"predicate":{"custom_model_data":346},"model":"modelengine:mob_goblin_archer/arrow"},{"predicate":{"custom_model_data":347},"model":"modelengine:mob_goblin_shaman/right_leg"},{"predicate":{"custom_model_data":348},"model":"modelengine:mob_goblin_shaman/left_leg"},{"predicate":{"custom_model_data":349},"model":"modelengine:mob_goblin_shaman/only_body"},{"predicate":{"custom_model_data":350},"model":"modelengine:mob_goblin_shaman/left_arm"},{"predicate":{"custom_model_data":351},"model":"modelengine:mob_goblin_shaman/right_arm"},{"predicate":{"custom_model_data":352},"model":"modelengine:mob_goblin_shaman/head"},{"predicate":{"custom_model_data":353},"model":"modelengine:mob_goblin_shaman/back_cape"},{"predicate":{"custom_model_data":354},"model":"modelengine:mob_goblin_shaman/front_cape"},{"predicate":{"custom_model_data":355},"model":"modelengine:mob_goblin_shaman/staff"},{"predicate":{"custom_model_data":356},"model":"modelengine:mob_goblin_shaman/right_ear"},{"predicate":{"custom_model_data":357},"model":"modelengine:mob_goblin_shaman/eye"},{"predicate":{"custom_model_data":358},"model":"modelengine:mob_goblin_shaman/left_ear"},{"predicate":{"custom_model_data":359},"model":"modelengine:mob_goblin_shaman/jaw"},{"predicate":{"custom_model_data":360},"model":"modelengine:mob_goblin_assassin/right_leg"},{"predicate":{"custom_model_data":361},"model":"modelengine:mob_goblin_assassin/left_leg"},{"predicate":{"custom_model_data":362},"model":"modelengine:mob_goblin_assassin/only_body"},{"predicate":{"custom_model_data":363},"model":"modelengine:mob_goblin_assassin/left_arm"},{"predicate":{"custom_model_data":364},"model":"modelengine:mob_goblin_assassin/right_arm"},{"predicate":{"custom_model_data":365},"model":"modelengine:mob_goblin_assassin/head"},{"predicate":{"custom_model_data":366},"model":"modelengine:mob_goblin_assassin/back_cape"},{"predicate":{"custom_model_data":367},"model":"modelengine:mob_goblin_assassin/front_cape"},{"predicate":{"custom_model_data":368},"model":"modelengine:mob_goblin_assassin/left_dagger"},{"predicate":{"custom_model_data":369},"model":"modelengine:mob_goblin_assassin/right_dagger"},{"predicate":{"custom_model_data":370},"model":"modelengine:mob_goblin_assassin/right_ear"},{"predicate":{"custom_model_data":371},"model":"modelengine:mob_goblin_assassin/eye"},{"predicate":{"custom_model_data":372},"model":"modelengine:mob_goblin_assassin/left_ear"},{"predicate":{"custom_model_data":373},"model":"modelengine:mob_goblin_warrior/right_leg"},{"predicate":{"custom_model_data":374},"model":"modelengine:mob_goblin_warrior/left_leg"},{"predicate":{"custom_model_data":375},"model":"modelengine:mob_goblin_warrior/only_body"},{"predicate":{"custom_model_data":376},"model":"modelengine:mob_goblin_warrior/left_arm"},{"predicate":{"custom_model_data":377},"model":"modelengine:mob_goblin_warrior/right_arm"},{"predicate":{"custom_model_data":378},"model":"modelengine:mob_goblin_warrior/head"},{"predicate":{"custom_model_data":379},"model":"modelengine:mob_goblin_warrior/back_cape"},{"predicate":{"custom_model_data":380},"model":"modelengine:mob_goblin_warrior/front_cape"},{"predicate":{"custom_model_data":381},"model":"modelengine:mob_goblin_warrior/sword"},{"predicate":{"custom_model_data":382},"model":"modelengine:mob_goblin_warrior/shield"},{"predicate":{"custom_model_data":383},"model":"modelengine:mob_goblin_warrior/right_ear"},{"predicate":{"custom_model_data":384},"model":"modelengine:mob_goblin_warrior/eye"},{"predicate":{"custom_model_data":385},"model":"modelengine:mob_goblin_warrior/left_ear"},{"predicate":{"custom_model_data":386},"model":"modelengine:mob_goblin_warrior/jaw"},{"predicate":{"custom_model_data":387},"model":"modelengine:mob_skull_berserker/right_leg"},{"predicate":{"custom_model_data":388},"model":"modelengine:mob_skull_berserker/left_leg"},{"predicate":{"custom_model_data":389},"model":"modelengine:mob_skull_berserker/right_arm"},{"predicate":{"custom_model_data":390},"model":"modelengine:mob_skull_berserker/only_body"},{"predicate":{"custom_model_data":391},"model":"modelengine:mob_skull_berserker/left_arm"},{"predicate":{"custom_model_data":392},"model":"modelengine:mob_skull_berserker/shield"},{"predicate":{"custom_model_data":393},"model":"modelengine:mob_skull_berserker/head"},{"predicate":{"custom_model_data":394},"model":"modelengine:mob_skull_berserker/back_cape"},{"predicate":{"custom_model_data":395},"model":"modelengine:mob_skull_berserker/front_cape"},{"predicate":{"custom_model_data":396},"model":"modelengine:mob_skull_berserker/axe"},{"predicate":{"custom_model_data":397},"model":"modelengine:mob_skull_berserker/eye"},{"predicate":{"custom_model_data":398},"model":"modelengine:mob_skull_berserker/jaw"},{"predicate":{"custom_model_data":399},"model":"modelengine:mob_skull_hound/right_leg"},{"predicate":{"custom_model_data":400},"model":"modelengine:mob_skull_hound/left_leg"},{"predicate":{"custom_model_data":401},"model":"modelengine:mob_skull_hound/only_body"},{"predicate":{"custom_model_data":402},"model":"modelengine:mob_skull_hound/left_arm"},{"predicate":{"custom_model_data":403},"model":"modelengine:mob_skull_hound/right_arm"},{"predicate":{"custom_model_data":404},"model":"modelengine:mob_skull_hound/head"},{"predicate":{"custom_model_data":405},"model":"modelengine:mob_skull_hound/right_ear"},{"predicate":{"custom_model_data":406},"model":"modelengine:mob_skull_hound/jaw"},{"predicate":{"custom_model_data":407},"model":"modelengine:mob_skull_hound/left_ear"},{"predicate":{"custom_model_data":408},"model":"modelengine:mob_skull_hound/eye"},{"predicate":{"custom_model_data":409},"model":"modelengine:mob_skull_hound/tail1"},{"predicate":{"custom_model_data":410},"model":"modelengine:mob_skull_hound/tail2"},{"predicate":{"custom_model_data":411},"model":"modelengine:mob_skull_ranger/right_leg"},{"predicate":{"custom_model_data":412},"model":"modelengine:mob_skull_ranger/left_leg"},{"predicate":{"custom_model_data":413},"model":"modelengine:mob_skull_ranger/right_arm"},{"predicate":{"custom_model_data":414},"model":"modelengine:mob_skull_ranger/only_body"},{"predicate":{"custom_model_data":415},"model":"modelengine:mob_skull_ranger/left_arm"},{"predicate":{"custom_model_data":416},"model":"modelengine:mob_skull_ranger/arrow2"},{"predicate":{"custom_model_data":417},"model":"modelengine:mob_skull_ranger/quiver"},{"predicate":{"custom_model_data":418},"model":"modelengine:mob_skull_ranger/head"},{"predicate":{"custom_model_data":419},"model":"modelengine:mob_skull_ranger/back_cape"},{"predicate":{"custom_model_data":420},"model":"modelengine:mob_skull_ranger/front_cape"},{"predicate":{"custom_model_data":421},"model":"modelengine:mob_skull_ranger/bow"},{"predicate":{"custom_model_data":422},"model":"modelengine:mob_skull_ranger/eye"},{"predicate":{"custom_model_data":423},"model":"modelengine:mob_skull_ranger/jaw"},{"predicate":{"custom_model_data":424},"model":"modelengine:mob_skull_ranger/upper_string"},{"predicate":{"custom_model_data":425},"model":"modelengine:mob_skull_ranger/arrow"},{"predicate":{"custom_model_data":426},"model":"modelengine:mob_skull_ranger/lower_string"},{"predicate":{"custom_model_data":427},"model":"modelengine:mob_skull_mage/right_leg"},{"predicate":{"custom_model_data":428},"model":"modelengine:mob_skull_mage/left_leg"},{"predicate":{"custom_model_data":429},"model":"modelengine:mob_skull_mage/right_arm"},{"predicate":{"custom_model_data":430},"model":"modelengine:mob_skull_mage/only_body"},{"predicate":{"custom_model_data":431},"model":"modelengine:mob_skull_mage/left_arm"},{"predicate":{"custom_model_data":432},"model":"modelengine:mob_skull_mage/head"},{"predicate":{"custom_model_data":433},"model":"modelengine:mob_skull_mage/back_cape"},{"predicate":{"custom_model_data":434},"model":"modelengine:mob_skull_mage/front_cape"},{"predicate":{"custom_model_data":435},"model":"modelengine:mob_skull_mage/staff"},{"predicate":{"custom_model_data":436},"model":"modelengine:mob_skull_mage/eye"},{"predicate":{"custom_model_data":437},"model":"modelengine:mob_skull_mage/jaw"},{"predicate":{"custom_model_data":438},"model":"modelengine:mob_skull_mage/bone2/1"},{"predicate":{"custom_model_data":439},"model":"modelengine:mob_skull_mage/bone2"},{"predicate":{"custom_model_data":440},"model":"modelengine:mob_skull_mage/bone"},{"predicate":{"custom_model_data":441},"model":"modelengine:vfx_goblin_bomb/bone"},{"predicate":{"custom_model_data":442},"model":"modelengine:vfx_goblin_bomb_flash/bone"},{"predicate":{"custom_model_data":443},"model":"modelengine:vfx_mob_arrow/trail"},{"predicate":{"custom_model_data":444},"model":"modelengine:vfx_mob_arrow/body"},{"predicate":{"custom_model_data":445},"model":"modelengine:vfx_mob_fireball/fx1"},{"predicate":{"custom_model_data":446},"model":"modelengine:vfx_mob_fireball/fx4"},{"predicate":{"custom_model_data":447},"model":"modelengine:vfx_mob_fireball/fx3"},{"predicate":{"custom_model_data":448},"model":"modelengine:vfx_mob_fireball/front"},{"predicate":{"custom_model_data":449},"model":"modelengine:vfx_mob_fireball/fx2"},{"predicate":{"custom_model_data":450},"model":"modelengine:vfx_skull_arrow/trail"},{"predicate":{"custom_model_data":451},"model":"modelengine:vfx_skull_arrow/body"},{"predicate":{"custom_model_data":452},"model":"modelengine:dragon_red/right_front"},{"predicate":{"custom_model_data":453},"model":"modelengine:dragon_red/left_front"},{"predicate":{"custom_model_data":454},"model":"modelengine:dragon_red/torso"},{"predicate":{"custom_model_data":455},"model":"modelengine:dragon_red/lower_body"},{"predicate":{"custom_model_data":456},"model":"modelengine:dragon_red/right_front2"},{"predicate":{"custom_model_data":457},"model":"modelengine:dragon_red/left_front2"},{"predicate":{"custom_model_data":458},"model":"modelengine:dragon_red/left_wing"},{"predicate":{"custom_model_data":459},"model":"modelengine:dragon_red/saddle"},{"predicate":{"custom_model_data":460},"model":"modelengine:dragon_red/right_wing"},{"predicate":{"custom_model_data":461},"model":"modelengine:dragon_red/neck"},{"predicate":{"custom_model_data":462},"model":"modelengine:dragon_red/right_back"},{"predicate":{"custom_model_data":463},"model":"modelengine:dragon_red/left_back"},{"predicate":{"custom_model_data":464},"model":"modelengine:dragon_red/tail_1"},{"predicate":{"custom_model_data":465},"model":"modelengine:dragon_red/right_front3"},{"predicate":{"custom_model_data":466},"model":"modelengine:dragon_red/left_front3"},{"predicate":{"custom_model_data":467},"model":"modelengine:dragon_red/left_wing2"},{"predicate":{"custom_model_data":468},"model":"modelengine:dragon_red/right_wing2"},{"predicate":{"custom_model_data":469},"model":"modelengine:dragon_red/head/3"},{"predicate":{"custom_model_data":470},"model":"modelengine:dragon_red/head/5"},{"predicate":{"custom_model_data":471},"model":"modelengine:dragon_red/head"},{"predicate":{"custom_model_data":472},"model":"modelengine:dragon_red/head/2"},{"predicate":{"custom_model_data":473},"model":"modelengine:dragon_red/head/4"},{"predicate":{"custom_model_data":474},"model":"modelengine:dragon_red/head/1"},{"predicate":{"custom_model_data":475},"model":"modelengine:dragon_red/right_back2"},{"predicate":{"custom_model_data":476},"model":"modelengine:dragon_red/left_back2"},{"predicate":{"custom_model_data":477},"model":"modelengine:dragon_red/tail_2"},{"predicate":{"custom_model_data":478},"model":"modelengine:dragon_red/armor"},{"predicate":{"custom_model_data":479},"model":"modelengine:dragon_red/jaw"},{"predicate":{"custom_model_data":480},"model":"modelengine:dragon_red/right_back3"},{"predicate":{"custom_model_data":481},"model":"modelengine:dragon_red/left_back3"},{"predicate":{"custom_model_data":482},"model":"modelengine:dragon_red/tail_3"},{"predicate":{"custom_model_data":483},"model":"modelengine:dragon_purple/right_front"},{"predicate":{"custom_model_data":484},"model":"modelengine:dragon_purple/left_front"},{"predicate":{"custom_model_data":485},"model":"modelengine:dragon_purple/torso"},{"predicate":{"custom_model_data":486},"model":"modelengine:dragon_purple/lower_body"},{"predicate":{"custom_model_data":487},"model":"modelengine:dragon_purple/right_front2"},{"predicate":{"custom_model_data":488},"model":"modelengine:dragon_purple/left_front2"},{"predicate":{"custom_model_data":489},"model":"modelengine:dragon_purple/left_wing"},{"predicate":{"custom_model_data":490},"model":"modelengine:dragon_purple/saddle"},{"predicate":{"custom_model_data":491},"model":"modelengine:dragon_purple/right_wing"},{"predicate":{"custom_model_data":492},"model":"modelengine:dragon_purple/neck"},{"predicate":{"custom_model_data":493},"model":"modelengine:dragon_purple/right_back"},{"predicate":{"custom_model_data":494},"model":"modelengine:dragon_purple/left_back"},{"predicate":{"custom_model_data":495},"model":"modelengine:dragon_purple/tail_1"},{"predicate":{"custom_model_data":496},"model":"modelengine:dragon_purple/right_front3"},{"predicate":{"custom_model_data":497},"model":"modelengine:dragon_purple/left_front3"},{"predicate":{"custom_model_data":498},"model":"modelengine:dragon_purple/left_wing2"},{"predicate":{"custom_model_data":499},"model":"modelengine:dragon_purple/right_wing2"},{"predicate":{"custom_model_data":500},"model":"modelengine:dragon_purple/head"},{"predicate":{"custom_model_data":501},"model":"modelengine:dragon_purple/head/5"},{"predicate":{"custom_model_data":502},"model":"modelengine:dragon_purple/head/4"},{"predicate":{"custom_model_data":503},"model":"modelengine:dragon_purple/head/3"},{"predicate":{"custom_model_data":504},"model":"modelengine:dragon_purple/head/2"},{"predicate":{"custom_model_data":505},"model":"modelengine:dragon_purple/head/1"},{"predicate":{"custom_model_data":506},"model":"modelengine:dragon_purple/right_back2"},{"predicate":{"custom_model_data":507},"model":"modelengine:dragon_purple/left_back2"},{"predicate":{"custom_model_data":508},"model":"modelengine:dragon_purple/tail_2"},{"predicate":{"custom_model_data":509},"model":"modelengine:dragon_purple/armor"},{"predicate":{"custom_model_data":510},"model":"modelengine:dragon_purple/jaw"},{"predicate":{"custom_model_data":511},"model":"modelengine:dragon_purple/right_back3"},{"predicate":{"custom_model_data":512},"model":"modelengine:dragon_purple/left_back3"},{"predicate":{"custom_model_data":513},"model":"modelengine:dragon_purple/tail_3"},{"predicate":{"custom_model_data":514},"model":"modelengine:dragon_blue/right_front"},{"predicate":{"custom_model_data":515},"model":"modelengine:dragon_blue/left_front"},{"predicate":{"custom_model_data":516},"model":"modelengine:dragon_blue/torso"},{"predicate":{"custom_model_data":517},"model":"modelengine:dragon_blue/lower_body"},{"predicate":{"custom_model_data":518},"model":"modelengine:dragon_blue/right_front2"},{"predicate":{"custom_model_data":519},"model":"modelengine:dragon_blue/left_front2"},{"predicate":{"custom_model_data":520},"model":"modelengine:dragon_blue/left_wing"},{"predicate":{"custom_model_data":521},"model":"modelengine:dragon_blue/saddle"},{"predicate":{"custom_model_data":522},"model":"modelengine:dragon_blue/right_wing"},{"predicate":{"custom_model_data":523},"model":"modelengine:dragon_blue/neck"},{"predicate":{"custom_model_data":524},"model":"modelengine:dragon_blue/right_back"},{"predicate":{"custom_model_data":525},"model":"modelengine:dragon_blue/left_back"},{"predicate":{"custom_model_data":526},"model":"modelengine:dragon_blue/tail_1"},{"predicate":{"custom_model_data":527},"model":"modelengine:dragon_blue/right_front3"},{"predicate":{"custom_model_data":528},"model":"modelengine:dragon_blue/left_front3"},{"predicate":{"custom_model_data":529},"model":"modelengine:dragon_blue/left_wing2"},{"predicate":{"custom_model_data":530},"model":"modelengine:dragon_blue/right_wing2"},{"predicate":{"custom_model_data":531},"model":"modelengine:dragon_blue/head/3"},{"predicate":{"custom_model_data":532},"model":"modelengine:dragon_blue/head/1"},{"predicate":{"custom_model_data":533},"model":"modelengine:dragon_blue/head/5"},{"predicate":{"custom_model_data":534},"model":"modelengine:dragon_blue/head/2"},{"predicate":{"custom_model_data":535},"model":"modelengine:dragon_blue/head/4"},{"predicate":{"custom_model_data":536},"model":"modelengine:dragon_blue/head"},{"predicate":{"custom_model_data":537},"model":"modelengine:dragon_blue/right_back2"},{"predicate":{"custom_model_data":538},"model":"modelengine:dragon_blue/left_back2"},{"predicate":{"custom_model_data":539},"model":"modelengine:dragon_blue/tail_2"},{"predicate":{"custom_model_data":540},"model":"modelengine:dragon_blue/armor"},{"predicate":{"custom_model_data":541},"model":"modelengine:dragon_blue/jaw"},{"predicate":{"custom_model_data":542},"model":"modelengine:dragon_blue/right_back3"},{"predicate":{"custom_model_data":543},"model":"modelengine:dragon_blue/left_back3"},{"predicate":{"custom_model_data":544},"model":"modelengine:dragon_blue/tail_3"},{"predicate":{"custom_model_data":545},"model":"modelengine:dragon_yellow/right_front"},{"predicate":{"custom_model_data":546},"model":"modelengine:dragon_yellow/left_front"},{"predicate":{"custom_model_data":547},"model":"modelengine:dragon_yellow/torso"},{"predicate":{"custom_model_data":548},"model":"modelengine:dragon_yellow/lower_body"},{"predicate":{"custom_model_data":549},"model":"modelengine:dragon_yellow/right_front2"},{"predicate":{"custom_model_data":550},"model":"modelengine:dragon_yellow/left_front2"},{"predicate":{"custom_model_data":551},"model":"modelengine:dragon_yellow/left_wing"},{"predicate":{"custom_model_data":552},"model":"modelengine:dragon_yellow/saddle"},{"predicate":{"custom_model_data":553},"model":"modelengine:dragon_yellow/right_wing"},{"predicate":{"custom_model_data":554},"model":"modelengine:dragon_yellow/neck"},{"predicate":{"custom_model_data":555},"model":"modelengine:dragon_yellow/right_back"},{"predicate":{"custom_model_data":556},"model":"modelengine:dragon_yellow/left_back"},{"predicate":{"custom_model_data":557},"model":"modelengine:dragon_yellow/tail_1"},{"predicate":{"custom_model_data":558},"model":"modelengine:dragon_yellow/right_front3"},{"predicate":{"custom_model_data":559},"model":"modelengine:dragon_yellow/left_front3"},{"predicate":{"custom_model_data":560},"model":"modelengine:dragon_yellow/left_wing2"},{"predicate":{"custom_model_data":561},"model":"modelengine:dragon_yellow/right_wing2"},{"predicate":{"custom_model_data":562},"model":"modelengine:dragon_yellow/head/2"},{"predicate":{"custom_model_data":563},"model":"modelengine:dragon_yellow/head/4"},{"predicate":{"custom_model_data":564},"model":"modelengine:dragon_yellow/head/5"},{"predicate":{"custom_model_data":565},"model":"modelengine:dragon_yellow/head/3"},{"predicate":{"custom_model_data":566},"model":"modelengine:dragon_yellow/head/1"},{"predicate":{"custom_model_data":567},"model":"modelengine:dragon_yellow/head"},{"predicate":{"custom_model_data":568},"model":"modelengine:dragon_yellow/right_back2"},{"predicate":{"custom_model_data":569},"model":"modelengine:dragon_yellow/left_back2"},{"predicate":{"custom_model_data":570},"model":"modelengine:dragon_yellow/tail_2"},{"predicate":{"custom_model_data":571},"model":"modelengine:dragon_yellow/armor"},{"predicate":{"custom_model_data":572},"model":"modelengine:dragon_yellow/jaw"},{"predicate":{"custom_model_data":573},"model":"modelengine:dragon_yellow/right_back3"},{"predicate":{"custom_model_data":574},"model":"modelengine:dragon_yellow/left_back3"},{"predicate":{"custom_model_data":575},"model":"modelengine:dragon_yellow/tail_3"},{"predicate":{"custom_model_data":576},"model":"modelengine:dragon_green/right_front"},{"predicate":{"custom_model_data":577},"model":"modelengine:dragon_green/left_front"},{"predicate":{"custom_model_data":578},"model":"modelengine:dragon_green/torso"},{"predicate":{"custom_model_data":579},"model":"modelengine:dragon_green/lower_body"},{"predicate":{"custom_model_data":580},"model":"modelengine:dragon_green/right_front2"},{"predicate":{"custom_model_data":581},"model":"modelengine:dragon_green/left_front2"},{"predicate":{"custom_model_data":582},"model":"modelengine:dragon_green/left_wing"},{"predicate":{"custom_model_data":583},"model":"modelengine:dragon_green/saddle"},{"predicate":{"custom_model_data":584},"model":"modelengine:dragon_green/right_wing"},{"predicate":{"custom_model_data":585},"model":"modelengine:dragon_green/neck"},{"predicate":{"custom_model_data":586},"model":"modelengine:dragon_green/right_back"},{"predicate":{"custom_model_data":587},"model":"modelengine:dragon_green/left_back"},{"predicate":{"custom_model_data":588},"model":"modelengine:dragon_green/tail_1"},{"predicate":{"custom_model_data":589},"model":"modelengine:dragon_green/right_front3"},{"predicate":{"custom_model_data":590},"model":"modelengine:dragon_green/left_front3"},{"predicate":{"custom_model_data":591},"model":"modelengine:dragon_green/left_wing2"},{"predicate":{"custom_model_data":592},"model":"modelengine:dragon_green/right_wing2"},{"predicate":{"custom_model_data":593},"model":"modelengine:dragon_green/head/2"},{"predicate":{"custom_model_data":594},"model":"modelengine:dragon_green/head/4"},{"predicate":{"custom_model_data":595},"model":"modelengine:dragon_green/head/5"},{"predicate":{"custom_model_data":596},"model":"modelengine:dragon_green/head/3"},{"predicate":{"custom_model_data":597},"model":"modelengine:dragon_green/head/1"},{"predicate":{"custom_model_data":598},"model":"modelengine:dragon_green/head"},{"predicate":{"custom_model_data":599},"model":"modelengine:dragon_green/right_back2"},{"predicate":{"custom_model_data":600},"model":"modelengine:dragon_green/left_back2"},{"predicate":{"custom_model_data":601},"model":"modelengine:dragon_green/tail_2"},{"predicate":{"custom_model_data":602},"model":"modelengine:dragon_green/armor"},{"predicate":{"custom_model_data":603},"model":"modelengine:dragon_green/jaw"},{"predicate":{"custom_model_data":604},"model":"modelengine:dragon_green/right_back3"},{"predicate":{"custom_model_data":605},"model":"modelengine:dragon_green/left_back3"},{"predicate":{"custom_model_data":606},"model":"modelengine:dragon_green/tail_3"}],"parent":"minecraft:item/generated","textures":{"layer0":"minecraft:item/leather_horse_armor"}}