{"textures":{"0":"modelengine:entity/greatwhite"},"elements":[{"from":[7.5,2.27526,6.2071095],"to":[8.5,11.27526,11.207109],"faces":{"east":{"uv":[14.0,0.8333334,14.833334,2.3333335],"tintindex":-2,"rotation":0,"texture":"#0"},"south":{"uv":[15.833334,0.8333334,16.0,2.3333335],"tintindex":-2,"rotation":0,"texture":"#0"},"north":{"uv":[14.833334,0.8333334,15.0,2.3333335],"tintindex":-2,"rotation":0,"texture":"#0"},"west":{"uv":[15.0,0.8333334,15.833334,2.3333335],"tintindex":-2,"rotation":0,"texture":"#0"},"up":{"uv":[15.0,0.8333334,14.833334,0.0],"tintindex":-2,"rotation":0,"texture":"#0"},"down":{"uv":[15.166667,0.0,15.0,0.8333334],"tintindex":-2,"rotation":0,"texture":"#0"}}}],"display":{"gui":{"rotation":[30,225,0]}}}