{"textures":{"0":"modelengine:entity/mammoth"},"elements":[{"from":[13.861303,2.4226503,5.1399994],"to":[19.581303,19.582651,10.86],"faces":{"east":{"uv":[12.5,7.125,13.1875,11.25],"tintindex":-2,"rotation":0,"texture":"#0"},"south":{"uv":[14.5625,7.125,15.25,11.25],"tintindex":-2,"rotation":0,"texture":"#0"},"north":{"uv":[13.1875,7.125,13.875,11.25],"tintindex":-2,"rotation":0,"texture":"#0"},"west":{"uv":[13.875,7.125,14.5625,11.25],"tintindex":-2,"rotation":0,"texture":"#0"},"up":{"uv":[13.875,7.125,13.1875,5.75],"tintindex":-2,"rotation":0,"texture":"#0"},"down":{"uv":[14.5625,5.75,13.875,7.125],"tintindex":-2,"rotation":0,"texture":"#0"}}}],"display":{"gui":{"rotation":[30,225,0]}}}