{"textures":{"0":"modelengine:entity/mammoth"},"elements":[{"from":[13.124026,1.2270603,5.14],"to":[18.844025,19.427061,10.86],"faces":{"east":{"uv":[12.5,1.375,13.1875,5.75],"tintindex":-2,"rotation":0,"texture":"#0"},"south":{"uv":[14.5625,1.375,15.25,5.75],"tintindex":-2,"rotation":0,"texture":"#0"},"north":{"uv":[13.1875,1.375,13.875,5.75],"tintindex":-2,"rotation":0,"texture":"#0"},"west":{"uv":[13.875,1.375,14.5625,5.75],"tintindex":-2,"rotation":0,"texture":"#0"},"up":{"uv":[13.875,1.375,13.1875,0.0],"tintindex":-2,"rotation":0,"texture":"#0"},"down":{"uv":[14.5625,0.0,13.875,1.375],"tintindex":-2,"rotation":0,"texture":"#0"}}}],"display":{"gui":{"rotation":[30,225,0]}}}