{"textures":{"0":"modelengine:entity/mammoth"},"elements":[{"from":[5.3947997,1.4404624,5.9569664],"to":[10.6052,9.770863,10.167368],"faces":{"east":{"uv":[7.5,6.625,8.125,7.875],"tintindex":-2,"rotation":0,"texture":"#0"},"south":{"uv":[9.375,6.625,10.0,7.875],"tintindex":-2,"rotation":0,"texture":"#0"},"north":{"uv":[8.125,6.625,8.75,7.875],"tintindex":-2,"rotation":0,"texture":"#0"},"west":{"uv":[8.75,6.625,9.375,7.875],"tintindex":-2,"rotation":0,"texture":"#0"},"up":{"uv":[8.75,6.625,8.125,5.375],"tintindex":-2,"rotation":0,"texture":"#0"},"down":{"uv":[9.375,5.375,8.75,6.625],"tintindex":-2,"rotation":0,"texture":"#0"}}}],"display":{"gui":{"rotation":[30,225,0]}}}