{"textures":{"0":"modelengine:entity/mammoth"},"elements":[{"from":[5.92,-4.677348,8.215698],"to":[10.08,-2.0773487,11.375699],"faces":{"east":{"uv":[10.0,6.625,10.625,8.625],"tintindex":-2,"rotation":0,"texture":"#0"},"south":{"uv":[11.875,6.625,12.5,8.625],"tintindex":-2,"rotation":0,"texture":"#0"},"north":{"uv":[10.625,6.625,11.25,8.625],"tintindex":-2,"rotation":0,"texture":"#0"},"west":{"uv":[11.25,6.625,11.875,8.625],"tintindex":-2,"rotation":0,"texture":"#0"},"up":{"uv":[11.25,6.625,10.625,5.375],"tintindex":-2,"rotation":0,"texture":"#0"},"down":{"uv":[11.875,5.375,11.25,6.625],"tintindex":-2,"rotation":0,"texture":"#0"}}},{"from":[5.92,-2.0773487,8.215698],"to":[10.08,7.282652,11.375699],"faces":{"east":{"uv":[10.0,6.625,10.625,8.625],"tintindex":-2,"rotation":0,"texture":"#0"},"south":{"uv":[11.875,6.625,12.5,8.625],"tintindex":-2,"rotation":0,"texture":"#0"},"north":{"uv":[10.625,6.625,11.25,8.625],"tintindex":-2,"rotation":0,"texture":"#0"},"west":{"uv":[11.25,6.625,11.875,8.625],"tintindex":-2,"rotation":0,"texture":"#0"},"up":{"uv":[11.25,6.625,10.625,5.375],"tintindex":-2,"rotation":0,"texture":"#0"},"down":{"uv":[11.875,5.375,11.25,6.625],"tintindex":-2,"rotation":0,"texture":"#0"}}}],"display":{"gui":{"rotation":[30,225,0]}}}