{"textures":{"0":"modelengine:entity/lion","particle":"#0"},"elements":[{"from":[3.3000002,16.4,4.6400003],"to":[10.46,21.44,10.68],"faces":{"east":{"uv":[0.0,5.8,1.8000001,7.6],"tintindex":0,"rotation":0,"texture":"#0"},"south":{"uv":[5.8,5.8,8.0,7.6],"tintindex":0,"rotation":0,"texture":"#0"},"north":{"uv":[1.8000001,5.8,4.0,7.6],"tintindex":0,"rotation":0,"texture":"#0"},"west":{"uv":[4.0,5.8,5.8,7.6],"tintindex":0,"rotation":0,"texture":"#0"},"up":{"uv":[4.0,5.8,1.8000001,4.0],"tintindex":0,"rotation":0,"texture":"#0"},"down":{"uv":[6.2000003,4.0,4.0,5.8],"tintindex":0,"rotation":0,"texture":"#0"}}},{"from":[3.58,9.120001,4.6400003],"to":[10.18,16.4,10.120001],"faces":{"east":{"uv":[6.4,7.6,8.0,10.2],"tintindex":0,"rotation":0,"texture":"#0"},"south":{"uv":[11.6,7.6,13.6,10.2],"tintindex":0,"rotation":0,"texture":"#0"},"north":{"uv":[8.0,7.6,10.0,10.2],"tintindex":0,"rotation":0,"texture":"#0"},"west":{"uv":[10.0,7.6,11.6,10.2],"tintindex":0,"rotation":0,"texture":"#0"},"up":{"uv":[10.0,7.6,8.0,6.0],"tintindex":0,"rotation":0,"texture":"#0"},"down":{"uv":[12.0,6.0,10.0,7.6],"tintindex":0,"rotation":0,"texture":"#0"}}}],"display":{"head":{"rotation":[0.0,0.0,0.0]},"firstperson_righthand":{"rotation":[0.0,0.0,0.0]},"thirdperson_lefthand":{"rotation":[0.0,-0.0,-0.0]},"firstperson_lefthand":{"rotation":[0.0,-0.0,-0.0]},"fixed":{"rotation":[0.0,0.0,0.0]},"ground":{"rotation":[0.0,0.0,0.0]},"thirdperson_righthand":{"rotation":[0.0,0.0,0.0]},"gui":{"rotation":[-150.0,-45.0,180.0]}}}