{"textures":{"0":"modelengine:entity/lion","particle":"#0"},"elements":[{"from":[6.992,16.169792,2.450717],"to":[9.007999,27.265793,4.4667172],"faces":{"east":{"uv":[3.2,8.0,3.6000001,10.2],"tintindex":0,"rotation":0,"texture":"#0"},"south":{"uv":[4.4,8.0,4.8,10.2],"tintindex":0,"rotation":0,"texture":"#0"},"north":{"uv":[3.6000001,8.0,4.0,10.2],"tintindex":0,"rotation":0,"texture":"#0"},"west":{"uv":[4.0,8.0,4.4,10.2],"tintindex":0,"rotation":0,"texture":"#0"},"up":{"uv":[4.0,8.0,3.6000001,7.6],"tintindex":0,"rotation":0,"texture":"#0"},"down":{"uv":[4.4,7.6,4.0,8.0],"tintindex":0,"rotation":0,"texture":"#0"}},"rotation":{"origin":[8.0,24.28,-6.4399996],"angle":45.0,"axis":"x"}}],"display":{"head":{"rotation":[0.0,0.0,0.0]},"firstperson_righthand":{"rotation":[0.0,0.0,0.0]},"thirdperson_lefthand":{"rotation":[0.0,-0.0,-0.0]},"firstperson_lefthand":{"rotation":[0.0,-0.0,-0.0]},"fixed":{"rotation":[0.0,0.0,0.0]},"ground":{"rotation":[0.0,0.0,0.0]},"thirdperson_righthand":{"rotation":[0.0,0.0,0.0]},"gui":{"rotation":[-150.0,-45.0,180.0]}}}