{"textures":{"0":"modelengine:entity/lion","particle":"#0"},"elements":[{"from":[6.88,15.812372,-5.525652],"to":[9.12,21.132374,-3.2856512],"faces":{"east":{"uv":[4.8,8.0,5.2000003,10.2],"tintindex":0,"rotation":0,"texture":"#0"},"south":{"uv":[6.0,8.0,6.4,10.2],"tintindex":0,"rotation":0,"texture":"#0"},"north":{"uv":[5.2000003,8.0,5.6,10.2],"tintindex":0,"rotation":0,"texture":"#0"},"west":{"uv":[5.6,8.0,6.0,10.2],"tintindex":0,"rotation":0,"texture":"#0"},"up":{"uv":[5.6,8.0,5.2000003,7.6],"tintindex":0,"rotation":0,"texture":"#0"},"down":{"uv":[6.0,7.6,5.6,8.0],"tintindex":0,"rotation":0,"texture":"#0"}}}],"display":{"head":{"rotation":[0.0,0.0,0.0]},"firstperson_righthand":{"rotation":[0.0,0.0,0.0]},"thirdperson_lefthand":{"rotation":[0.0,-0.0,-0.0]},"firstperson_lefthand":{"rotation":[0.0,-0.0,-0.0]},"fixed":{"rotation":[0.0,0.0,0.0]},"ground":{"rotation":[0.0,0.0,0.0]},"thirdperson_righthand":{"rotation":[0.0,0.0,0.0]},"gui":{"rotation":[-150.0,-45.0,180.0]}}}