{"textures":{"0":"modelengine:entity/lion","particle":"#0"},"elements":[{"from":[4.1400003,-7.58,16.980001],"to":[11.64,-1.5799999,23.980001],"faces":{"east":{"uv":[0.0,1.8000001,1.8000001,4.0],"tintindex":0,"rotation":0,"texture":"#0"},"south":{"uv":[6.0,1.8000001,8.400001,4.0],"tintindex":0,"rotation":0,"texture":"#0"},"north":{"uv":[1.8000001,1.8000001,4.2000003,4.0],"tintindex":0,"rotation":0,"texture":"#0"},"west":{"uv":[4.2000003,1.8000001,6.0,4.0],"tintindex":0,"rotation":0,"texture":"#0"},"up":{"uv":[4.2000003,1.8000001,1.8000001,0.0],"tintindex":0,"rotation":0,"texture":"#0"},"down":{"uv":[6.6,0.0,4.2000003,1.8000001],"tintindex":0,"rotation":0,"texture":"#0"}}}],"display":{"head":{"rotation":[0.0,0.0,0.0]},"firstperson_righthand":{"rotation":[0.0,0.0,0.0]},"thirdperson_lefthand":{"rotation":[0.0,-0.0,-0.0]},"firstperson_lefthand":{"rotation":[0.0,-0.0,-0.0]},"fixed":{"rotation":[0.0,0.0,0.0]},"ground":{"rotation":[0.0,0.0,0.0]},"thirdperson_righthand":{"rotation":[0.0,0.0,0.0]},"gui":{"rotation":[-150.0,-45.0,180.0]}}}