{"textures":{"0":"modelengine:entity/lion","particle":"#0"},"elements":[{"from":[5.2833333,7.718091,5.962364],"to":[10.483334,10.218091,9.762363],"faces":{"east":{"uv":[9.400001,11.0,8.400001,10.6],"tintindex":0,"rotation":0,"texture":"#0"},"north":{"uv":[10.2,11.0,9.2,10.6],"tintindex":0,"rotation":0,"texture":"#0"},"west":{"uv":[11.0,11.0,10.0,10.6],"tintindex":0,"rotation":0,"texture":"#0"},"down":{"uv":[8.0,11.6,7.2000003,10.6],"tintindex":0,"rotation":0,"texture":"#0"}}},{"from":[4.833333,5.313819,5.8752747],"to":[10.833333,8.313819,9.875275],"faces":{"east":{"uv":[8.400001,2.2,9.0,2.8],"tintindex":0,"rotation":0,"texture":"#0"},"south":{"uv":[10.6,2.0,11.6,2.8],"tintindex":0,"rotation":0,"texture":"#0"},"north":{"uv":[9.0,2.2,10.2,2.8],"tintindex":0,"rotation":0,"texture":"#0"},"west":{"uv":[10.2,2.2,10.8,2.8],"tintindex":0,"rotation":0,"texture":"#0"},"up":{"uv":[7.2000003,11.6,6.4,10.6],"tintindex":0,"rotation":0,"texture":"#0"},"down":{"uv":[11.0,1.4,10.0,2.0],"tintindex":0,"rotation":0,"texture":"#0"}}},{"from":[6.2833333,7.718091,6.7623634],"to":[10.283333,8.718091,9.762363],"faces":{"east":{"uv":[8.0,11.6,7.2000003,10.6],"tintindex":0,"rotation":0,"texture":"#0"},"south":{"uv":[8.0,11.6,7.2000003,10.6],"tintindex":0,"rotation":0,"texture":"#0"},"north":{"uv":[8.0,11.6,7.2000003,10.6],"tintindex":0,"rotation":0,"texture":"#0"},"west":{"uv":[8.0,11.6,7.2000003,10.6],"tintindex":0,"rotation":0,"texture":"#0"},"up":{"uv":[8.0,11.6,7.2000003,10.6],"tintindex":0,"rotation":0,"texture":"#0"},"down":{"uv":[8.0,11.6,7.2000003,10.6],"tintindex":0,"rotation":0,"texture":"#0"}}}],"display":{"head":{"rotation":[0.0,0.0,0.0]},"firstperson_righthand":{"rotation":[0.0,0.0,0.0]},"thirdperson_lefthand":{"rotation":[0.0,-0.0,-0.0]},"firstperson_lefthand":{"rotation":[0.0,-0.0,-0.0]},"fixed":{"rotation":[0.0,0.0,0.0]},"ground":{"rotation":[0.0,0.0,0.0]},"thirdperson_righthand":{"rotation":[0.0,0.0,0.0]},"gui":{"rotation":[-150.0,-45.0,180.0]}}}