{"textures":{"0":"modelengine:entity/lion","particle":"#0"},"elements":[{"from":[11.23568,14.471359,6.0],"to":[13.824224,17.059904,7.2942724],"faces":{"east":{"uv":[0.0,0.2,0.2,0.6],"tintindex":0,"rotation":0,"texture":"#0"},"south":{"uv":[0.8,0.2,1.2,0.6],"tintindex":0,"rotation":0,"texture":"#0"},"north":{"uv":[0.2,0.2,0.6,0.6],"tintindex":0,"rotation":0,"texture":"#0"},"west":{"uv":[0.6,0.2,0.8,0.6],"tintindex":0,"rotation":0,"texture":"#0"},"up":{"uv":[0.6,0.2,0.2,0.0],"tintindex":0,"rotation":0,"texture":"#0"},"down":{"uv":[1.0,0.0,0.6,0.2],"tintindex":0,"rotation":0,"texture":"#0"}}},{"from":[2.175776,14.471359,6.0],"to":[4.76432,17.059904,7.2942724],"faces":{"east":{"uv":[0.0,0.8,0.2,1.2],"tintindex":0,"rotation":0,"texture":"#0"},"south":{"uv":[0.8,0.8,1.2,1.2],"tintindex":0,"rotation":0,"texture":"#0"},"north":{"uv":[0.2,0.8,0.6,1.2],"tintindex":0,"rotation":0,"texture":"#0"},"west":{"uv":[0.6,0.8,0.8,1.2],"tintindex":0,"rotation":0,"texture":"#0"},"up":{"uv":[0.6,0.8,0.2,0.6],"tintindex":0,"rotation":0,"texture":"#0"},"down":{"uv":[1.0,0.6,0.6,0.8],"tintindex":0,"rotation":0,"texture":"#0"}}},{"from":[2.0,6.3199997,3.92],"to":[13.0,15.32,11.92],"faces":{"east":{"uv":[7.2000003,4.0,8.400001,5.4],"tintindex":0,"rotation":0,"texture":"#0"},"south":{"uv":[11.0,4.0,12.400001,5.4],"tintindex":0,"rotation":0,"texture":"#0"},"north":{"uv":[8.2,4.0,10.0,5.4],"tintindex":0,"rotation":0,"texture":"#0"},"west":{"uv":[9.8,4.0,11.0,5.4],"tintindex":0,"rotation":0,"texture":"#0"},"up":{"uv":[9.8,4.0,8.400001,2.8],"tintindex":0,"rotation":0,"texture":"#0"},"down":{"uv":[11.2,2.8,9.8,4.0],"tintindex":0,"rotation":0,"texture":"#0"}}}],"display":{"head":{"rotation":[0.0,0.0,0.0]},"firstperson_righthand":{"rotation":[0.0,0.0,0.0]},"thirdperson_lefthand":{"rotation":[0.0,-0.0,-0.0]},"firstperson_lefthand":{"rotation":[0.0,-0.0,-0.0]},"fixed":{"rotation":[0.0,0.0,0.0]},"ground":{"rotation":[0.0,0.0,0.0]},"thirdperson_righthand":{"rotation":[0.0,0.0,0.0]},"gui":{"rotation":[-150.0,-45.0,180.0]}}}