{"textures":{"0":"modelengine:entity/lion","particle":"#0"},"elements":[{"from":[5.88,-3.1999998,5.76],"to":[10.360001,8.0,10.24],"faces":{"east":{"uv":[0.0,8.400001,0.8,10.400001],"tintindex":0,"rotation":0,"texture":"#0"},"south":{"uv":[2.4,8.400001,3.2,10.400001],"tintindex":0,"rotation":0,"texture":"#0"},"north":{"uv":[0.8,8.400001,1.6,10.400001],"tintindex":0,"rotation":0,"texture":"#0"},"west":{"uv":[1.6,8.400001,2.4,10.400001],"tintindex":0,"rotation":0,"texture":"#0"},"up":{"uv":[1.6,8.400001,0.8,7.6],"tintindex":0,"rotation":0,"texture":"#0"},"down":{"uv":[2.4,7.6,1.6,8.400001],"tintindex":0,"rotation":0,"texture":"#0"}}}],"display":{"head":{"rotation":[0.0,0.0,0.0]},"firstperson_righthand":{"rotation":[0.0,0.0,0.0]},"thirdperson_lefthand":{"rotation":[0.0,-0.0,-0.0]},"firstperson_lefthand":{"rotation":[0.0,-0.0,-0.0]},"fixed":{"rotation":[0.0,0.0,0.0]},"ground":{"rotation":[0.0,0.0,0.0]},"thirdperson_righthand":{"rotation":[0.0,0.0,0.0]},"gui":{"rotation":[-150.0,-45.0,180.0]}}}