{"textures":{"0":"modelengine:entity/buffalo"},"elements":[{"from":[6.0,-4.0,7.0],"to":[10.0,8.0,11.0],"faces":{"east":{"uv":[0.0,10.0,1.0,16.0],"tintindex":-2,"rotation":0,"texture":"#0"},"south":{"uv":[3.0,10.0,4.0,16.0],"tintindex":-2,"rotation":0,"texture":"#0"},"north":{"uv":[1.0,10.0,2.0,16.0],"tintindex":-2,"rotation":0,"texture":"#0"},"west":{"uv":[2.0,10.0,3.0,16.0],"tintindex":-2,"rotation":0,"texture":"#0"},"up":{"uv":[2.0,10.0,1.0,8.0],"tintindex":-2,"rotation":0,"texture":"#0"},"down":{"uv":[3.0,8.0,2.0,10.0],"tintindex":-2,"rotation":0,"texture":"#0"}}}],"display":{"gui":{"rotation":[30,225,0]}}}