{"textures":{"0":"modelengine:entity/slime_chest"},"elements":[{"from":[-2.0,8.0,3.0],"to":[8.0,11.0,13.0],"faces":{"east":{"uv":[10.5,0.0,13.0,0.75],"tintindex":-2,"rotation":0,"texture":"#0"},"south":{"uv":[10.5,0.75,13.0,1.5],"tintindex":-2,"rotation":0,"texture":"#0"},"north":{"uv":[6.0,10.0,8.5,10.75],"tintindex":-2,"rotation":0,"texture":"#0"},"west":{"uv":[10.5,1.5,13.0,2.25],"tintindex":-2,"rotation":0,"texture":"#0"},"up":{"uv":[8.5,7.5,6.0,5.0],"tintindex":-2,"rotation":0,"texture":"#0"},"down":{"uv":[8.5,7.5,6.0,10.0],"tintindex":-2,"rotation":0,"texture":"#0"}}}],"display":{"gui":{"rotation":[30,225,0]}}}