{"textures":{"0":"modelengine:entity/lion"},"elements":[{"from":[6.0,23.229809,-15.798351],"to":[11.2,24.729809,-11.998352],"faces":{"east":{"uv":[9.400001,11.6,8.400001,11.2],"tintindex":-2,"rotation":0,"texture":"#0"},"north":{"uv":[10.2,11.6,9.2,11.2],"tintindex":-2,"rotation":0,"texture":"#0"},"west":{"uv":[11.0,11.6,10.0,11.2],"tintindex":-2,"rotation":0,"texture":"#0"}}},{"from":[5.55,23.825535,-15.998352],"to":[11.55,26.825537,-11.998352],"faces":{"east":{"uv":[8.400001,1.6,9.0,2.2],"tintindex":-2,"rotation":0,"texture":"#0"},"south":{"uv":[10.6,2.0,11.6,2.8],"tintindex":-2,"rotation":0,"texture":"#0"},"north":{"uv":[9.0,1.6,10.2,2.2],"tintindex":-2,"rotation":0,"texture":"#0"},"west":{"uv":[10.2,1.6,11.0,2.2],"tintindex":-2,"rotation":0,"texture":"#0"},"up":{"uv":[10.2,1.8000001,9.0,1.0],"tintindex":-2,"rotation":0,"texture":"#0"},"down":{"uv":[7.2000003,11.6,6.4,10.6],"tintindex":-2,"rotation":0,"texture":"#0"}}}],"display":{"gui":{"rotation":[30,225,0]}}}