{"textures":{"0":"modelengine:entity/magmammoth"},"elements":[{"from":[5.25,-5.75,5.25],"to":[12.75,5.75,11.75],"faces":{"east":{"uv":[14.5625,7.125,13.875,11.25],"tintindex":-2,"rotation":0,"texture":"#0"},"south":{"uv":[15.25,7.125,14.5625,11.25],"tintindex":-2,"rotation":0,"texture":"#0"},"north":{"uv":[13.875,7.125,13.1875,11.25],"tintindex":-2,"rotation":0,"texture":"#0"},"west":{"uv":[13.1875,7.125,12.5,11.25],"tintindex":-2,"rotation":0,"texture":"#0"},"up":{"uv":[13.1875,7.125,13.875,5.75],"tintindex":-2,"rotation":0,"texture":"#0"},"down":{"uv":[13.875,5.75,14.5625,7.125],"tintindex":-2,"rotation":0,"texture":"#0"}}}],"display":{"gui":{"rotation":[30,225,0]}}}