{"textures":{"0":"modelengine:entity/magmammoth"},"elements":[{"from":[1.5,6.0,1.5],"to":[16.5,28.0,19.5],"faces":{"east":{"uv":[13.25,1.375,13.9375,4.0],"tintindex":-2,"rotation":0,"texture":"#0"},"south":{"uv":[13.25,1.375,13.9375,4.0],"tintindex":-2,"rotation":0,"texture":"#0"},"north":{"uv":[13.25,1.375,13.9375,4.0],"tintindex":-2,"rotation":0,"texture":"#0"},"west":{"uv":[13.25,1.375,13.9375,4.0],"tintindex":-2,"rotation":0,"texture":"#0"},"up":{"uv":[13.25,1.375,13.9375,4.0],"tintindex":-2,"rotation":0,"texture":"#0"},"down":{"uv":[13.25,1.375,13.9375,4.0],"tintindex":-2,"rotation":0,"texture":"#0"}}}],"display":{"gui":{"rotation":[30,225,0]}}}