{"textures":{"0":"modelengine:entity/magmammoth"},"elements":[{"from":[12.256835,-12.116211,2.2965727],"to":[27.256834,9.883789,20.296574],"faces":{"east":{"uv":[12.5,1.375,13.1875,4.125],"tintindex":-2,"rotation":0,"texture":"#0"},"south":{"uv":[12.5,1.375,13.1875,4.125],"tintindex":-2,"rotation":0,"texture":"#0"},"north":{"uv":[12.5,1.375,13.1875,4.125],"tintindex":-2,"rotation":0,"texture":"#0"},"west":{"uv":[12.5,1.375,13.1875,4.125],"tintindex":-2,"rotation":0,"texture":"#0"},"up":{"uv":[12.5,1.375,13.1875,4.125],"tintindex":-2,"rotation":0,"texture":"#0"},"down":{"uv":[12.5,1.375,13.1875,4.125],"tintindex":-2,"rotation":0,"texture":"#0"}}}],"display":{"gui":{"rotation":[30,225,0]}}}