{"textures":{"0":"modelengine:entity/magmammoth"},"elements":[{"from":[-4.243165,1.9217644,6.967638],"to":[10.756835,9.921761,11.96764],"faces":{"east":{"uv":[11.4375,0.0,11.5,0.75],"tintindex":-2,"rotation":0,"texture":"#0"},"south":{"uv":[11.4375,0.0,11.5,0.75],"tintindex":-2,"rotation":0,"texture":"#0"},"north":{"uv":[11.4375,0.0,12.125,0.75],"tintindex":-2,"rotation":0,"texture":"#0"},"west":{"uv":[11.4375,0.0,11.5,0.75],"tintindex":-2,"rotation":0,"texture":"#0"},"up":{"uv":[11.4375,0.0,11.5,0.75],"tintindex":-2,"rotation":0,"texture":"#0"},"down":{"uv":[11.4375,0.0,11.5,0.75],"tintindex":-2,"rotation":0,"texture":"#0"}}},{"from":[6.5,7.0,6.499998],"to":[11.5,10.0,9.5],"faces":{"east":{"uv":[1.125,0.0,0.875,2.0],"tintindex":-2,"rotation":0,"texture":"#0"},"south":{"uv":[1.125,0.0,0.875,2.0],"tintindex":-2,"rotation":0,"texture":"#0"},"north":{"uv":[1.125,0.0,0.875,2.0],"tintindex":-2,"rotation":0,"texture":"#0"},"west":{"uv":[1.125,0.0,0.875,2.0],"tintindex":-2,"rotation":0,"texture":"#0"},"up":{"uv":[1.125,0.0,0.875,2.0],"tintindex":-2,"rotation":0,"texture":"#0"},"down":{"uv":[1.125,0.0,0.875,2.0],"tintindex":-2,"rotation":0,"texture":"#0"}}},{"from":[5.5,8.0,6.499998],"to":[11.5,10.0,9.5],"faces":{"east":{"uv":[1.125,0.0,0.875,2.0],"tintindex":-2,"rotation":0,"texture":"#0"},"south":{"uv":[1.125,0.0,0.875,2.0],"tintindex":-2,"rotation":0,"texture":"#0"},"north":{"uv":[1.125,0.0,0.875,2.0],"tintindex":-2,"rotation":0,"texture":"#0"},"west":{"uv":[1.125,0.0,0.875,2.0],"tintindex":-2,"rotation":0,"texture":"#0"},"up":{"uv":[1.125,0.0,0.875,2.0],"tintindex":-2,"rotation":0,"texture":"#0"},"down":{"uv":[1.125,0.0,0.875,2.0],"tintindex":-2,"rotation":0,"texture":"#0"}}}],"display":{"gui":{"rotation":[30,225,0]}}}