{"textures":{"0":"modelengine:entity/magmammoth"},"elements":[{"from":[-4.39569,0.63676643,5.25],"to":[3.1043096,8.136766,6.25],"faces":{"east":{"uv":[6.625,0.125,6.5625,2.5],"tintindex":-2,"rotation":0,"texture":"#0"},"south":{"uv":[7.625,0.125,6.625,2.5],"tintindex":-2,"rotation":0,"texture":"#0"},"north":{"uv":[6.5625,0.125,5.5625,2.5],"tintindex":-2,"rotation":0,"texture":"#0"},"west":{"uv":[5.5625,0.125,5.5,2.5],"tintindex":-2,"rotation":0,"texture":"#0"},"up":{"uv":[5.5625,0.125,6.5625,0.0],"tintindex":-2,"rotation":0,"texture":"#0"},"down":{"uv":[6.5625,0.0,7.5625,0.125],"tintindex":-2,"rotation":0,"texture":"#0"}},"rotation":{"origin":[8.127796,0.80810547,16.07068],"angle":-22.5,"axis":"z"}},{"from":[-2.628417,6.6553307,4.634099],"to":[-1.128417,8.655331,6.134099],"faces":{"east":{"uv":[1.125,0.0,0.875,2.0],"tintindex":-2,"rotation":0,"texture":"#0"},"south":{"uv":[1.125,0.0,0.875,2.0],"tintindex":-2,"rotation":0,"texture":"#0"},"north":{"uv":[1.5625,0.25,1.25,0.875],"tintindex":-2,"rotation":0,"texture":"#0"},"west":{"uv":[1.125,0.0,0.875,2.0],"tintindex":-2,"rotation":0,"texture":"#0"},"up":{"uv":[1.125,0.0,0.875,2.0],"tintindex":-2,"rotation":0,"texture":"#0"},"down":{"uv":[1.125,0.0,0.875,2.0],"tintindex":-2,"rotation":0,"texture":"#0"}}},{"from":[-0.628417,3.1553307,4.634099],"to":[0.871583,5.1553307,6.134099],"faces":{"east":{"uv":[1.125,0.0,0.875,2.0],"tintindex":-2,"rotation":0,"texture":"#0"},"south":{"uv":[1.125,0.0,0.875,2.0],"tintindex":-2,"rotation":0,"texture":"#0"},"north":{"uv":[1.5625,0.25,1.25,0.875],"tintindex":-2,"rotation":0,"texture":"#0"},"west":{"uv":[1.125,0.0,0.875,2.0],"tintindex":-2,"rotation":0,"texture":"#0"},"up":{"uv":[1.125,0.0,0.875,2.0],"tintindex":-2,"rotation":0,"texture":"#0"},"down":{"uv":[1.125,0.0,0.875,2.0],"tintindex":-2,"rotation":0,"texture":"#0"}}}],"display":{"gui":{"rotation":[30,225,0]}}}