{"textures":{"0":"modelengine:entity/magmammoth"},"elements":[{"from":[3.0,9.890348,-2.6984978],"to":[13.0,20.890348,6.301502],"faces":{"east":{"uv":[11.5,9.5,11.9375,10.875],"tintindex":-2,"rotation":0,"texture":"#0"},"south":{"uv":[11.5,9.5,11.9375,10.875],"tintindex":-2,"rotation":0,"texture":"#0"},"north":{"uv":[11.5,9.625,11.9375,10.875],"tintindex":-2,"rotation":0,"texture":"#0"},"west":{"uv":[11.5,9.5,11.9375,10.875],"tintindex":-2,"rotation":0,"texture":"#0"},"up":{"uv":[11.5,9.5,11.9375,10.875],"tintindex":-2,"rotation":0,"texture":"#0"},"down":{"uv":[11.9375,8.625,12.5,9.875],"tintindex":-2,"rotation":0,"texture":"#0"}},"rotation":{"origin":[7.743165,22.959604,37.559593],"angle":-22.5,"axis":"x"}}],"display":{"gui":{"rotation":[30,225,0]}}}