{"textures":{"0":"modelengine:entity/wandering_trader"},"elements":[{"from":[1.0,-1.0,3.0],"to":[15.0,17.0,13.0],"faces":{"east":{"uv":[0.25,6.875,1.5,9.125],"tintindex":-2,"rotation":0,"texture":"#0"},"south":{"uv":[4.5,6.875,6.25,9.125],"tintindex":-2,"rotation":0,"texture":"#0"},"north":{"uv":[1.5,6.875,3.25,9.125],"tintindex":-2,"rotation":0,"texture":"#0"},"west":{"uv":[3.25,6.875,4.5,9.125],"tintindex":-2,"rotation":0,"texture":"#0"},"up":{"uv":[3.25,6.875,1.5,5.625],"tintindex":-2,"rotation":0,"texture":"#0"},"down":{"uv":[5.0,5.625,3.25,6.875],"tintindex":-2,"rotation":0,"texture":"#0"}}}],"display":{"gui":{"rotation":[30,225,0]}}}