{"textures":{"0":"modelengine:entity/mammoth"},"elements":[{"from":[1.0,11.25,5.75],"to":[15.0,28.25,25.25],"faces":{"east":{"uv":[0.0,4.125,1.9375,9.875],"tintindex":0,"rotation":0,"texture":"#0"},"south":{"uv":[5.625,4.0,7.4375,9.875],"tintindex":0,"rotation":0,"texture":"#0"},"north":{"uv":[1.9375,4.25,3.75,9.875],"tintindex":0,"rotation":0,"texture":"#0"},"west":{"uv":[3.8125,4.375,5.625,10.0],"tintindex":0,"rotation":0,"texture":"#0"},"up":{"uv":[3.75,4.125,2.0,0.0],"tintindex":0,"rotation":0,"texture":"#0"},"down":{"uv":[5.5625,0.0,3.8125,4.25],"tintindex":0,"rotation":0,"texture":"#0"}}},{"from":[1.0,4.25,6.25],"to":[15.0,11.25,22.75],"faces":{"east":{"uv":[-0.0625,4.0,2.0,5.75],"tintindex":0,"rotation":0,"texture":"#0"},"south":{"uv":[5.8125,4.0,7.5625,5.75],"tintindex":0,"rotation":0,"texture":"#0"},"north":{"uv":[2.0,4.0,3.75,5.75],"tintindex":0,"rotation":0,"texture":"#0"},"west":{"uv":[3.75,4.0,5.8125,5.75],"tintindex":0,"rotation":0,"texture":"#0"},"up":{"uv":[3.75,4.0,2.0,-0.125],"tintindex":0,"rotation":0,"texture":"#0"},"down":{"uv":[5.5,-0.125,3.75,4.0],"tintindex":0,"rotation":0,"texture":"#0"}}}],"display":{"gui":{"rotation":[30,225,0]}}}