{"textures":{"0":"modelengine:entity/mammoth"},"elements":[{"from":[18.0,5.25,5.75],"to":[22.5,9.75,6.25],"faces":{"east":{"uv":[5.5,0.125,5.5625,2.5],"tintindex":0,"rotation":0,"texture":"#0"},"south":{"uv":[6.625,0.125,7.625,2.5],"tintindex":0,"rotation":0,"texture":"#0"},"north":{"uv":[5.5625,0.125,6.5625,2.5],"tintindex":0,"rotation":0,"texture":"#0"},"west":{"uv":[6.5625,0.125,6.625,2.5],"tintindex":0,"rotation":0,"texture":"#0"},"up":{"uv":[6.5625,0.125,5.5625,0.0],"tintindex":0,"rotation":0,"texture":"#0"},"down":{"uv":[7.5625,0.0,6.5625,0.125],"tintindex":0,"rotation":0,"texture":"#0"}},"rotation":{"origin":[16.0,-11.75,16.25],"angle":22.5,"axis":"z"}}],"display":{"gui":{"rotation":[30,225,0]}}}