{"textures":{"0":"modelengine:entity/elephant"},"elements":[{"from":[5.25,-6.75,5.25],"to":[10.75,10.75,10.75],"faces":{"east":{"uv":[14.5625,1.375,13.875,5.75],"tintindex":-2,"rotation":0,"texture":"#0"},"south":{"uv":[15.25,1.375,14.5625,5.75],"tintindex":-2,"rotation":0,"texture":"#0"},"north":{"uv":[13.875,1.375,13.1875,5.75],"tintindex":-2,"rotation":0,"texture":"#0"},"west":{"uv":[13.1875,1.375,12.5,5.75],"tintindex":-2,"rotation":0,"texture":"#0"},"up":{"uv":[13.1875,1.375,13.875,0.0],"tintindex":-2,"rotation":0,"texture":"#0"},"down":{"uv":[13.875,0.0,14.5625,1.375],"tintindex":-2,"rotation":0,"texture":"#0"}}}],"display":{"gui":{"rotation":[30,225,0]}}}