{"textures":{"0":"modelengine:entity/elephant"},"elements":[{"from":[-2.0,-3.0,-7.0],"to":[18.0,20.0,13.0],"faces":{"east":{"uv":[7.5,2.5,8.75,5.375],"tintindex":-2,"rotation":0,"texture":"#0"},"south":{"uv":[11.25,2.5,12.5,5.375],"tintindex":-2,"rotation":0,"texture":"#0"},"north":{"uv":[8.75,2.5,10.0,5.375],"tintindex":-2,"rotation":0,"texture":"#0"},"west":{"uv":[10.0,2.5,11.25,5.375],"tintindex":-2,"rotation":0,"texture":"#0"},"up":{"uv":[10.0,2.5,8.75,0.0],"tintindex":-2,"rotation":0,"texture":"#0"},"down":{"uv":[11.25,0.0,10.0,2.5],"tintindex":-2,"rotation":0,"texture":"#0"}}}],"display":{"gui":{"rotation":[30,225,0]}}}