{"textures":{"0":"modelengine:entity/elephant"},"elements":[{"from":[-12.5,3.25,7.75],"to":[-2.5,13.25,8.25],"faces":{"east":{"uv":[6.625,0.125,6.5625,2.5],"tintindex":-2,"rotation":0,"texture":"#0"},"south":{"uv":[7.625,0.125,6.625,2.5],"tintindex":-2,"rotation":0,"texture":"#0"},"north":{"uv":[6.5625,0.125,5.5625,2.5],"tintindex":-2,"rotation":0,"texture":"#0"},"west":{"uv":[5.5625,0.125,5.5,2.5],"tintindex":-2,"rotation":0,"texture":"#0"},"up":{"uv":[5.5625,0.125,6.5625,0.0],"tintindex":-2,"rotation":0,"texture":"#0"},"down":{"uv":[6.5625,0.0,7.5625,0.125],"tintindex":-2,"rotation":0,"texture":"#0"}},"rotation":{"origin":[-2.5,-13.75,18.25],"angle":-22.5,"axis":"z"}}],"display":{"gui":{"rotation":[30,225,0]}}}