{"textures":{"0":"/mossy_stone_bricks"},"elements":[{"from":[8.0,8.0,11.0],"to":[24.0,10.0,21.0],"faces":{"east":{"uv":[0.0,0.0,10.0,2.0],"tintindex":-2,"rotation":0,"texture":"#0"},"south":{"uv":[0.0,0.0,16.0,2.0],"tintindex":-2,"rotation":0,"texture":"#0"},"north":{"uv":[0.0,0.0,16.0,2.0],"tintindex":-2,"rotation":0,"texture":"#0"},"west":{"uv":[0.0,0.0,10.0,2.0],"tintindex":-2,"rotation":0,"texture":"#0"},"up":{"uv":[0.0,0.0,10.0,16.0],"tintindex":-2,"rotation":270,"texture":"#0"},"down":{"uv":[0.0,0.0,10.0,16.0],"tintindex":-2,"rotation":90,"texture":"#0"}}},{"from":[9.0,10.0,12.0],"to":[23.0,11.0,20.0],"faces":{"east":{"uv":[0.0,0.0,8.0,1.0],"tintindex":-2,"rotation":0,"texture":"#0"},"south":{"uv":[0.0,0.0,14.0,1.0],"tintindex":-2,"rotation":0,"texture":"#0"},"north":{"uv":[0.0,0.0,14.0,1.0],"tintindex":-2,"rotation":0,"texture":"#0"},"west":{"uv":[0.0,0.0,8.0,1.0],"tintindex":-2,"rotation":0,"texture":"#0"},"up":{"uv":[0.0,0.0,8.0,14.0],"tintindex":-2,"rotation":270,"texture":"#0"},"down":{"uv":[0.0,0.0,8.0,14.0],"tintindex":-2,"rotation":90,"texture":"#0"}}},{"from":[11.0,23.0,14.5],"to":[21.0,24.0,17.5],"faces":{"east":{"uv":[6.0,0.0,9.0,1.0],"tintindex":-2,"rotation":0,"texture":"#0"},"south":{"uv":[0.0,3.0,10.0,4.0],"tintindex":-2,"rotation":0,"texture":"#0"},"north":{"uv":[0.0,0.0,10.0,1.0],"tintindex":-2,"rotation":0,"texture":"#0"},"west":{"uv":[3.0,0.0,6.0,1.0],"tintindex":-2,"rotation":0,"texture":"#0"},"up":{"uv":[0.0,0.0,3.0,10.0],"tintindex":-2,"rotation":270,"texture":"#0"},"down":{"uv":[3.0,0.0,6.0,10.0],"tintindex":-2,"rotation":90,"texture":"#0"}}},{"from":[12.0,24.0,15.0],"to":[20.0,25.0,17.0],"faces":{"east":{"uv":[0.0,0.0,2.0,1.0],"tintindex":-2,"rotation":0,"texture":"#0"},"south":{"uv":[0.0,4.0,8.0,5.0],"tintindex":-2,"rotation":0,"texture":"#0"},"north":{"uv":[0.0,0.0,8.0,1.0],"tintindex":-2,"rotation":0,"texture":"#0"},"west":{"uv":[0.0,0.0,2.0,1.0],"tintindex":-2,"rotation":0,"texture":"#0"},"up":{"uv":[2.0,0.0,4.0,8.0],"tintindex":-2,"rotation":270,"texture":"#0"},"down":{"uv":[7.0,0.0,9.0,8.0],"tintindex":-2,"rotation":90,"texture":"#0"}}},{"from":[10.0,11.0,14.0],"to":[22.0,23.0,18.0],"faces":{"east":{"uv":[0.0,0.0,4.0,12.0],"tintindex":-2,"rotation":0,"texture":"#0"},"south":{"uv":[0.0,0.0,12.0,12.0],"tintindex":-2,"rotation":0,"texture":"#0"},"north":{"uv":[4.0,0.0,16.0,12.0],"tintindex":-2,"rotation":0,"texture":"#0"},"west":{"uv":[0.0,0.0,4.0,12.0],"tintindex":-2,"rotation":0,"texture":"#0"},"up":{"uv":[0.0,0.0,4.0,12.0],"tintindex":-2,"rotation":270,"texture":"#0"},"down":{"uv":[0.0,0.0,4.0,12.0],"tintindex":-2,"rotation":90,"texture":"#0"}}}],"display":{"gui":{"rotation":[30,225,0]}}}