{"textures":{"0":"modelengine:entity/hyena"},"elements":[{"from":[8.0,15.0,13.5],"to":[8.0,21.0,15.5],"faces":{"east":{"uv":[2.0,6.75,2.5,8.25],"tintindex":-2,"rotation":0,"texture":"#0"},"west":{"uv":[2.5,6.75,3.0,8.25],"tintindex":-2,"rotation":0,"texture":"#0"}}},{"from":[4.0,15.0,6.7],"to":[12.0,21.0,13.7],"faces":{"east":{"uv":[0.0,1.75,1.75,3.25],"tintindex":-2,"rotation":0,"texture":"#0"},"south":{"uv":[5.5,1.75,7.5,3.25],"tintindex":-2,"rotation":0,"texture":"#0"},"north":{"uv":[1.75,1.75,3.75,3.25],"tintindex":-2,"rotation":0,"texture":"#0"},"west":{"uv":[3.75,1.75,5.5,3.25],"tintindex":-2,"rotation":0,"texture":"#0"},"up":{"uv":[3.75,1.75,1.75,0.0],"tintindex":-2,"rotation":0,"texture":"#0"},"down":{"uv":[5.75,0.0,3.75,1.75],"tintindex":-2,"rotation":0,"texture":"#0"}}}],"display":{"gui":{"rotation":[30,225,0]}}}