{"textures":{"0":"modelengine:entity/hyena"},"elements":[{"from":[6.0,0.0,7.0],"to":[8.0,8.0,9.0],"faces":{"east":{"uv":[0.0,6.75,0.5,8.75],"tintindex":-2,"rotation":0,"texture":"#0"},"south":{"uv":[1.5,6.75,2.0,8.75],"tintindex":-2,"rotation":0,"texture":"#0"},"north":{"uv":[0.5,6.75,1.0,8.75],"tintindex":-2,"rotation":0,"texture":"#0"},"west":{"uv":[1.0,6.75,1.5,8.75],"tintindex":-2,"rotation":0,"texture":"#0"},"up":{"uv":[1.0,6.75,0.5,6.25],"tintindex":-2,"rotation":0,"texture":"#0"},"down":{"uv":[1.5,6.25,1.0,6.75],"tintindex":-2,"rotation":0,"texture":"#0"}}}],"display":{"gui":{"rotation":[30,225,0]}}}