{"textures":{"0":"modelengine:entity/wollymammoth"},"elements":[{"from":[0.5,3.0,-0.5],"to":[18.5,31.0,20.5],"faces":{"east":{"uv":[13.0,11.375,16.0,15.0],"tintindex":-2,"rotation":0,"texture":"#0"},"south":{"uv":[13.0,11.25,16.0,14.75],"tintindex":-2,"rotation":0,"texture":"#0"},"north":{"uv":[13.0,11.25,16.0,14.875],"tintindex":-2,"rotation":0,"texture":"#0"},"west":{"uv":[13.0,11.25,16.0,14.875],"tintindex":-2,"rotation":0,"texture":"#0"},"up":{"uv":[14.0,11.25,16.0,12.75],"tintindex":-2,"rotation":180,"texture":"#0"}}},{"from":[1.5,6.0,1.5],"to":[16.5,28.0,19.5],"faces":{"east":{"uv":[13.25,1.375,13.9375,4.0],"tintindex":-2,"rotation":0,"texture":"#0"},"south":{"uv":[13.25,1.375,13.9375,4.0],"tintindex":-2,"rotation":0,"texture":"#0"},"north":{"uv":[13.25,1.375,13.9375,4.0],"tintindex":-2,"rotation":0,"texture":"#0"},"west":{"uv":[13.25,1.375,13.9375,4.0],"tintindex":-2,"rotation":0,"texture":"#0"},"up":{"uv":[13.25,1.375,13.9375,4.0],"tintindex":-2,"rotation":0,"texture":"#0"},"down":{"uv":[13.25,1.375,13.9375,4.0],"tintindex":-2,"rotation":0,"texture":"#0"}}}],"display":{"gui":{"rotation":[30,225,0]}}}