{"textures":{"0":"modelengine:entity/wollymammoth"},"elements":[{"from":[3.756835,1.9217644,6.967638],"to":[17.756836,9.921761,11.96764],"faces":{"east":{"uv":[11.4375,0.0,11.5,0.75],"tintindex":-2,"rotation":0,"texture":"#0"},"south":{"uv":[11.4375,0.0,11.5,0.75],"tintindex":-2,"rotation":0,"texture":"#0"},"north":{"uv":[11.4375,0.0,12.125,0.75],"tintindex":-2,"rotation":0,"texture":"#0"},"west":{"uv":[11.4375,0.0,11.5,0.75],"tintindex":-2,"rotation":0,"texture":"#0"},"up":{"uv":[11.4375,0.0,11.5,0.75],"tintindex":-2,"rotation":0,"texture":"#0"},"down":{"uv":[11.4375,0.0,11.5,0.75],"tintindex":-2,"rotation":0,"texture":"#0"}}}],"display":{"gui":{"rotation":[30,225,0]}}}