{"textures":{"0":"modelengine:entity/wollymammoth"},"elements":[{"from":[0.7054682,5.151472,5.985441],"to":[15.705468,23.151472,23.985441],"faces":{"east":{"uv":[12.5,4.0,13.1875,5.75],"tintindex":-2,"rotation":0,"texture":"#0"},"south":{"uv":[12.5,4.0,13.1875,5.75],"tintindex":-2,"rotation":0,"texture":"#0"},"north":{"uv":[12.5,4.0,13.1875,5.75],"tintindex":-2,"rotation":0,"texture":"#0"},"west":{"uv":[12.5,4.0,13.1875,5.75],"tintindex":-2,"rotation":0,"texture":"#0"},"up":{"uv":[12.5,4.0,13.1875,5.75],"tintindex":-2,"rotation":0,"texture":"#0"},"down":{"uv":[12.5,4.0,13.1875,5.75],"tintindex":-2,"rotation":0,"texture":"#0"}}},{"from":[8.448633,4.9621325,5.253639],"to":[11.448633,7.9621325,7.253639],"faces":{"east":{"uv":[13.3125,16.0,13.0625,15.75],"tintindex":-2,"rotation":0,"texture":"#0"},"south":{"uv":[13.3125,16.0,13.0625,15.75],"tintindex":-2,"rotation":0,"texture":"#0"},"north":{"uv":[13.3125,16.0,13.0625,15.75],"tintindex":-2,"rotation":0,"texture":"#0"},"west":{"uv":[13.3125,16.0,13.0625,15.75],"tintindex":-2,"rotation":0,"texture":"#0"},"up":{"uv":[13.3125,16.0,13.0625,15.75],"tintindex":-2,"rotation":0,"texture":"#0"},"down":{"uv":[13.3125,16.0,13.0625,15.75],"tintindex":-2,"rotation":0,"texture":"#0"}}},{"from":[4.448633,4.9621325,5.253639],"to":[7.448633,7.9621325,7.253639],"faces":{"east":{"uv":[13.3125,16.0,13.0625,15.75],"tintindex":-2,"rotation":0,"texture":"#0"},"south":{"uv":[13.3125,16.0,13.0625,15.75],"tintindex":-2,"rotation":0,"texture":"#0"},"north":{"uv":[13.3125,16.0,13.0625,15.75],"tintindex":-2,"rotation":0,"texture":"#0"},"west":{"uv":[13.3125,16.0,13.0625,15.75],"tintindex":-2,"rotation":0,"texture":"#0"},"up":{"uv":[13.3125,16.0,13.0625,15.75],"tintindex":-2,"rotation":0,"texture":"#0"},"down":{"uv":[13.3125,16.0,13.0625,15.75],"tintindex":-2,"rotation":0,"texture":"#0"}}},{"from":[0.4486332,4.9621325,5.253639],"to":[3.4486332,7.9621325,7.253639],"faces":{"east":{"uv":[13.3125,16.0,13.0625,15.75],"tintindex":-2,"rotation":0,"texture":"#0"},"south":{"uv":[13.3125,16.0,13.0625,15.75],"tintindex":-2,"rotation":0,"texture":"#0"},"north":{"uv":[13.3125,16.0,13.0625,15.75],"tintindex":-2,"rotation":0,"texture":"#0"},"west":{"uv":[13.3125,16.0,13.0625,15.75],"tintindex":-2,"rotation":0,"texture":"#0"},"up":{"uv":[13.3125,16.0,13.0625,15.75],"tintindex":-2,"rotation":0,"texture":"#0"},"down":{"uv":[13.3125,16.0,13.0625,15.75],"tintindex":-2,"rotation":0,"texture":"#0"}}},{"from":[12.448633,4.9621325,5.253639],"to":[15.448634,7.9621325,7.253639],"faces":{"east":{"uv":[13.3125,16.0,13.0625,15.75],"tintindex":-2,"rotation":0,"texture":"#0"},"south":{"uv":[13.3125,16.0,13.0625,15.75],"tintindex":-2,"rotation":0,"texture":"#0"},"north":{"uv":[13.3125,16.0,13.0625,15.75],"tintindex":-2,"rotation":0,"texture":"#0"},"west":{"uv":[13.3125,16.0,13.0625,15.75],"tintindex":-2,"rotation":0,"texture":"#0"},"up":{"uv":[13.3125,16.0,13.0625,15.75],"tintindex":-2,"rotation":0,"texture":"#0"},"down":{"uv":[13.3125,16.0,13.0625,15.75],"tintindex":-2,"rotation":0,"texture":"#0"}}}],"display":{"gui":{"rotation":[30,225,0]}}}