{"textures":{"0":"modelengine:entity/wollymammoth"},"elements":[{"from":[5.75,-0.7961054,16.429829],"to":[10.25,4.2038956,20.429829],"faces":{"east":{"uv":[8.75,6.625,8.0625,8.5],"tintindex":-2,"rotation":0,"texture":"#0"},"south":{"uv":[8.75,6.625,8.0625,8.5],"tintindex":-2,"rotation":0,"texture":"#0"},"north":{"uv":[8.75,6.625,8.0625,8.5],"tintindex":-2,"rotation":0,"texture":"#0"},"west":{"uv":[8.75,6.625,8.0625,8.5],"tintindex":-2,"rotation":0,"texture":"#0"},"up":{"uv":[8.75,6.625,8.0625,8.5],"tintindex":-2,"rotation":0,"texture":"#0"},"down":{"uv":[8.75,6.625,8.0625,8.5],"tintindex":-2,"rotation":0,"texture":"#0"}},"rotation":{"origin":[3.1215825,7.774557,26.12765],"angle":45.0,"axis":"x"}}],"display":{"gui":{"rotation":[30,225,0]}}}