{"overrides":[{"predicate":{"custom_model_data":1},"model":"modelengine:grizzly_bear/rotation_grizzly"},{"predicate":{"custom_model_data":2},"model":"modelengine:grizzly_bear/leg4_grizzly"},{"predicate":{"custom_model_data":10},"model":"modelengine:black_bear/leg3_grizzly"},{"predicate":{"custom_model_data":11},"model":"modelengine:black_bear/leg1_grizzly"},{"predicate":{"custom_model_data":17},"model":"modelengine:black_bear/leg4_grizzly"},{"predicate":{"custom_model_data":18},"model":"modelengine:grizzly_bear/head_grizzly"},{"predicate":{"custom_model_data":23},"model":"modelengine:grizzly_bear/leg2_grizzly"},{"predicate":{"custom_model_data":25},"model":"modelengine:black_bear/head_grizzly"},{"predicate":{"custom_model_data":35},"model":"modelengine:grizzly_bear/head_grizzly2"},{"predicate":{"custom_model_data":36},"model":"modelengine:grizzly_bear/leg3_grizzly"},{"predicate":{"custom_model_data":43},"model":"modelengine:black_bear/head_grizzly2"},{"predicate":{"custom_model_data":44},"model":"modelengine:black_bear/leg2_grizzly"},{"predicate":{"custom_model_data":51},"model":"modelengine:grizzly_bear/leg1_grizzly"},{"predicate":{"custom_model_data":52},"model":"modelengine:black_bear/rotation_grizzly"}],"parent":"item/generated","textures":{"layer0":"item/leather_chestplate","layer1":"item/leather_chestplate_overlay"}}