{"textures":{"0":"modelengine:entity/buffalo","particle":"#0"},"elements":[{"from":[7.0,8.0,1.5],"to":[9.0,8.0,10.5],"faces":{"east":{"uv":[4.5,7.0,7.0,10.0],"tintindex":0,"rotation":0,"texture":"#0"},"south":{"uv":[12.5,7.0,15.5,10.0],"tintindex":0,"rotation":0,"texture":"#0"},"north":{"uv":[7.0,7.0,10.0,10.0],"tintindex":0,"rotation":0,"texture":"#0"},"west":{"uv":[10.0,7.0,12.5,10.0],"tintindex":0,"rotation":0,"texture":"#0"},"up":{"uv":[10.0,7.0,7.0,2.0],"tintindex":0,"rotation":0,"texture":"#0"},"down":{"uv":[10.75,7.0,10.0,14.0],"tintindex":0,"rotation":0,"texture":"#0"}},"rotation":{"origin":[8.0,8.0,8.0],"angle":-22.5,"axis":"x"}}],"display":{"head":{"rotation":[0.0,0.0,0.0]},"firstperson_righthand":{"rotation":[0.0,0.0,0.0]},"thirdperson_lefthand":{"rotation":[0.0,-0.0,-0.0]},"firstperson_lefthand":{"rotation":[0.0,-0.0,-0.0]},"fixed":{"rotation":[0.0,0.0,0.0]},"ground":{"rotation":[0.0,0.0,0.0]},"thirdperson_righthand":{"rotation":[0.0,0.0,0.0]},"gui":{"rotation":[-150.0,-45.0,180.0]}}}