{"textures":{"0":"modelengine:entity/buffalo"},"elements":[{"from":[2.0,-4.0,1.0],"to":[14.0,4.0,12.0],"faces":{"east":{"uv":[4.5,7.0,7.0,10.0],"tintindex":-2,"rotation":0,"texture":"#0"},"south":{"uv":[12.5,7.0,15.5,10.0],"tintindex":-2,"rotation":0,"texture":"#0"},"north":{"uv":[7.0,7.0,10.0,10.0],"tintindex":-2,"rotation":0,"texture":"#0"},"west":{"uv":[10.0,7.0,12.5,10.0],"tintindex":-2,"rotation":0,"texture":"#0"},"up":{"uv":[10.0,7.0,7.0,2.0],"tintindex":-2,"rotation":0,"texture":"#0"},"down":{"uv":[13.0,2.0,10.0,7.0],"tintindex":-2,"rotation":0,"texture":"#0"}}},{"from":[2.0,4.0,1.0],"to":[14.0,18.0,13.0],"faces":{"east":{"uv":[4.25,7.0,7.0,13.0],"tintindex":-2,"rotation":0,"texture":"#0"},"south":{"uv":[12.75,7.0,15.75,13.0],"tintindex":-2,"rotation":0,"texture":"#0"},"north":{"uv":[7.0,7.0,10.0,13.0],"tintindex":-2,"rotation":0,"texture":"#0"},"west":{"uv":[10.0,7.0,12.75,13.0],"tintindex":-2,"rotation":0,"texture":"#0"},"up":{"uv":[10.0,7.0,7.0,1.5],"tintindex":-2,"rotation":0,"texture":"#0"},"down":{"uv":[13.0,1.5,10.0,7.0],"tintindex":-2,"rotation":0,"texture":"#0"}}},{"from":[6.0,0.0,0.0],"to":[10.0,6.0,1.0],"faces":{"east":{"uv":[13.0,0.5,13.25,3.5],"tintindex":-2,"rotation":0,"texture":"#0"},"south":{"uv":[14.5,0.5,15.5,3.5],"tintindex":-2,"rotation":0,"texture":"#0"},"north":{"uv":[13.25,0.5,14.25,3.5],"tintindex":-2,"rotation":0,"texture":"#0"},"west":{"uv":[14.25,0.5,14.5,3.5],"tintindex":-2,"rotation":0,"texture":"#0"},"up":{"uv":[14.25,0.5,13.25,0.0],"tintindex":-2,"rotation":0,"texture":"#0"},"down":{"uv":[15.25,0.0,14.25,0.5],"tintindex":-2,"rotation":0,"texture":"#0"}}}],"display":{"gui":{"rotation":[30,225,0]}}}