{"textures":{"0":"modelengine:entity/buffalo","particle":"#0"},"elements":[{"from":[4.0,4.0,2.0],"to":[12.0,12.0,8.0],"faces":{"east":{"uv":[0.0,3.0,1.5,7.0],"tintindex":0,"rotation":0,"texture":"#0"},"south":{"uv":[5.0,3.0,7.0,7.0],"tintindex":0,"rotation":0,"texture":"#0"},"north":{"uv":[1.5,3.0,3.5,7.0],"tintindex":0,"rotation":0,"texture":"#0"},"west":{"uv":[3.5,3.0,5.0,7.0],"tintindex":0,"rotation":0,"texture":"#0"},"up":{"uv":[3.5,3.0,1.5,0.0],"tintindex":0,"rotation":0,"texture":"#0"},"down":{"uv":[5.5,0.0,3.5,3.0],"tintindex":0,"rotation":0,"texture":"#0"}}},{"from":[6.0,6.0,1.0],"to":[10.0,7.0,2.0],"faces":{"east":{"uv":[2.0,5.5,3.0,6.0],"tintindex":0,"rotation":0,"texture":"#0"},"south":{"uv":[2.0,5.5,3.0,6.0],"tintindex":0,"rotation":0,"texture":"#0"},"north":{"uv":[2.0,5.5,3.0,6.0],"tintindex":0,"rotation":0,"texture":"#0"},"west":{"uv":[2.0,5.5,3.0,6.0],"tintindex":0,"rotation":0,"texture":"#0"},"up":{"uv":[2.0,5.5,3.0,6.0],"tintindex":0,"rotation":0,"texture":"#0"},"down":{"uv":[2.0,5.5,3.0,6.0],"tintindex":0,"rotation":0,"texture":"#0"}}},{"from":[5.0,4.0,1.0],"to":[11.0,6.0,2.0],"faces":{"east":{"uv":[1.75,6.0,2.0,7.0],"tintindex":0,"rotation":0,"texture":"#0"},"north":{"uv":[1.75,6.0,3.25,7.0],"tintindex":0,"rotation":0,"texture":"#0"},"west":{"uv":[3.0,6.0,3.25,7.0],"tintindex":0,"rotation":0,"texture":"#0"},"up":{"uv":[3.25,6.5,1.75,6.0],"tintindex":0,"rotation":0,"texture":"#0"},"down":{"uv":[3.0,6.5,2.0,7.0],"tintindex":0,"rotation":0,"texture":"#0"}}}],"display":{"head":{"rotation":[0.0,0.0,0.0]},"firstperson_righthand":{"rotation":[0.0,0.0,0.0]},"thirdperson_lefthand":{"rotation":[0.0,-0.0,-0.0]},"firstperson_lefthand":{"rotation":[0.0,-0.0,-0.0]},"fixed":{"rotation":[0.0,0.0,0.0]},"ground":{"rotation":[0.0,0.0,0.0]},"thirdperson_righthand":{"rotation":[0.0,0.0,0.0]},"gui":{"rotation":[-150.0,-45.0,180.0]}}}