{"textures":{"0":"modelengine:entity/buffalo","particle":"#0"},"elements":[{"from":[6.0,2.0,6.0],"to":[10.0,14.0,10.0],"faces":{"east":{"uv":[0.0,10.0,1.0,16.0],"tintindex":0,"rotation":0,"texture":"#0"},"south":{"uv":[3.0,10.0,4.0,16.0],"tintindex":0,"rotation":0,"texture":"#0"},"north":{"uv":[1.0,10.0,2.0,16.0],"tintindex":0,"rotation":0,"texture":"#0"},"west":{"uv":[2.0,10.0,3.0,16.0],"tintindex":0,"rotation":0,"texture":"#0"},"up":{"uv":[2.0,10.0,1.0,8.0],"tintindex":0,"rotation":0,"texture":"#0"},"down":{"uv":[3.0,8.0,2.0,10.0],"tintindex":0,"rotation":0,"texture":"#0"}}}],"display":{"head":{"rotation":[0.0,0.0,0.0]},"firstperson_righthand":{"rotation":[0.0,0.0,0.0]},"thirdperson_lefthand":{"rotation":[0.0,-0.0,-0.0]},"firstperson_lefthand":{"rotation":[0.0,-0.0,-0.0]},"fixed":{"rotation":[0.0,0.0,0.0]},"ground":{"rotation":[0.0,0.0,0.0]},"thirdperson_righthand":{"rotation":[0.0,0.0,0.0]},"gui":{"rotation":[-150.0,-45.0,180.0]}}}