{
    "variants": {
        "": [
            {
                "model": "biomeswevegone:block/willow_leaves1"
            },
            {
                "model": "biomeswevegone:block/willow_leaves1",
                "y": 90
            },
            {
                "model": "biomeswevegone:block/willow_leaves1",
                "y": 180
            },
            {
                "model": "biomeswevegone:block/willow_leaves1",
                "y": 270
            },
            {
                "model": "biomeswevegone:block/willow_leaves2"
            },
            {
                "model": "biomeswevegone:block/willow_leaves2",
                "y": 90
            },
            {
                "model": "biomeswevegone:block/willow_leaves2",
                "y": 180
            },
            {
                "model": "biomeswevegone:block/willow_leaves2",
                "y": 270
            },
            {
                "model": "biomeswevegone:block/willow_leaves3"
            },
            {
                "model": "biomeswevegone:block/willow_leaves3",
                "y": 90
            },
            {
                "model": "biomeswevegone:block/willow_leaves3",
                "y": 180
            },
            {
                "model": "biomeswevegone:block/willow_leaves3",
                "y": 270
            },
            {
                "model": "biomeswevegone:block/willow_leaves4"
            },
            {
                "model": "biomeswevegone:block/willow_leaves4",
                "y": 90
            },
            {
                "model": "biomeswevegone:block/willow_leaves4",
                "y": 180
            },
            {
                "model": "biomeswevegone:block/willow_leaves4",
                "y": 270
            }
        ]
    }
}