{"textures":{"0":"modelengine:entity/giraffe"},"elements":[{"from":[7.36811,6.437664,2.3129902],"to":[8.63189,7.7014427,6.1043296],"faces":{"east":{"uv":[2.0,4.0,2.25,4.75],"tintindex":-2,"rotation":0,"texture":"#0"},"south":{"uv":[2.0,4.0,2.25,4.75],"tintindex":-2,"rotation":0,"texture":"#0"},"north":{"uv":[1.75,4.5,2.5,4.75],"tintindex":-2,"rotation":0,"texture":"#0"},"west":{"uv":[2.0,4.0,2.25,4.75],"tintindex":-2,"rotation":0,"texture":"#0"},"up":{"uv":[2.0,4.0,2.25,4.75],"tintindex":-2,"rotation":0,"texture":"#0"},"down":{"uv":[2.0,4.0,2.25,4.75],"tintindex":-2,"rotation":0,"texture":"#0"}}},{"from":[7.36811,6.437664,11.15945],"to":[8.63189,7.7014427,14.95079],"faces":{"east":{"uv":[2.0,4.0,2.25,4.75],"tintindex":-2,"rotation":0,"texture":"#0"},"south":{"uv":[2.0,4.0,2.25,4.75],"tintindex":-2,"rotation":0,"texture":"#0"},"north":{"uv":[1.75,4.5,2.5,4.75],"tintindex":-2,"rotation":0,"texture":"#0"},"west":{"uv":[2.0,4.0,2.25,4.75],"tintindex":-2,"rotation":0,"texture":"#0"},"up":{"uv":[2.0,4.0,2.25,4.75],"tintindex":-2,"rotation":0,"texture":"#0"},"down":{"uv":[2.0,4.0,2.25,4.75],"tintindex":-2,"rotation":0,"texture":"#0"}}},{"from":[7.36811,7.965225,6.1043296],"to":[8.63189,11.756565,7.3681097],"faces":{"east":{"uv":[0.0,4.0,0.25,4.75],"tintindex":-2,"rotation":0,"texture":"#0"},"south":{"uv":[0.0,4.0,0.25,4.75],"tintindex":-2,"rotation":0,"texture":"#0"},"north":{"uv":[0.0,4.0,0.25,4.75],"tintindex":-2,"rotation":0,"texture":"#0"},"west":{"uv":[0.0,4.0,0.25,4.75],"tintindex":-2,"rotation":0,"texture":"#0"},"up":{"uv":[0.0,3.75,0.25,4.0],"tintindex":-2,"rotation":0,"texture":"#0"},"down":{"uv":[0.0,4.0,0.25,4.75],"tintindex":-2,"rotation":0,"texture":"#0"}}}],"display":{"gui":{"rotation":[30,225,0]}}}