{"textures":{"0":"modelengine:entity/giraffe","particle":"#0"},"elements":[{"from":[4.46,-10.289999,6.8200006],"to":[9.18,15.67,11.54],"faces":{"east":{"uv":[12.0,6.25,13.0,9.0],"tintindex":0,"rotation":0,"texture":"#0"},"south":{"uv":[15.0,6.25,16.0,9.0],"tintindex":0,"rotation":0,"texture":"#0"},"north":{"uv":[13.0,6.25,14.0,9.0],"tintindex":0,"rotation":0,"texture":"#0"},"west":{"uv":[14.0,6.25,15.0,9.0],"tintindex":0,"rotation":0,"texture":"#0"},"up":{"uv":[14.0,6.25,13.0,5.25],"tintindex":0,"rotation":0,"texture":"#0"},"down":{"uv":[15.0,5.25,14.0,6.25],"tintindex":0,"rotation":0,"texture":"#0"}}}],"display":{"head":{"rotation":[0.0,0.0,0.0]},"firstperson_righthand":{"rotation":[0.0,0.0,0.0]},"thirdperson_lefthand":{"rotation":[0.0,-0.0,-0.0]},"firstperson_lefthand":{"rotation":[0.0,-0.0,-0.0]},"fixed":{"rotation":[0.0,0.0,0.0]},"ground":{"rotation":[0.0,0.0,0.0]},"thirdperson_righthand":{"rotation":[0.0,0.0,0.0]},"gui":{"rotation":[-150.0,-45.0,180.0]}}}