{"textures":{"0":"modelengine:entity/giraffe","particle":"#0"},"elements":[{"from":[4.20866,4.8405495,3.5767698],"to":[11.79134,11.159451,12.42323],"faces":{"east":{"uv":[0.0,5.0,1.75,6.25],"tintindex":0,"rotation":0,"texture":"#0"},"south":{"uv":[4.75,5.0,6.25,6.25],"tintindex":0,"rotation":0,"texture":"#0"},"north":{"uv":[1.75,5.0,3.25,6.25],"tintindex":0,"rotation":0,"texture":"#0"},"west":{"uv":[3.25,5.0,5.0,6.25],"tintindex":0,"rotation":0,"texture":"#0"},"up":{"uv":[3.25,5.0,1.75,3.25],"tintindex":0,"rotation":0,"texture":"#0"},"down":{"uv":[4.75,3.25,3.25,5.0],"tintindex":0,"rotation":0,"texture":"#0"}}}],"display":{"head":{"rotation":[0.0,0.0,0.0]},"firstperson_righthand":{"rotation":[0.0,0.0,0.0]},"thirdperson_lefthand":{"rotation":[0.0,-0.0,-0.0]},"firstperson_lefthand":{"rotation":[0.0,-0.0,-0.0]},"fixed":{"rotation":[0.0,0.0,0.0]},"ground":{"rotation":[0.0,0.0,0.0]},"thirdperson_righthand":{"rotation":[0.0,0.0,0.0]},"gui":{"rotation":[-150.0,-45.0,180.0]}}}