{"textures":{"0":"modelengine:entity/giraffe","particle":"#0"},"elements":[{"from":[5.64,3.4199982,3.8700004],"to":[10.36,12.579998,12.13],"faces":{"east":{"uv":[0.0,10.5,1.75,13.5],"tintindex":0,"rotation":0,"texture":"#0"},"south":{"uv":[4.5,10.5,5.5,13.5],"tintindex":0,"rotation":0,"texture":"#0"},"north":{"uv":[1.75,10.5,2.75,12.75],"tintindex":0,"rotation":0,"texture":"#0"},"west":{"uv":[2.75,10.5,4.5,13.5],"tintindex":0,"rotation":0,"texture":"#0"},"up":{"uv":[2.75,10.5,1.75,8.75],"tintindex":0,"rotation":0,"texture":"#0"},"down":{"uv":[3.75,8.75,2.75,10.5],"tintindex":0,"rotation":0,"texture":"#0"}}}],"display":{"head":{"rotation":[0.0,0.0,0.0]},"firstperson_righthand":{"rotation":[0.0,0.0,0.0]},"thirdperson_lefthand":{"rotation":[0.0,-0.0,-0.0]},"firstperson_lefthand":{"rotation":[0.0,-0.0,-0.0]},"fixed":{"rotation":[0.0,0.0,0.0]},"ground":{"rotation":[0.0,0.0,0.0]},"thirdperson_righthand":{"rotation":[0.0,0.0,0.0]},"gui":{"rotation":[-150.0,-45.0,180.0]}}}