{"textures":{"0":"modelengine:entity/capybara"},"elements":[{"from":[6.0,2.0,7.0],"to":[9.0,8.0,10.0],"faces":{"east":{"uv":[7.75,0.75,8.5,2.25],"tintindex":0,"rotation":0,"texture":"#0"},"south":{"uv":[10.0,0.75,10.75,2.25],"tintindex":0,"rotation":0,"texture":"#0"},"north":{"uv":[8.5,0.75,9.25,2.25],"tintindex":0,"rotation":0,"texture":"#0"},"west":{"uv":[9.25,0.75,10.0,2.25],"tintindex":0,"rotation":0,"texture":"#0"},"up":{"uv":[9.25,0.75,8.5,0.0],"tintindex":0,"rotation":0,"texture":"#0"},"down":{"uv":[10.0,0.0,9.25,0.75],"tintindex":0,"rotation":0,"texture":"#0"}}}],"display":{"gui":{"rotation":[30,225,0]}}}