{"textures":{"0":"modelengine:entity/rascal"},"elements":[{"from":[4.0,-0.5,6.0],"to":[8.0,8.5,10.0],"faces":{"east":{"uv":[7.375,2.75,7.875,3.875],"tintindex":-2,"rotation":0,"texture":"#0"},"south":{"uv":[8.875,2.75,9.375,3.875],"tintindex":-2,"rotation":0,"texture":"#0"},"north":{"uv":[7.875,2.75,8.375,3.875],"tintindex":-2,"rotation":0,"texture":"#0"},"west":{"uv":[8.375,2.75,8.875,3.875],"tintindex":-2,"rotation":0,"texture":"#0"},"up":{"uv":[8.375,2.75,7.875,2.25],"tintindex":-2,"rotation":0,"texture":"#0"},"down":{"uv":[8.875,2.25,8.375,2.75],"tintindex":-2,"rotation":0,"texture":"#0"}}}],"display":{"gui":{"rotation":[30,225,0]}}}