{"textures":{"0":"modelengine:entity/rascal"},"elements":[{"from":[8.0,-0.5,6.0],"to":[12.0,8.5,10.0],"faces":{"east":{"uv":[9.625,2.75,10.125,3.875],"tintindex":-2,"rotation":0,"texture":"#0"},"south":{"uv":[11.125,2.75,11.625,3.875],"tintindex":-2,"rotation":0,"texture":"#0"},"north":{"uv":[10.125,2.75,10.625,3.875],"tintindex":-2,"rotation":0,"texture":"#0"},"west":{"uv":[10.625,2.75,11.125,3.875],"tintindex":-2,"rotation":0,"texture":"#0"},"up":{"uv":[10.625,2.75,10.125,2.25],"tintindex":-2,"rotation":0,"texture":"#0"},"down":{"uv":[11.125,2.25,10.625,2.75],"tintindex":-2,"rotation":0,"texture":"#0"}}}],"display":{"gui":{"rotation":[30,225,0]}}}