{"textures":{"0":"modelengine:entity/rascal"},"elements":[{"from":[4.0,4.0,5.0],"to":[12.0,12.0,11.0],"faces":{"east":{"uv":[6.75,8.125,7.375,9.0],"tintindex":-2,"rotation":0,"texture":"#0"},"south":{"uv":[8.875,8.125,9.75,9.0],"tintindex":-2,"rotation":0,"texture":"#0"},"north":{"uv":[7.375,8.125,8.25,9.0],"tintindex":-2,"rotation":0,"texture":"#0"},"west":{"uv":[8.25,8.125,8.875,9.0],"tintindex":-2,"rotation":0,"texture":"#0"},"up":{"uv":[8.25,8.125,7.375,7.5],"tintindex":-2,"rotation":0,"texture":"#0"},"down":{"uv":[9.125,7.5,8.25,8.125],"tintindex":-2,"rotation":0,"texture":"#0"}}}],"display":{"gui":{"rotation":[30,225,0]}}}