{"textures":{"0":"modelengine:entity/rascal"},"elements":[{"from":[3.49,3.49,0.99],"to":[12.51,11.51,9.01],"faces":{"east":{"uv":[0.25,3.75,1.125,4.625],"tintindex":-2,"rotation":0,"texture":"#0"},"south":{"uv":[3.0,3.75,4.0,4.625],"tintindex":-2,"rotation":0,"texture":"#0"},"north":{"uv":[1.125,3.75,2.125,4.625],"tintindex":-2,"rotation":0,"texture":"#0"},"west":{"uv":[2.125,3.75,3.0,4.625],"tintindex":-2,"rotation":0,"texture":"#0"},"up":{"uv":[2.125,3.75,1.125,2.875],"tintindex":-2,"rotation":0,"texture":"#0"},"down":{"uv":[3.125,2.875,2.125,3.75],"tintindex":-2,"rotation":0,"texture":"#0"}}}],"display":{"gui":{"rotation":[30,225,0]}}}