{"textures":{"0":"modelengine:entity/rascal"},"elements":[{"from":[5.5,3.0,5.5],"to":[10.5,9.0,10.5],"faces":{"east":{"uv":[7.0,5.125,7.625,5.875],"tintindex":-2,"rotation":0,"texture":"#0"},"south":{"uv":[8.875,5.125,9.5,5.875],"tintindex":-2,"rotation":0,"texture":"#0"},"north":{"uv":[7.625,5.125,8.25,5.875],"tintindex":-2,"rotation":0,"texture":"#0"},"west":{"uv":[8.25,5.125,8.875,5.875],"tintindex":-2,"rotation":0,"texture":"#0"},"up":{"uv":[8.25,5.125,7.625,4.5],"tintindex":-2,"rotation":0,"texture":"#0"},"down":{"uv":[8.875,4.5,8.25,5.125],"tintindex":-2,"rotation":0,"texture":"#0"}}}],"display":{"gui":{"rotation":[30,225,0]}}}