{
   "providers":[










      {
         "type":"bitmap",
         "file":"minecraft:guis/menus/dungeons/dungeons/dungeons1.png",
         "ascent":20,
         "height":115,
         "chars":[
             "🌛"
         ]
     },
     {
         "type":"bitmap",
         "file":"minecraft:guis/menus/dungeons/dungeons/dungeons2.png",
         "ascent":20,
         "height":115,
         "chars":[
             "🌙"
         ]
     },


     {
         "type":"bitmap",
         "file":"minecraft:guis/menus/dungeons/dungeons/jungletemple.png",
         "ascent":19,
         "height":78,
         "chars":[
             "🌜"
         ]
     },
     {
         "type":"bitmap",
         "file":"minecraft:guis/menus/dungeons/dungeons/jungletemplequests.png",
         "ascent":18,
         "height":59,
         "chars":[
             "🔥"
         ]
     },


     {
         "type":"bitmap",
         "file":"minecraft:guis/menus/dungeons/dungeons/piratecave.png",
         "ascent":19,
         "height":78,
         "chars":[
             "🍀"
         ]
     },
     {
         "type":"bitmap",
         "file":"minecraft:guis/menus/dungeons/dungeons/piratecavequests.png",
         "ascent":18,
         "height":59,
         "chars":[
             "🌹"
         ]
     },


     {
         "type":"bitmap",
         "file":"minecraft:guis/menus/dungeons/dungeons/eternalfortress.png",
         "ascent":19,
         "height":78,
         "chars":[
             "🥀"
         ]
     },
     {
         "type":"bitmap",
         "file":"minecraft:guis/menus/dungeons/dungeons/eternalfortressquests.png",
         "ascent":18,
         "height":59,
         "chars":[
             "🌻"
         ]
     },


     {
         "type":"bitmap",
         "file":"minecraft:guis/menus/dungeons/dungeons/underwaterdeep.png",
         "ascent":19,
         "height":78,
         "chars":[
             "🌺"
         ]
     },
     {
         "type":"bitmap",
         "file":"minecraft:guis/menus/dungeons/dungeons/underwaterdeepquests.png",
         "ascent":18,
         "height":59,
         "chars":[
             "🍁"
         ]
     },


     {
         "type":"bitmap",
         "file":"minecraft:guis/menus/dungeons/dungeons/ancientmirage.png",
         "ascent":19,
         "height":78,
         "chars":[
             "🍃"
         ]
     },
     {
         "type":"bitmap",
         "file":"minecraft:guis/menus/dungeons/dungeons/ancientmiragequests.png",
         "ascent":18,
         "height":59,
         "chars":[
             "🍂"
         ]
     },


     {
         "type":"bitmap",
         "file":"minecraft:guis/menus/dungeons/dungeons/lostlibrary.png",
         "ascent":19,
         "height":78,
         "chars":[
             "🌿"
         ]
     },
     {
         "type":"bitmap",
         "file":"minecraft:guis/menus/dungeons/dungeons/lostlibraryquests.png",
         "ascent":18,
         "height":59,
         "chars":[
             "🌾"
         ]
     },


     {
         "type":"bitmap",
         "file":"minecraft:guis/menus/dungeons/dungeons/hauntedmansion.png",
         "ascent":19,
         "height":78,
         "chars":[
             "🍄"
         ]
     },
     {
         "type":"bitmap",
         "file":"minecraft:guis/menus/dungeons/dungeons/hauntedmansionquests.png",
         "ascent":18,
         "height":59,
         "chars":[
             "🌵"
         ]
     },


     {
         "type":"bitmap",
         "file":"minecraft:guis/menus/dungeons/dungeons/lavachambers.png",
         "ascent":19,
         "height":78,
         "chars":[
             "🌴"
         ]
     },
     {
         "type":"bitmap",
         "file":"minecraft:guis/menus/dungeons/dungeons/lavachambersquests.png",
         "ascent":18,
         "height":59,
         "chars":[
             "🪙"
         ]
     },









     {
         "type":"bitmap",
         "file":"minecraft:guis/menus/dungeons/enchanter/swordenchanter.png",
         "ascent":18,
         "height":95,
         "chars":[
             "➵"
         ]
     },
     {
         "type":"bitmap",
         "file":"minecraft:guis/menus/dungeons/enchanter/axeenchanter.png",
         "ascent":18,
         "height":95,
         "chars":[
             "➭"
         ]
     },
     {
         "type":"bitmap",
         "file":"minecraft:guis/menus/dungeons/enchanter/bowenchanter.png",
         "ascent":18,
         "height":95,
         "chars":[
             "➴"
         ]
     },
     {
         "type":"bitmap",
         "file":"minecraft:guis/menus/dungeons/enchanter/helmetenchanter.png",
         "ascent":18,
         "height":95,
         "chars":[
             "➳"
         ]
     },
     {
         "type":"bitmap",
         "file":"minecraft:guis/menus/dungeons/enchanter/chestplateenchanter.png",
         "ascent":18,
         "height":95,
         "chars":[
             "➲"
         ]
     },
     {
         "type":"bitmap",
         "file":"minecraft:guis/menus/dungeons/enchanter/leggingsenchanter.png",
         "ascent":18,
         "height":95,
         "chars":[
             "➱"
         ]
     },
     {
         "type":"bitmap",
         "file":"minecraft:guis/menus/dungeons/enchanter/bootsenchanter.png",
         "ascent":18,
         "height":95,
         "chars":[
             "➯"
         ]
     },
     {
         "type":"bitmap",
         "file":"minecraft:guis/menus/dungeons/enchanter/tridentenchanter.png",
         "ascent":18,
         "height":95,
         "chars":[
             "➮"
         ]
     },





     {
         "type":"bitmap",
         "file":"minecraft:guis/menus/dungeons/crates/zombiecrate.png",
         "ascent":33,
         "height":76,
         "chars":[
             "🌱"
         ]
     },
     {
         "type":"bitmap",
         "file":"minecraft:guis/menus/dungeons/crates/skeletoncrate.png",
         "ascent":33,
         "height":76,
         "chars":[
             "🌼"
         ]
     },
     {
         "type":"bitmap",
         "file":"minecraft:guis/menus/dungeons/crates/piglincrate.png",
         "ascent":33,
         "height":76,
         "chars":[
             "🌐"
         ]
     },
     {
         "type":"bitmap",
         "file":"minecraft:guis/menus/dungeons/crates/spidercrate.png",
         "ascent":33,
         "height":76,
         "chars":[
             "👞"
         ]
     },
     {
         "type":"bitmap",
         "file":"minecraft:guis/menus/dungeons/crates/pillagercrate.png",
         "ascent":33,
         "height":76,
         "chars":[
             "👡"
         ]
     },
     {
         "type":"bitmap",
         "file":"minecraft:guis/menus/dungeons/crates/straycrate.png",
         "ascent":33,
         "height":76,
         "chars":[
             "👠"
         ]
     },
     {
         "type":"bitmap",
         "file":"minecraft:guis/menus/dungeons/crates/huskcrate.png",
         "ascent":33,
         "height":76,
         "chars":[
             "👢"
         ]
     },
     {
         "type":"bitmap",
         "file":"minecraft:guis/menus/dungeons/crates/vindicatorcrate.png",
         "ascent":33,
         "height":76,
         "chars":[
             "👕"
         ]
     },
     {
         "type":"bitmap",
         "file":"minecraft:guis/menus/dungeons/crates/hoglincrate.png",
         "ascent":33,
         "height":76,
         "chars":[
             "👔"
         ]
     },
     {
         "type":"bitmap",
         "file":"minecraft:guis/menus/dungeons/crates/guardiancrate.png",
         "ascent":33,
         "height":76,
         "chars":[
             "👚"
         ]
     },
     {
         "type":"bitmap",
         "file":"minecraft:guis/menus/dungeons/crates/drownedcrate.png",
         "ascent":33,
         "height":76,
         "chars":[
             "👗"
         ]
     },
     {
         "type":"bitmap",
         "file":"minecraft:guis/menus/dungeons/crates/zombifiedpiglincrate.png",
         "ascent":33,
         "height":76,
         "chars":[
             "🎽"
         ]
     },
     {
         "type":"bitmap",
         "file":"minecraft:guis/menus/dungeons/crates/ravagercrate.png",
         "ascent":33,
         "height":76,
         "chars":[
             "👖"
         ]
     },
     {
         "type":"bitmap",
         "file":"minecraft:guis/menus/dungeons/crates/cavespidercrate.png",
         "ascent":33,
         "height":76,
         "chars":[
             "👘"
         ]
     },
     {
         "type":"bitmap",
         "file":"minecraft:guis/menus/dungeons/crates/evokercrate.png",
         "ascent":33,
         "height":76,
         "chars":[
             "👙"
         ]
     },
     {
         "type":"bitmap",
         "file":"minecraft:guis/menus/dungeons/crates/wardencrate.png",
         "ascent":33,
         "height":76,
         "chars":[
             "🏮"
         ]
     },
     {
         "type":"bitmap",
         "file":"minecraft:guis/menus/dungeons/crates/witchcrate.png",
         "ascent":33,
         "height":76,
         "chars":[
             "🎪"
         ]
     },
     {
         "type":"bitmap",
         "file":"minecraft:guis/menus/dungeons/crates/blazecrate.png",
         "ascent":33,
         "height":76,
         "chars":[
             "🎭"
         ]
     },
     {
         "type":"bitmap",
         "file":"minecraft:guis/menus/dungeons/crates/witherskeletoncrate.png",
         "ascent":33,
         "height":76,
         "chars":[
             "📍"
         ]
     },






     {
         "type":"bitmap",
         "file":"minecraft:guis/menus/dungeons/warps.png",
         "ascent":33,
         "height":94,
         "chars":[
             "🌞"
         ]
     },






     {
         "type":"bitmap",
         "file":"minecraft:guis/menus/dungeons/serverguide.png",
         "ascent":18,
         "height":95,
         "chars":[
             "💐"
         ]
     },
     {
         "type":"bitmap",
         "file":"minecraft:guis/menus/dungeons/serverguideextended.png",
         "ascent":18,
         "height":95,
         "chars":[
             "🌸"
         ]
     },














      {
         "type":"reference",
         "id":"custom_ui:icons"
      },
      {
         "type":"reference",
         "id":"custom_ui:rank_tags"
      },
      {
         "type":"reference",
         "id":"custom_ui:tier_tags"
      },
      {
         "type":"reference",
         "id":"custom_ui:other_tags"
      },
      {
         "type":"reference",
         "id":"custom_ui:gui_menus"
      },
      {
         "type":"reference",
         "id":"custom_ui:screens"
      },
      {
         "type":"reference",
         "id":"kthirst:kthirst"
      },
      {
         "type":"reference",
         "id":"custom_ui:custom_escape_menu"
      },
      {
         "type":"reference",
         "id":"custom_ui:titles"
      }
   ]
}