{"overrides":[{"predicate":{"custom_model_data":1},"model":"modelengine:buffalo/head"},{"predicate":{"custom_model_data":2},"model":"modelengine:buffalo/leg1"},{"predicate":{"custom_model_data":3},"model":"modelengine:buffalo/leg4"},{"predicate":{"custom_model_data":4},"model":"modelengine:buffalo/leg2"},{"predicate":{"custom_model_data":5},"model":"modelengine:buffalo/leg3"},{"predicate":{"custom_model_data":6},"model":"modelengine:buffalo/body"},{"predicate":{"custom_model_data":7},"model":"modelengine:buffalo/bone2"},{"predicate":{"custom_model_data":8},"model":"modelengine:buffalo/bone"},{"predicate":{"custom_model_data":9},"model":"modelengine:buffalo/body2"},{"predicate":{"custom_model_data":10},"model":"modelengine:crocodile/tail1"},{"predicate":{"custom_model_data":11},"model":"modelengine:crocodile/right_front_leg"},{"predicate":{"custom_model_data":12},"model":"modelengine:crocodile/right_hind_leg"},{"predicate":{"custom_model_data":13},"model":"modelengine:crocodile/bone"},{"predicate":{"custom_model_data":14},"model":"modelengine:crocodile/left_hind_leg"},{"predicate":{"custom_model_data":15},"model":"modelengine:crocodile/body"},{"predicate":{"custom_model_data":16},"model":"modelengine:crocodile/left_front_leg"},{"predicate":{"custom_model_data":17},"model":"modelengine:crocodile/bone5"},{"predicate":{"custom_model_data":18},"model":"modelengine:crocodile/bone4"},{"predicate":{"custom_model_data":19},"model":"modelengine:crocodile/bone3"},{"predicate":{"custom_model_data":20},"model":"modelengine:crocodile/bone2"},{"predicate":{"custom_model_data":21},"model":"modelengine:crocodile/bone6"},{"predicate":{"custom_model_data":22},"model":"modelengine:elephant/body_normal"},{"predicate":{"custom_model_data":23},"model":"modelengine:elephant/tail"},{"predicate":{"custom_model_data":24},"model":"modelengine:elephant/front_left"},{"predicate":{"custom_model_data":25},"model":"modelengine:elephant/back_right"},{"predicate":{"custom_model_data":26},"model":"modelengine:elephant/head2"},{"predicate":{"custom_model_data":27},"model":"modelengine:elephant/front_right"},{"predicate":{"custom_model_data":28},"model":"modelengine:elephant/back_left"},{"predicate":{"custom_model_data":29},"model":"modelengine:elephant/horn_mirror"},{"predicate":{"custom_model_data":30},"model":"modelengine:elephant/horn_mirror2"},{"predicate":{"custom_model_data":31},"model":"modelengine:elephant/trunk"},{"predicate":{"custom_model_data":32},"model":"modelengine:elephant/right_ear"},{"predicate":{"custom_model_data":33},"model":"modelengine:elephant/left_ear"},{"predicate":{"custom_model_data":34},"model":"modelengine:elephant/trunk_lower"},{"predicate":{"custom_model_data":35},"model":"modelengine:giraffe/child_front_right_leg"},{"predicate":{"custom_model_data":36},"model":"modelengine:giraffe/tail"},{"predicate":{"custom_model_data":37},"model":"modelengine:giraffe/child_back_left_leg"},{"predicate":{"custom_model_data":38},"model":"modelengine:giraffe/child_front_left_leg"},{"predicate":{"custom_model_data":39},"model":"modelengine:giraffe/body"},{"predicate":{"custom_model_data":40},"model":"modelengine:giraffe/child_back_right_leg"},{"predicate":{"custom_model_data":41},"model":"modelengine:giraffe/head"},{"predicate":{"custom_model_data":42},"model":"modelengine:giraffe/neck3"},{"predicate":{"custom_model_data":43},"model":"modelengine:giraffe/neck2"},{"predicate":{"custom_model_data":44},"model":"modelengine:giraffe/bone3"},{"predicate":{"custom_model_data":45},"model":"modelengine:giraffe/bone2"},{"predicate":{"custom_model_data":46},"model":"modelengine:giraffe/bone"},{"predicate":{"custom_model_data":47},"model":"modelengine:gorilla/head"},{"predicate":{"custom_model_data":48},"model":"modelengine:gorilla/leg1"},{"predicate":{"custom_model_data":49},"model":"modelengine:gorilla/leg4"},{"predicate":{"custom_model_data":50},"model":"modelengine:gorilla/leg2"},{"predicate":{"custom_model_data":51},"model":"modelengine:gorilla/leg3"},{"predicate":{"custom_model_data":52},"model":"modelengine:gorilla/head2"},{"predicate":{"custom_model_data":53},"model":"modelengine:gorilla/rotation"},{"predicate":{"custom_model_data":54},"model":"modelengine:gorilla/rotation2"},{"predicate":{"custom_model_data":55},"model":"modelengine:greatwhite/head"},{"predicate":{"custom_model_data":56},"model":"modelengine:greatwhite/tail"},{"predicate":{"custom_model_data":57},"model":"modelengine:greatwhite/bone5"},{"predicate":{"custom_model_data":58},"model":"modelengine:greatwhite/bone6"},{"predicate":{"custom_model_data":59},"model":"modelengine:greatwhite/body"},{"predicate":{"custom_model_data":60},"model":"modelengine:greatwhite/bone3"},{"predicate":{"custom_model_data":61},"model":"modelengine:greatwhite/bone10"},{"predicate":{"custom_model_data":62},"model":"modelengine:greatwhite/bone11"},{"predicate":{"custom_model_data":63},"model":"modelengine:greatwhite/bone7"},{"predicate":{"custom_model_data":64},"model":"modelengine:greatwhite/bone9"},{"predicate":{"custom_model_data":65},"model":"modelengine:greatwhite/bone8"},{"predicate":{"custom_model_data":66},"model":"modelengine:greatwhite/bone4"},{"predicate":{"custom_model_data":67},"model":"modelengine:grizzly_bear/head_grizzly"},{"predicate":{"custom_model_data":68},"model":"modelengine:grizzly_bear/leg1_grizzly"},{"predicate":{"custom_model_data":69},"model":"modelengine:grizzly_bear/leg4_grizzly"},{"predicate":{"custom_model_data":70},"model":"modelengine:grizzly_bear/leg2_grizzly"},{"predicate":{"custom_model_data":71},"model":"modelengine:grizzly_bear/leg3_grizzly"},{"predicate":{"custom_model_data":72},"model":"modelengine:grizzly_bear/head_grizzly2"},{"predicate":{"custom_model_data":73},"model":"modelengine:grizzly_bear/rotation_grizzly"},{"predicate":{"custom_model_data":74},"model":"modelengine:hyena/head"},{"predicate":{"custom_model_data":75},"model":"modelengine:hyena/leg1"},{"predicate":{"custom_model_data":76},"model":"modelengine:hyena/leg4"},{"predicate":{"custom_model_data":77},"model":"modelengine:hyena/tail"},{"predicate":{"custom_model_data":78},"model":"modelengine:hyena/leg2"},{"predicate":{"custom_model_data":79},"model":"modelengine:hyena/leg3"},{"predicate":{"custom_model_data":80},"model":"modelengine:hyena/bone"},{"predicate":{"custom_model_data":81},"model":"modelengine:hyena/bone2"},{"predicate":{"custom_model_data":82},"model":"modelengine:lion/head"},{"predicate":{"custom_model_data":83},"model":"modelengine:lion/leg1"},{"predicate":{"custom_model_data":84},"model":"modelengine:lion/leg4"},{"predicate":{"custom_model_data":85},"model":"modelengine:lion/leg2"},{"predicate":{"custom_model_data":86},"model":"modelengine:lion/leg3"},{"predicate":{"custom_model_data":87},"model":"modelengine:lion/body"},{"predicate":{"custom_model_data":88},"model":"modelengine:lion/bone4"},{"predicate":{"custom_model_data":89},"model":"modelengine:lion/bone"},{"predicate":{"custom_model_data":90},"model":"modelengine:lion/bone2"},{"predicate":{"custom_model_data":91},"model":"modelengine:lion2/head"},{"predicate":{"custom_model_data":92},"model":"modelengine:lion2/leg1"},{"predicate":{"custom_model_data":93},"model":"modelengine:lion2/leg4"},{"predicate":{"custom_model_data":94},"model":"modelengine:lion2/leg2"},{"predicate":{"custom_model_data":95},"model":"modelengine:lion2/leg3"},{"predicate":{"custom_model_data":96},"model":"modelengine:lion2/body"},{"predicate":{"custom_model_data":97},"model":"modelengine:lion2/bone"},{"predicate":{"custom_model_data":98},"model":"modelengine:lion2/bone2"},{"predicate":{"custom_model_data":99},"model":"modelengine:rhino/bone5"},{"predicate":{"custom_model_data":100},"model":"modelengine:rhino/bone4"},{"predicate":{"custom_model_data":101},"model":"modelengine:rhino/rhino_leg4"},{"predicate":{"custom_model_data":102},"model":"modelengine:rhino/rhino_leg3"},{"predicate":{"custom_model_data":103},"model":"modelengine:rhino/neck2"},{"predicate":{"custom_model_data":104},"model":"modelengine:rhino/rhino_leg2"},{"predicate":{"custom_model_data":105},"model":"modelengine:rhino/rhino_leg1"},{"predicate":{"custom_model_data":106},"model":"modelengine:rhino/bone"},{"predicate":{"custom_model_data":107},"model":"modelengine:rhino/bone3"},{"predicate":{"custom_model_data":108},"model":"modelengine:rhino/bone2"},{"predicate":{"custom_model_data":109},"model":"modelengine:zebra/front_right_leg"},{"predicate":{"custom_model_data":110},"model":"modelengine:zebra/back_right_leg"},{"predicate":{"custom_model_data":111},"model":"modelengine:zebra/back_left_leg"},{"predicate":{"custom_model_data":112},"model":"modelengine:zebra/front_left_leg"},{"predicate":{"custom_model_data":113},"model":"modelengine:zebra/mane"},{"predicate":{"custom_model_data":114},"model":"modelengine:zebra/neck"},{"predicate":{"custom_model_data":115},"model":"modelengine:zebra/right_ear"},{"predicate":{"custom_model_data":116},"model":"modelengine:zebra/tail2"},{"predicate":{"custom_model_data":117},"model":"modelengine:zebra/body3"},{"predicate":{"custom_model_data":118},"model":"modelengine:greenslime/right_eye"},{"predicate":{"custom_model_data":119},"model":"modelengine:greenslime/mouth"},{"predicate":{"custom_model_data":120},"model":"modelengine:greenslime/left_eye"},{"predicate":{"custom_model_data":121},"model":"modelengine:greenslime/body2"},{"predicate":{"custom_model_data":122},"model":"modelengine:greenslime/body"},{"predicate":{"custom_model_data":123},"model":"modelengine:redslime/right_eye"},{"predicate":{"custom_model_data":124},"model":"modelengine:redslime/mouth"},{"predicate":{"custom_model_data":125},"model":"modelengine:redslime/left_eye"},{"predicate":{"custom_model_data":126},"model":"modelengine:redslime/body2"},{"predicate":{"custom_model_data":127},"model":"modelengine:redslime/body"},{"predicate":{"custom_model_data":128},"model":"modelengine:yellowslime/right_eye"},{"predicate":{"custom_model_data":129},"model":"modelengine:yellowslime/mouth"},{"predicate":{"custom_model_data":130},"model":"modelengine:yellowslime/left_eye"},{"predicate":{"custom_model_data":131},"model":"modelengine:yellowslime/body2"},{"predicate":{"custom_model_data":132},"model":"modelengine:yellowslime/body"},{"predicate":{"custom_model_data":133},"model":"modelengine:deluxe_chest/1"},{"predicate":{"custom_model_data":134},"model":"modelengine:deluxe_chest/bone2"},{"predicate":{"custom_model_data":135},"model":"modelengine:epic_chest/1"},{"predicate":{"custom_model_data":136},"model":"modelengine:epic_chest/bone2"},{"predicate":{"custom_model_data":137},"model":"modelengine:master_chest/1"},{"predicate":{"custom_model_data":138},"model":"modelengine:master_chest/bone2"},{"predicate":{"custom_model_data":139},"model":"modelengine:slime_chest/1"},{"predicate":{"custom_model_data":140},"model":"modelengine:slime_chest/bone2"},{"predicate":{"custom_model_data":141},"model":"modelengine:steamgolem/right_arm"},{"predicate":{"custom_model_data":142},"model":"modelengine:steamgolem/left_leg"},{"predicate":{"custom_model_data":143},"model":"modelengine:steamgolem/body"},{"predicate":{"custom_model_data":144},"model":"modelengine:steamgolem/left_arm"},{"predicate":{"custom_model_data":145},"model":"modelengine:steamgolem/right_leg"},{"predicate":{"custom_model_data":146},"model":"modelengine:steamgolem/right_arm_sub_0"},{"predicate":{"custom_model_data":147},"model":"modelengine:steamgolem/puerta"},{"predicate":{"custom_model_data":148},"model":"modelengine:steamgolem/caldera"},{"predicate":{"custom_model_data":149},"model":"modelengine:steamgolem/alentador"},{"predicate":{"custom_model_data":150},"model":"modelengine:steamgolem/rueda0"},{"predicate":{"custom_model_data":151},"model":"modelengine:steamgolem/rueda1"},{"predicate":{"custom_model_data":152},"model":"modelengine:steamgolem/head2"},{"predicate":{"custom_model_data":153},"model":"modelengine:steamgolem/caja"},{"predicate":{"custom_model_data":154},"model":"modelengine:steamgolem/rueda2"},{"predicate":{"custom_model_data":155},"model":"modelengine:steamgolem/rueda3"},{"predicate":{"custom_model_data":156},"model":"modelengine:steamgolem/left_arm_sub_0"},{"predicate":{"custom_model_data":157},"model":"modelengine:steamgolem/fuego"},{"predicate":{"custom_model_data":158},"model":"modelengine:steamgolem/hchimenea"},{"predicate":{"custom_model_data":159},"model":"modelengine:steamgolem/fuga"},{"predicate":{"custom_model_data":160},"model":"modelengine:steamgolem/ojo"},{"predicate":{"custom_model_data":161},"model":"modelengine:steamgolem/mandibula2"},{"predicate":{"custom_model_data":162},"model":"modelengine:steamgolem/vielasup2"},{"predicate":{"custom_model_data":163},"model":"modelengine:steamgolem/piston"},{"predicate":{"custom_model_data":164},"model":"modelengine:slimeguard/head"},{"predicate":{"custom_model_data":165},"model":"modelengine:slimeguard/right_arm"},{"predicate":{"custom_model_data":166},"model":"modelengine:slimeguard/left_leg"},{"predicate":{"custom_model_data":167},"model":"modelengine:slimeguard/left_arm"},{"predicate":{"custom_model_data":168},"model":"modelengine:slimeguard/right_leg"},{"predicate":{"custom_model_data":169},"model":"modelengine:slimeguard/body"},{"predicate":{"custom_model_data":170},"model":"modelengine:slimeguard/conduit"},{"predicate":{"custom_model_data":171},"model":"modelengine:baby_mammoth/body_normal"},{"predicate":{"custom_model_data":172},"model":"modelengine:baby_mammoth/tail"},{"predicate":{"custom_model_data":173},"model":"modelengine:baby_mammoth/front_left"},{"predicate":{"custom_model_data":174},"model":"modelengine:baby_mammoth/back_right"},{"predicate":{"custom_model_data":175},"model":"modelengine:baby_mammoth/head2"},{"predicate":{"custom_model_data":176},"model":"modelengine:baby_mammoth/front_right"},{"predicate":{"custom_model_data":177},"model":"modelengine:baby_mammoth/back_left"},{"predicate":{"custom_model_data":178},"model":"modelengine:baby_mammoth/horn_mirror"},{"predicate":{"custom_model_data":179},"model":"modelengine:baby_mammoth/horn_mirror2"},{"predicate":{"custom_model_data":180},"model":"modelengine:baby_mammoth/trunk"},{"predicate":{"custom_model_data":181},"model":"modelengine:baby_mammoth/right_ear"},{"predicate":{"custom_model_data":182},"model":"modelengine:baby_mammoth/left_ear"},{"predicate":{"custom_model_data":183},"model":"modelengine:baby_mammoth/trunk_lower"},{"predicate":{"custom_model_data":184},"model":"modelengine:baby_wollyrhino/bone5"},{"predicate":{"custom_model_data":185},"model":"modelengine:baby_wollyrhino/bone4"},{"predicate":{"custom_model_data":186},"model":"modelengine:baby_wollyrhino/neck2"},{"predicate":{"custom_model_data":187},"model":"modelengine:baby_wollyrhino/rhino_leg4"},{"predicate":{"custom_model_data":188},"model":"modelengine:baby_wollyrhino/rhino_leg3"},{"predicate":{"custom_model_data":189},"model":"modelengine:baby_wollyrhino/rhino_leg2"},{"predicate":{"custom_model_data":190},"model":"modelengine:baby_wollyrhino/rhino_leg1"},{"predicate":{"custom_model_data":191},"model":"modelengine:baby_wollyrhino/bone"},{"predicate":{"custom_model_data":192},"model":"modelengine:baby_wollyrhino/bone3"},{"predicate":{"custom_model_data":193},"model":"modelengine:baby_wollyrhino/bone2"},{"predicate":{"custom_model_data":194},"model":"modelengine:magmammoth/body_normal"},{"predicate":{"custom_model_data":195},"model":"modelengine:magmammoth/back"},{"predicate":{"custom_model_data":196},"model":"modelengine:magmammoth/back_right"},{"predicate":{"custom_model_data":197},"model":"modelengine:magmammoth/head2"},{"predicate":{"custom_model_data":198},"model":"modelengine:magmammoth/back_left"},{"predicate":{"custom_model_data":199},"model":"modelengine:magmammoth/front_left2"},{"predicate":{"custom_model_data":200},"model":"modelengine:magmammoth/pata2"},{"predicate":{"custom_model_data":201},"model":"modelengine:magmammoth/left"},{"predicate":{"custom_model_data":202},"model":"modelengine:magmammoth/horn_mirror2"},{"predicate":{"custom_model_data":203},"model":"modelengine:magmammoth/horn_mirror3"},{"predicate":{"custom_model_data":204},"model":"modelengine:magmammoth/right"},{"predicate":{"custom_model_data":205},"model":"modelengine:magmammoth/trunk"},{"predicate":{"custom_model_data":206},"model":"modelengine:magmammoth/right_ear"},{"predicate":{"custom_model_data":207},"model":"modelengine:magmammoth/left_ear"},{"predicate":{"custom_model_data":208},"model":"modelengine:magmammoth/front_right2"},{"predicate":{"custom_model_data":209},"model":"modelengine:magmammoth/pata"},{"predicate":{"custom_model_data":210},"model":"modelengine:magmammoth/left2"},{"predicate":{"custom_model_data":211},"model":"modelengine:magmammoth/right3"},{"predicate":{"custom_model_data":212},"model":"modelengine:magmammoth/trunk_lower"},{"predicate":{"custom_model_data":213},"model":"modelengine:magmammoth/trunk_lower2"},{"predicate":{"custom_model_data":214},"model":"modelengine:magmammoth_fire/body_normal"},{"predicate":{"custom_model_data":215},"model":"modelengine:magmammoth_fire/back"},{"predicate":{"custom_model_data":216},"model":"modelengine:magmammoth_fire/back_right"},{"predicate":{"custom_model_data":217},"model":"modelengine:magmammoth_fire/head2"},{"predicate":{"custom_model_data":218},"model":"modelengine:magmammoth_fire/back_left"},{"predicate":{"custom_model_data":219},"model":"modelengine:magmammoth_fire/front_left2"},{"predicate":{"custom_model_data":220},"model":"modelengine:magmammoth_fire/pata2"},{"predicate":{"custom_model_data":221},"model":"modelengine:magmammoth_fire/left"},{"predicate":{"custom_model_data":222},"model":"modelengine:magmammoth_fire/horn_mirror2"},{"predicate":{"custom_model_data":223},"model":"modelengine:magmammoth_fire/horn_mirror3"},{"predicate":{"custom_model_data":224},"model":"modelengine:magmammoth_fire/right"},{"predicate":{"custom_model_data":225},"model":"modelengine:magmammoth_fire/trunk"},{"predicate":{"custom_model_data":226},"model":"modelengine:magmammoth_fire/right_ear"},{"predicate":{"custom_model_data":227},"model":"modelengine:magmammoth_fire/left_ear"},{"predicate":{"custom_model_data":228},"model":"modelengine:magmammoth_fire/front_right2"},{"predicate":{"custom_model_data":229},"model":"modelengine:magmammoth_fire/pata"},{"predicate":{"custom_model_data":230},"model":"modelengine:magmammoth_fire/left2"},{"predicate":{"custom_model_data":231},"model":"modelengine:magmammoth_fire/right3"},{"predicate":{"custom_model_data":232},"model":"modelengine:magmammoth_fire/trunk_lower"},{"predicate":{"custom_model_data":233},"model":"modelengine:magmammoth_fire/trunk_lower2"},{"predicate":{"custom_model_data":234},"model":"modelengine:mammoth/body_normal"},{"predicate":{"custom_model_data":235},"model":"modelengine:mammoth/tail"},{"predicate":{"custom_model_data":236},"model":"modelengine:mammoth/front_left"},{"predicate":{"custom_model_data":237},"model":"modelengine:mammoth/back_right"},{"predicate":{"custom_model_data":238},"model":"modelengine:mammoth/head2"},{"predicate":{"custom_model_data":239},"model":"modelengine:mammoth/front_right"},{"predicate":{"custom_model_data":240},"model":"modelengine:mammoth/back_left"},{"predicate":{"custom_model_data":241},"model":"modelengine:mammoth/horn_mirror"},{"predicate":{"custom_model_data":242},"model":"modelengine:mammoth/horn_mirror2"},{"predicate":{"custom_model_data":243},"model":"modelengine:mammoth/trunk"},{"predicate":{"custom_model_data":244},"model":"modelengine:mammoth/right_ear"},{"predicate":{"custom_model_data":245},"model":"modelengine:mammoth/left_ear"},{"predicate":{"custom_model_data":246},"model":"modelengine:mammoth/trunk_lower"},{"predicate":{"custom_model_data":247},"model":"modelengine:smilodon/head"},{"predicate":{"custom_model_data":248},"model":"modelengine:smilodon/leg1"},{"predicate":{"custom_model_data":249},"model":"modelengine:smilodon/leg4"},{"predicate":{"custom_model_data":250},"model":"modelengine:smilodon/leg2"},{"predicate":{"custom_model_data":251},"model":"modelengine:smilodon/leg3"},{"predicate":{"custom_model_data":252},"model":"modelengine:smilodon/body"},{"predicate":{"custom_model_data":253},"model":"modelengine:smilodon/head2"},{"predicate":{"custom_model_data":254},"model":"modelengine:smilodon/bone2"},{"predicate":{"custom_model_data":255},"model":"modelengine:wollyrhino/bone5"},{"predicate":{"custom_model_data":256},"model":"modelengine:wollyrhino/bone4"},{"predicate":{"custom_model_data":257},"model":"modelengine:wollyrhino/neck2"},{"predicate":{"custom_model_data":258},"model":"modelengine:wollyrhino/rhino_leg4"},{"predicate":{"custom_model_data":259},"model":"modelengine:wollyrhino/rhino_leg3"},{"predicate":{"custom_model_data":260},"model":"modelengine:wollyrhino/rhino_leg2"},{"predicate":{"custom_model_data":261},"model":"modelengine:wollyrhino/rhino_leg1"},{"predicate":{"custom_model_data":262},"model":"modelengine:wollyrhino/bone"},{"predicate":{"custom_model_data":263},"model":"modelengine:wollyrhino/bone3"},{"predicate":{"custom_model_data":264},"model":"modelengine:wollyrhino/bone2"}],"parent":"minecraft:item/generated","textures":{"layer0":"minecraft:item/leather_horse_armor"}}