{"textures":{"0":"modelengine:entity/mammoth"},"elements":[{"from":[0.7199998,11.38,5.66],"to":[15.280001,29.06,25.94],"faces":{"east":{"uv":[0.0,4.125,1.9375,9.875],"tintindex":0,"rotation":0,"texture":"#0"},"south":{"uv":[5.625,4.0,7.4375,9.875],"tintindex":0,"rotation":0,"texture":"#0"},"north":{"uv":[1.9375,4.25,3.75,9.875],"tintindex":0,"rotation":0,"texture":"#0"},"west":{"uv":[3.8125,4.125,5.625,9.875],"tintindex":0,"rotation":0,"texture":"#0"},"up":{"uv":[3.75,4.125,2.0,0.0],"tintindex":0,"rotation":0,"texture":"#0"},"down":{"uv":[5.5625,0.0,3.8125,4.125],"tintindex":0,"rotation":0,"texture":"#0"}}},{"from":[0.7199998,4.1,6.18],"to":[15.280001,11.38,23.34],"faces":{"east":{"uv":[0.0,4.0,2.0,5.75],"tintindex":0,"rotation":0,"texture":"#0"},"south":{"uv":[5.8125,4.0,7.4375,5.75],"tintindex":0,"rotation":0,"texture":"#0"},"north":{"uv":[2.0,4.0,3.75,5.75],"tintindex":0,"rotation":0,"texture":"#0"},"west":{"uv":[3.75,4.0,5.8125,5.75],"tintindex":0,"rotation":0,"texture":"#0"},"up":{"uv":[3.75,4.0,2.0,-0.125],"tintindex":0,"rotation":0,"texture":"#0"},"down":{"uv":[5.5,-0.125,3.75,4.0],"tintindex":0,"rotation":0,"texture":"#0"}}}],"display":{"gui":{"rotation":[30,225,0]}}}