{"textures":{"0":"modelengine:entity/mammoth"},"elements":[{"from":[5.1400003,-7.34,5.14],"to":[10.86,10.860001,10.86],"faces":{"east":{"uv":[14.5625,1.375,13.875,5.75],"tintindex":0,"rotation":0,"texture":"#0"},"south":{"uv":[15.25,1.375,14.5625,5.75],"tintindex":0,"rotation":0,"texture":"#0"},"north":{"uv":[13.875,1.375,13.1875,5.75],"tintindex":0,"rotation":0,"texture":"#0"},"west":{"uv":[13.1875,1.375,12.5,5.75],"tintindex":0,"rotation":0,"texture":"#0"},"up":{"uv":[13.1875,1.375,13.875,0.0],"tintindex":0,"rotation":0,"texture":"#0"},"down":{"uv":[13.875,0.0,14.5625,1.375],"tintindex":0,"rotation":0,"texture":"#0"}}}],"display":{"gui":{"rotation":[30,225,0]}}}