{"textures":{"0":"modelengine:entity/mammoth"},"elements":[{"from":[2.8000002,2.2799997,0.20000029],"to":[13.2,14.24,10.6],"faces":{"east":{"uv":[7.5,2.5,8.75,5.375],"tintindex":0,"rotation":0,"texture":"#0"},"south":{"uv":[11.25,2.5,12.5,5.375],"tintindex":0,"rotation":0,"texture":"#0"},"north":{"uv":[8.75,2.5,10.0,5.375],"tintindex":0,"rotation":0,"texture":"#0"},"west":{"uv":[10.0,2.5,11.25,5.375],"tintindex":0,"rotation":0,"texture":"#0"},"up":{"uv":[10.0,2.5,8.75,0.0],"tintindex":0,"rotation":0,"texture":"#0"},"down":{"uv":[11.25,0.0,10.0,2.5],"tintindex":0,"rotation":0,"texture":"#0"}}},{"from":[2.8000002,10.08,-10.199999],"to":[13.2,14.24,0.7199998],"faces":{"east":{"uv":[8.8125,0.25,10.125,1.25],"tintindex":0,"rotation":0,"texture":"#0"},"south":{"uv":[11.3125,2.75,12.5625,3.75],"tintindex":0,"rotation":0,"texture":"#0"},"north":{"uv":[8.875,1.125,10.125,1.875],"tintindex":0,"rotation":0,"texture":"#0"},"west":{"uv":[8.8125,1.25,10.125,2.25],"tintindex":0,"rotation":0,"texture":"#0"},"up":{"uv":[10.0625,2.625,8.8125,0.0],"tintindex":0,"rotation":0,"texture":"#0"},"down":{"uv":[11.25,0.0,10.0,2.625],"tintindex":0,"rotation":0,"texture":"#0"}},"rotation":{"origin":[8.0,-13.32,5.4],"angle":22.5,"axis":"x"}}],"display":{"gui":{"rotation":[30,225,0]}}}