{"textures":{"0":"modelengine:entity/mammoth"},"elements":[{"from":[9.559999,11.84,-5.26],"to":[10.1,12.94,-4.46],"faces":{"east":{"uv":[1.125,0.0,0.875,2.0],"tintindex":0,"rotation":0,"texture":"#0"},"south":{"uv":[1.125,0.0,0.875,2.0],"tintindex":0,"rotation":0,"texture":"#0"},"north":{"uv":[1.125,0.0,0.875,2.0],"tintindex":0,"rotation":0,"texture":"#0"},"west":{"uv":[1.125,0.0,0.875,2.0],"tintindex":0,"rotation":0,"texture":"#0"},"up":{"uv":[1.125,0.0,0.875,2.0],"tintindex":0,"rotation":0,"texture":"#0"},"down":{"uv":[1.125,0.0,0.875,2.0],"tintindex":0,"rotation":0,"texture":"#0"}},"rotation":{"origin":[8.02,3.8400002,2.8200002],"angle":22.5,"axis":"x"}},{"from":[9.3,12.68,-4.4799995],"to":[10.86,15.28,-2.92],"faces":{"east":{"uv":[8.75,6.625,8.0625,8.5],"tintindex":0,"rotation":0,"texture":"#0"},"south":{"uv":[8.75,6.625,8.0625,8.5],"tintindex":0,"rotation":0,"texture":"#0"},"north":{"uv":[8.75,6.625,8.0625,8.5],"tintindex":0,"rotation":0,"texture":"#0"},"west":{"uv":[8.75,6.625,8.0625,8.5],"tintindex":0,"rotation":0,"texture":"#0"},"up":{"uv":[8.75,6.625,8.0625,8.5],"tintindex":0,"rotation":0,"texture":"#0"},"down":{"uv":[8.75,6.625,8.0625,8.5],"tintindex":0,"rotation":0,"texture":"#0"}},"rotation":{"origin":[8.0,6.1800003,4.3599997],"angle":22.5,"axis":"x"}}],"display":{"gui":{"rotation":[30,225,0]}}}