{"textures":{"0":"modelengine:entity/mammoth"},"elements":[{"from":[5.92,-4.5037003,7.2308903],"to":[10.08,-1.9036999,11.390891],"faces":{"east":{"uv":[10.0,6.625,10.625,8.625],"tintindex":0,"rotation":0,"texture":"#0"},"south":{"uv":[11.875,6.625,12.5,8.625],"tintindex":0,"rotation":0,"texture":"#0"},"north":{"uv":[10.625,6.625,11.25,8.625],"tintindex":0,"rotation":0,"texture":"#0"},"west":{"uv":[11.25,6.625,11.875,8.625],"tintindex":0,"rotation":0,"texture":"#0"},"up":{"uv":[11.25,6.625,10.625,5.375],"tintindex":0,"rotation":0,"texture":"#0"},"down":{"uv":[11.875,5.375,11.25,6.625],"tintindex":0,"rotation":0,"texture":"#0"}}},{"from":[5.92,-1.9036999,7.2308903],"to":[10.08,7.4563,11.390891],"faces":{"east":{"uv":[10.0,6.625,10.625,8.625],"tintindex":0,"rotation":0,"texture":"#0"},"south":{"uv":[11.875,6.625,12.5,8.625],"tintindex":0,"rotation":0,"texture":"#0"},"north":{"uv":[10.625,6.625,11.25,8.625],"tintindex":0,"rotation":0,"texture":"#0"},"west":{"uv":[11.25,6.625,11.875,8.625],"tintindex":0,"rotation":0,"texture":"#0"},"up":{"uv":[11.25,6.625,10.625,5.375],"tintindex":0,"rotation":0,"texture":"#0"},"down":{"uv":[11.875,5.375,11.25,6.625],"tintindex":0,"rotation":0,"texture":"#0"}}}],"display":{"gui":{"rotation":[30,225,0]}}}