{"textures":{"0":"modelengine:entity/buffalo"},"elements":[{"from":[7.0,8.0,1.5],"to":[9.0,8.0,10.5],"faces":{"east":{"uv":[4.5,7.0,7.0,10.0],"tintindex":-2,"rotation":0,"texture":"#0"},"south":{"uv":[12.5,7.0,15.5,10.0],"tintindex":-2,"rotation":0,"texture":"#0"},"north":{"uv":[7.0,7.0,10.0,10.0],"tintindex":-2,"rotation":0,"texture":"#0"},"west":{"uv":[10.0,7.0,12.5,10.0],"tintindex":-2,"rotation":0,"texture":"#0"},"up":{"uv":[10.0,7.0,7.0,2.0],"tintindex":-2,"rotation":0,"texture":"#0"},"down":{"uv":[10.75,7.0,10.0,14.0],"tintindex":-2,"rotation":0,"texture":"#0"}},"rotation":{"origin":[8.0,8.0,8.0],"angle":-22.5,"axis":"x"}}],"display":{"gui":{"rotation":[30,225,0]}}}