{"textures":{"0":"modelengine:entity/buffalo"},"elements":[{"from":[3.9499998,21.5,-8.5],"to":[4.95,22.5,-7.0],"faces":{"east":{"uv":[13.0,5.0,13.75,6.0],"tintindex":-2,"rotation":0,"texture":"#0"},"south":{"uv":[15.0,5.0,15.5,6.0],"tintindex":-2,"rotation":0,"texture":"#0"},"north":{"uv":[13.75,5.0,14.25,6.0],"tintindex":-2,"rotation":0,"texture":"#0"},"west":{"uv":[14.25,5.0,15.0,6.0],"tintindex":-2,"rotation":0,"texture":"#0"},"up":{"uv":[14.25,5.0,13.75,3.5],"tintindex":-2,"rotation":0,"texture":"#0"},"down":{"uv":[14.75,3.5,14.25,5.0],"tintindex":-2,"rotation":0,"texture":"#0"}}},{"from":[4.95,19.5,-8.5],"to":[6.45,21.0,-7.0],"faces":{"east":{"uv":[13.0,5.0,13.75,6.5],"tintindex":-2,"rotation":0,"texture":"#0"},"south":{"uv":[15.25,5.0,16.0,6.5],"tintindex":-2,"rotation":0,"texture":"#0"},"north":{"uv":[13.75,5.0,14.5,6.5],"tintindex":-2,"rotation":0,"texture":"#0"},"west":{"uv":[14.5,5.0,15.25,6.5],"tintindex":-2,"rotation":0,"texture":"#0"},"up":{"uv":[14.5,5.0,13.75,3.5],"tintindex":-2,"rotation":0,"texture":"#0"},"down":{"uv":[15.25,3.5,14.5,5.0],"tintindex":-2,"rotation":0,"texture":"#0"}}},{"from":[3.9499998,19.5,-8.5],"to":[4.95,21.5,-7.0],"faces":{"east":{"uv":[13.0,5.0,13.75,7.0],"tintindex":-2,"rotation":0,"texture":"#0"},"south":{"uv":[15.0,5.0,15.5,7.0],"tintindex":-2,"rotation":0,"texture":"#0"},"north":{"uv":[13.75,5.0,14.25,7.0],"tintindex":-2,"rotation":0,"texture":"#0"},"west":{"uv":[14.25,5.0,15.0,7.0],"tintindex":-2,"rotation":0,"texture":"#0"},"up":{"uv":[14.25,5.0,13.75,3.5],"tintindex":-2,"rotation":0,"texture":"#0"},"down":{"uv":[14.75,3.5,14.25,5.0],"tintindex":-2,"rotation":0,"texture":"#0"}}},{"from":[6.45,19.5,-8.5],"to":[7.95,21.0,-7.0],"faces":{"east":{"uv":[13.0,5.0,13.75,6.5],"tintindex":-2,"rotation":0,"texture":"#0"},"south":{"uv":[15.25,5.0,16.0,6.5],"tintindex":-2,"rotation":0,"texture":"#0"},"north":{"uv":[13.75,5.0,14.5,6.5],"tintindex":-2,"rotation":0,"texture":"#0"},"west":{"uv":[14.5,5.0,15.25,6.5],"tintindex":-2,"rotation":0,"texture":"#0"},"up":{"uv":[14.5,5.0,13.75,3.5],"tintindex":-2,"rotation":0,"texture":"#0"},"down":{"uv":[15.25,3.5,14.5,5.0],"tintindex":-2,"rotation":0,"texture":"#0"}}},{"from":[4.95,22.0,-8.5],"to":[5.45,22.5,-7.0],"faces":{"east":{"uv":[13.0,5.0,13.75,5.5],"tintindex":-2,"rotation":0,"texture":"#0"},"south":{"uv":[14.75,5.0,15.0,5.5],"tintindex":-2,"rotation":0,"texture":"#0"},"north":{"uv":[13.75,5.0,14.0,5.5],"tintindex":-2,"rotation":0,"texture":"#0"},"west":{"uv":[14.0,5.0,14.75,5.5],"tintindex":-2,"rotation":0,"texture":"#0"},"up":{"uv":[14.0,5.0,13.75,3.5],"tintindex":-2,"rotation":0,"texture":"#0"},"down":{"uv":[14.25,3.5,14.0,5.0],"tintindex":-2,"rotation":0,"texture":"#0"}}}],"display":{"gui":{"rotation":[30,225,0]}}}