{"textures":{"0":"modelengine:entity/buffalo"},"elements":[{"from":[5.0495,19.4995,1.9995003],"to":[6.5505,21.0005,3.5005002],"faces":{"east":{"uv":[13.0,5.0,13.75,6.5],"tintindex":-2,"rotation":0,"texture":"#0"},"south":{"uv":[15.25,5.0,16.0,6.5],"tintindex":-2,"rotation":0,"texture":"#0"},"north":{"uv":[13.75,5.0,14.5,6.5],"tintindex":-2,"rotation":0,"texture":"#0"},"west":{"uv":[14.5,5.0,15.25,6.5],"tintindex":-2,"rotation":0,"texture":"#0"},"up":{"uv":[14.5,5.0,13.75,3.5],"tintindex":-2,"rotation":0,"texture":"#0"},"down":{"uv":[15.25,3.5,14.5,5.0],"tintindex":-2,"rotation":0,"texture":"#0"}}},{"from":[6.5495,19.4995,1.9995003],"to":[8.050501,21.0005,3.5005002],"faces":{"east":{"uv":[13.0,5.0,13.75,6.5],"tintindex":-2,"rotation":0,"texture":"#0"},"south":{"uv":[15.25,5.0,16.0,6.5],"tintindex":-2,"rotation":0,"texture":"#0"},"north":{"uv":[13.75,5.0,14.5,6.5],"tintindex":-2,"rotation":0,"texture":"#0"},"west":{"uv":[14.5,5.0,15.25,6.5],"tintindex":-2,"rotation":0,"texture":"#0"},"up":{"uv":[14.5,5.0,13.75,3.5],"tintindex":-2,"rotation":0,"texture":"#0"},"down":{"uv":[15.25,3.5,14.5,5.0],"tintindex":-2,"rotation":0,"texture":"#0"}}},{"from":[5.0495,21.9995,1.9995003],"to":[5.5505,22.5005,3.5005002],"faces":{"east":{"uv":[13.0,5.0,13.75,5.5],"tintindex":-2,"rotation":0,"texture":"#0"},"south":{"uv":[14.75,5.0,15.0,5.5],"tintindex":-2,"rotation":0,"texture":"#0"},"north":{"uv":[13.75,5.0,14.0,5.5],"tintindex":-2,"rotation":0,"texture":"#0"},"west":{"uv":[14.0,5.0,14.75,5.5],"tintindex":-2,"rotation":0,"texture":"#0"},"up":{"uv":[14.0,5.0,13.75,3.5],"tintindex":-2,"rotation":0,"texture":"#0"},"down":{"uv":[14.25,3.5,14.0,5.0],"tintindex":-2,"rotation":0,"texture":"#0"}}},{"from":[4.0495,19.4995,1.9995003],"to":[5.0505,21.5005,3.5005002],"faces":{"east":{"uv":[13.0,5.0,13.75,7.0],"tintindex":-2,"rotation":0,"texture":"#0"},"south":{"uv":[15.0,5.0,15.5,7.0],"tintindex":-2,"rotation":0,"texture":"#0"},"north":{"uv":[13.75,5.0,14.25,7.0],"tintindex":-2,"rotation":0,"texture":"#0"},"west":{"uv":[14.25,5.0,15.0,7.0],"tintindex":-2,"rotation":0,"texture":"#0"},"up":{"uv":[14.25,5.0,13.75,3.5],"tintindex":-2,"rotation":0,"texture":"#0"},"down":{"uv":[14.75,3.5,14.25,5.0],"tintindex":-2,"rotation":0,"texture":"#0"}}},{"from":[4.0495,21.4995,1.9995003],"to":[5.0505,22.5005,3.5005002],"faces":{"east":{"uv":[13.0,5.0,13.75,6.0],"tintindex":-2,"rotation":0,"texture":"#0"},"south":{"uv":[15.0,5.0,15.5,6.0],"tintindex":-2,"rotation":0,"texture":"#0"},"north":{"uv":[13.75,5.0,14.25,6.0],"tintindex":-2,"rotation":0,"texture":"#0"},"west":{"uv":[14.25,5.0,15.0,6.0],"tintindex":-2,"rotation":0,"texture":"#0"},"up":{"uv":[14.25,5.0,13.75,3.5],"tintindex":-2,"rotation":0,"texture":"#0"},"down":{"uv":[14.75,3.5,14.25,5.0],"tintindex":-2,"rotation":0,"texture":"#0"}}}],"display":{"gui":{"rotation":[30,225,0]}}}