{"textures":{"0":"modelengine:entity/wollymammoth"},"elements":[{"from":[13.018382,0.80825806,5.75],"to":[20.518383,8.308258,6.75],"faces":{"east":{"uv":[5.5,0.125,5.5625,2.5],"tintindex":-2,"rotation":0,"texture":"#0"},"south":{"uv":[6.625,0.125,7.625,2.5],"tintindex":-2,"rotation":0,"texture":"#0"},"north":{"uv":[5.5625,0.125,6.5625,2.5],"tintindex":-2,"rotation":0,"texture":"#0"},"west":{"uv":[6.5625,0.125,6.625,2.5],"tintindex":-2,"rotation":0,"texture":"#0"},"up":{"uv":[6.5625,0.125,5.5625,0.0],"tintindex":-2,"rotation":0,"texture":"#0"},"down":{"uv":[7.5625,0.0,6.5625,0.125],"tintindex":-2,"rotation":0,"texture":"#0"}},"rotation":{"origin":[7.621456,0.80810547,16.12627],"angle":22.5,"axis":"z"}}],"display":{"gui":{"rotation":[30,225,0]}}}