{"textures":{"0":"modelengine:entity/hippo"},"elements":[{"from":[0.0,-2.0,-5.0],"to":[16.0,14.0,21.0],"faces":{"east":{"uv":[0.0,4.3333335,4.3333335,7.0],"tintindex":0,"rotation":0,"texture":"#0"},"south":{"uv":[11.333334,4.3333335,14.0,7.0],"tintindex":0,"rotation":0,"texture":"#0"},"north":{"uv":[4.3333335,4.3333335,7.0,7.0],"tintindex":0,"rotation":0,"texture":"#0"},"west":{"uv":[7.0,4.3333335,11.333334,7.0],"tintindex":0,"rotation":0,"texture":"#0"},"up":{"uv":[7.0,4.3333335,4.3333335,0.0],"tintindex":0,"rotation":0,"texture":"#0"},"down":{"uv":[9.666667,0.0,7.0,4.3333335],"tintindex":0,"rotation":0,"texture":"#0"}}}],"display":{"gui":{"rotation":[30,225,0]}}}