{"textures":{"0":"modelengine:entity/hippo"},"elements":[{"from":[7.0,7.0,6.0],"to":[9.0,9.0,12.0],"faces":{"east":{"uv":[11.333334,4.0,12.333334,4.3333335],"tintindex":0,"rotation":0,"texture":"#0"},"south":{"uv":[13.666667,4.0,14.0,4.3333335],"tintindex":0,"rotation":0,"texture":"#0"},"north":{"uv":[12.333334,4.0,12.666667,4.3333335],"tintindex":0,"rotation":0,"texture":"#0"},"west":{"uv":[12.666667,4.0,13.666667,4.3333335],"tintindex":0,"rotation":0,"texture":"#0"},"up":{"uv":[12.666667,4.0,12.333334,3.0],"tintindex":0,"rotation":0,"texture":"#0"},"down":{"uv":[13.0,3.0,12.666667,4.0],"tintindex":0,"rotation":0,"texture":"#0"}}}],"display":{"gui":{"rotation":[30,225,0]}}}