{"textures":{"0":"modelengine:entity/hippo"},"elements":[{"from":[-1.7520094,7.5021095,7.0],"to":[1.2479897,8.50211,9.0],"faces":{"east":{"uv":[9.666667,3.6666667,10.0,3.8333335],"tintindex":0,"rotation":0,"texture":"#0"},"south":{"uv":[10.833334,3.6666667,11.333334,3.8333335],"tintindex":0,"rotation":0,"texture":"#0"},"north":{"uv":[10.0,3.6666667,10.5,3.8333335],"tintindex":0,"rotation":0,"texture":"#0"},"west":{"uv":[10.5,3.6666667,10.833334,3.8333335],"tintindex":0,"rotation":0,"texture":"#0"},"up":{"uv":[10.5,3.6666667,10.0,3.3333335],"tintindex":0,"rotation":0,"texture":"#0"},"down":{"uv":[11.0,3.3333335,10.5,3.6666667],"tintindex":0,"rotation":0,"texture":"#0"}}},{"from":[14.75201,7.4978886,7.0],"to":[17.75201,8.497889,9.0],"faces":{"east":{"uv":[9.666667,3.6666667,10.0,3.8333335],"tintindex":0,"rotation":0,"texture":"#0"},"south":{"uv":[10.833334,3.6666667,11.333334,3.8333335],"tintindex":0,"rotation":0,"texture":"#0"},"north":{"uv":[10.0,3.6666667,10.5,3.8333335],"tintindex":0,"rotation":0,"texture":"#0"},"west":{"uv":[10.5,3.6666667,10.833334,3.8333335],"tintindex":0,"rotation":0,"texture":"#0"},"up":{"uv":[10.5,3.6666667,10.0,3.3333335],"tintindex":0,"rotation":0,"texture":"#0"},"down":{"uv":[11.0,3.3333335,10.5,3.6666667],"tintindex":0,"rotation":0,"texture":"#0"}}}],"display":{"gui":{"rotation":[30,225,0]}}}