{"textures":{"0":"modelengine:entity/greatwhite"},"elements":[{"from":[5.8999996,7.5,6.0],"to":[9.9,8.5,10.0],"faces":{"east":{"uv":[6.666667,2.5,7.3333335,2.6666667],"tintindex":-2,"rotation":0,"texture":"#0"},"south":{"uv":[8.666667,2.5,9.333334,2.6666667],"tintindex":-2,"rotation":0,"texture":"#0"},"north":{"uv":[7.3333335,2.5,8.0,2.6666667],"tintindex":-2,"rotation":0,"texture":"#0"},"west":{"uv":[8.0,2.5,8.666667,2.6666667],"tintindex":-2,"rotation":0,"texture":"#0"},"up":{"uv":[8.0,2.5,7.3333335,1.8333334],"tintindex":-2,"rotation":0,"texture":"#0"},"down":{"uv":[8.666667,1.8333334,8.0,2.5],"tintindex":-2,"rotation":0,"texture":"#0"}}}],"display":{"gui":{"rotation":[30,225,0]}}}