{"textures":{"0":"modelengine:entity/greatwhite"},"elements":[{"from":[7.5,4.5,4.5],"to":[8.5,12.5,11.5],"faces":{"east":{"uv":[0.0,1.3333334,1.1666667,2.6666667],"tintindex":-2,"rotation":0,"texture":"#0"},"south":{"uv":[2.5,1.3333334,2.6666667,2.6666667],"tintindex":-2,"rotation":0,"texture":"#0"},"north":{"uv":[1.1666667,1.3333334,1.3333334,2.6666667],"tintindex":-2,"rotation":0,"texture":"#0"},"west":{"uv":[1.3333334,1.3333334,2.5,2.6666667],"tintindex":-2,"rotation":0,"texture":"#0"},"up":{"uv":[1.3333334,1.3333334,1.1666667,0.16666667],"tintindex":-2,"rotation":0,"texture":"#0"},"down":{"uv":[1.5,0.16666667,1.3333334,1.3333334],"tintindex":-2,"rotation":0,"texture":"#0"}}}],"display":{"gui":{"rotation":[30,225,0]}}}