{"textures":{"0":"modelengine:entity/greatwhite"},"elements":[{"from":[4.0,4.35,4.3],"to":[12.0,6.35,11.3],"faces":{"east":{"uv":[0.0,10.333334,1.1666667,10.666667],"tintindex":-2,"rotation":0,"texture":"#0"},"south":{"uv":[3.6666667,10.333334,5.0,10.666667],"tintindex":-2,"rotation":0,"texture":"#0"},"north":{"uv":[1.1666667,10.333334,2.5,10.666667],"tintindex":-2,"rotation":0,"texture":"#0"},"west":{"uv":[2.5,10.333334,3.6666667,10.666667],"tintindex":-2,"rotation":0,"texture":"#0"},"up":{"uv":[2.5,10.333334,1.1666667,9.166667],"tintindex":-2,"rotation":0,"texture":"#0"},"down":{"uv":[3.8333335,9.166667,2.5,10.333334],"tintindex":-2,"rotation":0,"texture":"#0"}}}],"display":{"gui":{"rotation":[30,225,0]}}}