{"textures":{"0":"modelengine:entity/slime"},"elements":[{"from":[7.5,7.5,7.5],"to":[8.5,8.5,8.5],"faces":{"east":{"uv":[8.0,4.5,8.25,5.0],"tintindex":-2,"rotation":0,"texture":"#0"},"south":{"uv":[8.75,4.5,9.0,5.0],"tintindex":-2,"rotation":0,"texture":"#0"},"north":{"uv":[8.25,4.5,8.5,5.0],"tintindex":-2,"rotation":0,"texture":"#0"},"west":{"uv":[8.5,4.5,8.75,5.0],"tintindex":-2,"rotation":0,"texture":"#0"},"up":{"uv":[8.5,4.5,8.25,4.0],"tintindex":-2,"rotation":0,"texture":"#0"},"down":{"uv":[8.75,4.0,8.5,4.5],"tintindex":-2,"rotation":0,"texture":"#0"}}}],"display":{"gui":{"rotation":[30,225,0]}}}