{"textures":{"0":"modelengine:entity/greatwhite"},"elements":[{"from":[2.0,7.5,6.0],"to":[14.0,19.5,22.0],"faces":{"east":{"uv":[0.0,2.6666667,2.6666667,4.666667],"tintindex":-2,"rotation":0,"texture":"#0"},"south":{"uv":[7.3333335,2.6666667,9.333334,4.666667],"tintindex":-2,"rotation":0,"texture":"#0"},"north":{"uv":[2.6666667,2.6666667,4.666667,4.666667],"tintindex":-2,"rotation":0,"texture":"#0"},"west":{"uv":[4.666667,2.6666667,7.3333335,4.666667],"tintindex":-2,"rotation":0,"texture":"#0"},"up":{"uv":[4.666667,2.6666667,2.6666667,0.0],"tintindex":-2,"rotation":0,"texture":"#0"},"down":{"uv":[6.666667,0.0,4.666667,2.6666667],"tintindex":-2,"rotation":0,"texture":"#0"}}}],"display":{"gui":{"rotation":[30,225,0]}}}