{"textures":{"0":"modelengine:entity/lion"},"elements":[{"from":[4.1400003,-7.58,16.980001],"to":[11.64,-1.5799999,23.980001],"faces":{"east":{"uv":[0.0,1.8000001,1.8000001,4.0],"tintindex":-2,"rotation":0,"texture":"#0"},"south":{"uv":[6.0,1.8000001,8.400001,4.0],"tintindex":-2,"rotation":0,"texture":"#0"},"north":{"uv":[1.8000001,1.8000001,4.2000003,4.0],"tintindex":-2,"rotation":0,"texture":"#0"},"west":{"uv":[4.2000003,1.8000001,6.0,4.0],"tintindex":-2,"rotation":0,"texture":"#0"},"up":{"uv":[4.2000003,1.8000001,1.8000001,0.0],"tintindex":-2,"rotation":0,"texture":"#0"},"down":{"uv":[6.6,0.0,4.2000003,1.8000001],"tintindex":-2,"rotation":0,"texture":"#0"}}}],"display":{"gui":{"rotation":[30,225,0]}}}