{"textures":{"0":"modelengine:entity/gorilla"},"elements":[{"from":[6.0250006,1.2849998,4.8399997],"to":[11.555,14.715,11.16],"faces":{"east":{"uv":[8.125,4.25,9.125,6.375],"tintindex":-2,"rotation":0,"texture":"#0"},"south":{"uv":[11.0,4.25,11.875,6.375],"tintindex":-2,"rotation":0,"texture":"#0"},"north":{"uv":[9.125,4.25,10.0,6.375],"tintindex":-2,"rotation":0,"texture":"#0"},"west":{"uv":[10.0,4.25,11.0,6.375],"tintindex":-2,"rotation":0,"texture":"#0"},"up":{"uv":[10.0,4.25,9.125,3.25],"tintindex":-2,"rotation":0,"texture":"#0"},"down":{"uv":[10.875,3.25,10.0,4.25],"tintindex":-2,"rotation":0,"texture":"#0"}}}],"display":{"gui":{"rotation":[30,225,0]}}}