{"textures":{"0":"modelengine:entity/bears"},"elements":[{"from":[6.275,1.79,2.8249998],"to":[10.415,3.17,4.205],"faces":{"east":{"uv":[13.5,6.375,13.625,6.625],"tintindex":-2,"rotation":0,"texture":"#0"},"south":{"uv":[14.125,6.375,14.5,6.625],"tintindex":-2,"rotation":0,"texture":"#0"},"north":{"uv":[13.625,6.375,14.0,6.625],"tintindex":-2,"rotation":0,"texture":"#0"},"west":{"uv":[14.0,6.375,14.125,6.625],"tintindex":-2,"rotation":0,"texture":"#0"},"up":{"uv":[14.0,6.375,13.625,6.125],"tintindex":-2,"rotation":0,"texture":"#0"},"down":{"uv":[14.375,6.125,14.0,6.375],"tintindex":-2,"rotation":0,"texture":"#0"}}},{"from":[6.275,1.79,4.205],"to":[10.415,15.59,9.725],"faces":{"east":{"uv":[10.8125,13.5,11.3125,16.0],"tintindex":-2,"rotation":0,"texture":"#0"},"south":{"uv":[12.1875,13.5,12.5625,16.0],"tintindex":-2,"rotation":0,"texture":"#0"},"north":{"uv":[11.3125,13.5,11.6875,16.0],"tintindex":-2,"rotation":0,"texture":"#0"},"west":{"uv":[11.6875,13.5,12.1875,16.0],"tintindex":-2,"rotation":0,"texture":"#0"},"up":{"uv":[11.6875,13.5,11.3125,12.5],"tintindex":-2,"rotation":0,"texture":"#0"},"down":{"uv":[12.0625,12.5,11.6875,13.5],"tintindex":-2,"rotation":0,"texture":"#0"}}}],"display":{"gui":{"rotation":[30,225,0]}}}