{"textures":{"0":"modelengine:entity/bears"},"elements":[{"from":[5.93,5.2400002,14.325],"to":[10.07,9.38,15.014999],"faces":{"east":{"uv":[10.8125,5.75,10.875,6.5],"tintindex":-2,"rotation":0,"texture":"#0"},"south":{"uv":[11.3125,5.75,11.6875,6.5],"tintindex":-2,"rotation":0,"texture":"#0"},"north":{"uv":[10.875,5.75,11.25,6.5],"tintindex":-2,"rotation":0,"texture":"#0"},"west":{"uv":[11.25,5.75,11.3125,6.5],"tintindex":-2,"rotation":0,"texture":"#0"},"up":{"uv":[11.25,5.75,10.875,5.625],"tintindex":-2,"rotation":0,"texture":"#0"},"down":{"uv":[11.625,5.625,11.25,5.75],"tintindex":-2,"rotation":0,"texture":"#0"}}},{"from":[2.17,3.3425002,3.975],"to":[12.83,13.002501,14.325],"faces":{"east":{"uv":[10.8125,7.5,11.75,9.25],"tintindex":-2,"rotation":0,"texture":"#0"},"south":{"uv":[13.5625,7.5,14.4375,9.25],"tintindex":-2,"rotation":0,"texture":"#0"},"north":{"uv":[11.75,7.5,12.625,9.25],"tintindex":-2,"rotation":0,"texture":"#0"},"west":{"uv":[12.625,7.5,13.5625,9.25],"tintindex":-2,"rotation":0,"texture":"#0"},"up":{"uv":[12.625,7.5,11.75,5.625],"tintindex":-2,"rotation":0,"texture":"#0"},"down":{"uv":[13.5,5.625,12.625,7.5],"tintindex":-2,"rotation":0,"texture":"#0"}}},{"from":[1.8249998,3.3425002,-3.6149998],"to":[13.175,12.6925,3.975],"faces":{"east":{"uv":[10.8125,10.625,11.5,12.5],"tintindex":-2,"rotation":0,"texture":"#0"},"south":{"uv":[13.125,10.625,14.0625,12.5],"tintindex":-2,"rotation":0,"texture":"#0"},"north":{"uv":[11.5,10.625,12.4375,12.5],"tintindex":-2,"rotation":0,"texture":"#0"},"west":{"uv":[12.4375,10.625,13.125,12.5],"tintindex":-2,"rotation":0,"texture":"#0"},"up":{"uv":[12.4375,10.625,11.5,9.25],"tintindex":-2,"rotation":0,"texture":"#0"},"down":{"uv":[13.375,9.25,12.4375,10.625],"tintindex":-2,"rotation":0,"texture":"#0"}}}],"display":{"gui":{"rotation":[30,225,0]}}}