{"textures":{"0":"modelengine:entity/wollyrhino"},"elements":[{"from":[6.0935,4.5683,0.51607513],"to":[9.9065,7.6187,3.7103748],"faces":{"east":{"uv":[9.0,1.375,10.375,2.375],"tintindex":-2,"rotation":0,"texture":"#0"},"south":{"uv":[13.0,1.375,14.25,2.375],"tintindex":-2,"rotation":0,"texture":"#0"},"north":{"uv":[10.375,1.375,11.625,2.375],"tintindex":-2,"rotation":0,"texture":"#0"},"west":{"uv":[11.625,1.375,13.0,2.375],"tintindex":-2,"rotation":0,"texture":"#0"},"up":{"uv":[11.625,1.375,10.375,0.0],"tintindex":-2,"rotation":0,"texture":"#0"},"down":{"uv":[12.875,0.0,11.625,1.375],"tintindex":-2,"rotation":0,"texture":"#0"}}},{"from":[5.7122,4.5683,3.7103748],"to":[10.2878,11.4317,8.2859745],"faces":{"east":{"uv":[0.0,11.125,1.5,13.375],"tintindex":-2,"rotation":0,"texture":"#0"},"south":{"uv":[4.5,11.125,6.0,13.375],"tintindex":-2,"rotation":0,"texture":"#0"},"north":{"uv":[1.5,11.125,3.0,13.375],"tintindex":-2,"rotation":0,"texture":"#0"},"west":{"uv":[3.0,11.125,4.5,13.375],"tintindex":-2,"rotation":0,"texture":"#0"},"up":{"uv":[3.0,11.125,1.5,9.625],"tintindex":-2,"rotation":0,"texture":"#0"},"down":{"uv":[4.5,9.625,3.0,11.125],"tintindex":-2,"rotation":0,"texture":"#0"}}}],"display":{"gui":{"rotation":[30,225,0]}}}