{"textures":{"0":"modelengine:entity/wollyrhino"},"elements":[{"from":[3.4243999,7.904675,3.7103748],"to":[12.5756,16.674576,11.717675],"faces":{"east":{"uv":[0.0,3.0,3.0,5.25],"tintindex":-2,"rotation":0,"texture":"#0"},"south":{"uv":[9.0,3.0,12.0,5.25],"tintindex":-2,"rotation":0,"texture":"#0"},"north":{"uv":[3.0,3.0,6.0,5.25],"tintindex":-2,"rotation":0,"texture":"#0"},"west":{"uv":[6.0,3.0,9.0,5.25],"tintindex":-2,"rotation":0,"texture":"#0"},"up":{"uv":[6.0,3.0,3.0,0.0],"tintindex":-2,"rotation":0,"texture":"#0"},"down":{"uv":[9.0,0.0,6.0,3.0],"tintindex":-2,"rotation":0,"texture":"#0"}}},{"from":[3.8056998,2.185175,3.7103748],"to":[12.1943,7.904675,11.717675],"faces":{"east":{"uv":[0.0,7.875,2.625,9.625],"tintindex":-2,"rotation":0,"texture":"#0"},"south":{"uv":[8.0,7.875,10.75,9.625],"tintindex":-2,"rotation":0,"texture":"#0"},"north":{"uv":[2.625,7.875,5.375,9.625],"tintindex":-2,"rotation":0,"texture":"#0"},"west":{"uv":[5.375,7.875,8.0,9.625],"tintindex":-2,"rotation":0,"texture":"#0"},"up":{"uv":[5.375,7.875,2.625,5.25],"tintindex":-2,"rotation":0,"texture":"#0"},"down":{"uv":[8.125,5.25,5.375,7.875],"tintindex":-2,"rotation":0,"texture":"#0"}}}],"display":{"gui":{"rotation":[30,225,0]}}}