{"textures":{"0":"modelengine:entity/wollyrhino"},"elements":[{"from":[7.2374,5.4755135,0.3880949],"to":[8.7626,5.8568134,6.8701954],"faces":{"east":{"uv":[6.0,7.375,8.125,7.5],"tintindex":-2,"rotation":0,"texture":"#0"},"south":{"uv":[10.75,7.375,11.25,7.5],"tintindex":-2,"rotation":0,"texture":"#0"},"north":{"uv":[8.125,7.375,8.625,7.5],"tintindex":-2,"rotation":0,"texture":"#0"},"west":{"uv":[8.625,7.375,10.75,7.5],"tintindex":-2,"rotation":0,"texture":"#0"},"up":{"uv":[8.625,7.375,8.125,5.25],"tintindex":-2,"rotation":0,"texture":"#0"},"down":{"uv":[9.125,5.25,8.625,7.375],"tintindex":-2,"rotation":0,"texture":"#0"}}}],"display":{"gui":{"rotation":[30,225,0]}}}