{"textures":{"0":"modelengine:entity/wollyrhino"},"elements":[{"from":[6.0935,2.47115,0.75530005],"to":[9.9065,8.57195,7.2374],"faces":{"east":{"uv":[8.625,9.625,10.75,11.625],"tintindex":-2,"rotation":0,"texture":"#0"},"south":{"uv":[14.125,9.625,15.375,11.625],"tintindex":-2,"rotation":0,"texture":"#0"},"north":{"uv":[10.75,9.625,12.0,11.625],"tintindex":-2,"rotation":0,"texture":"#0"},"west":{"uv":[12.0,9.625,14.125,11.625],"tintindex":-2,"rotation":0,"texture":"#0"},"up":{"uv":[12.0,9.625,10.75,7.5],"tintindex":-2,"rotation":0,"texture":"#0"},"down":{"uv":[13.25,7.5,12.0,9.625],"tintindex":-2,"rotation":0,"texture":"#0"}}}],"display":{"gui":{"rotation":[30,225,0]}}}