{"textures":{"0":"modelengine:entity/wollyrhino"},"elements":[{"from":[6.66545,5.7122,3.6150498],"to":[9.33455,10.2878,7.04675],"faces":{"east":{"uv":[10.875,5.25,12.0,6.75],"tintindex":-2,"rotation":0,"texture":"#0"},"south":{"uv":[14.0,5.25,14.875,6.75],"tintindex":-2,"rotation":0,"texture":"#0"},"north":{"uv":[12.0,5.25,12.875,6.75],"tintindex":-2,"rotation":0,"texture":"#0"},"west":{"uv":[12.875,5.25,14.0,6.75],"tintindex":-2,"rotation":0,"texture":"#0"},"up":{"uv":[12.875,5.25,12.0,4.125],"tintindex":-2,"rotation":0,"texture":"#0"},"down":{"uv":[13.75,4.125,12.875,5.25],"tintindex":-2,"rotation":0,"texture":"#0"}}}],"display":{"gui":{"rotation":[30,225,0]}}}