{"textures":{"1":"modelengine:entity/spear"},"elements":[{"from":[8.75,8.55,7.75],"to":[9.25,9.55,8.25],"faces":{"east":{"uv":[4.0,0.5,4.5,1.5],"tintindex":-2,"rotation":0,"texture":"#1"},"south":{"uv":[5.5,0.5,6.0,1.5],"tintindex":-2,"rotation":0,"texture":"#1"},"north":{"uv":[4.5,0.5,5.0,1.5],"tintindex":-2,"rotation":0,"texture":"#1"},"west":{"uv":[5.0,0.5,5.5,1.5],"tintindex":-2,"rotation":0,"texture":"#1"},"up":{"uv":[5.0,0.5,4.5,0.0],"tintindex":-2,"rotation":0,"texture":"#1"},"down":{"uv":[5.5,0.0,5.0,0.5],"tintindex":-2,"rotation":0,"texture":"#1"}}},{"from":[8.25,8.05,7.75],"to":[8.75,10.55,8.25],"faces":{"east":{"uv":[2.0,0.5,2.5,3.0],"tintindex":-2,"rotation":0,"texture":"#1"},"south":{"uv":[3.5,0.5,4.0,3.0],"tintindex":-2,"rotation":0,"texture":"#1"},"north":{"uv":[2.5,0.5,3.0,3.0],"tintindex":-2,"rotation":0,"texture":"#1"},"west":{"uv":[3.0,0.5,3.5,3.0],"tintindex":-2,"rotation":0,"texture":"#1"},"up":{"uv":[3.0,0.5,2.5,0.0],"tintindex":-2,"rotation":0,"texture":"#1"},"down":{"uv":[3.5,0.0,3.0,0.5],"tintindex":-2,"rotation":0,"texture":"#1"}}},{"from":[7.75,-4.45,7.75],"to":[8.25,11.05,8.25],"faces":{"east":{"uv":[0.0,0.5,0.5,16.0],"tintindex":-2,"rotation":0,"texture":"#1"},"south":{"uv":[1.5,0.5,2.0,16.0],"tintindex":-2,"rotation":0,"texture":"#1"},"north":{"uv":[0.5,0.5,1.0,16.0],"tintindex":-2,"rotation":0,"texture":"#1"},"west":{"uv":[1.0,0.5,1.5,16.0],"tintindex":-2,"rotation":0,"texture":"#1"},"up":{"uv":[1.0,0.5,0.5,0.0],"tintindex":-2,"rotation":0,"texture":"#1"},"down":{"uv":[1.5,0.0,1.0,0.5],"tintindex":-2,"rotation":0,"texture":"#1"}}},{"from":[7.25,8.05,7.75],"to":[7.75,10.55,8.25],"faces":{"east":{"uv":[2.0,3.5,2.5,6.0],"tintindex":-2,"rotation":0,"texture":"#1"},"south":{"uv":[3.5,3.5,4.0,6.0],"tintindex":-2,"rotation":0,"texture":"#1"},"north":{"uv":[2.5,3.5,3.0,6.0],"tintindex":-2,"rotation":0,"texture":"#1"},"west":{"uv":[3.0,3.5,3.5,6.0],"tintindex":-2,"rotation":0,"texture":"#1"},"up":{"uv":[3.0,3.5,2.5,3.0],"tintindex":-2,"rotation":0,"texture":"#1"},"down":{"uv":[3.5,3.0,3.0,3.5],"tintindex":-2,"rotation":0,"texture":"#1"}}},{"from":[6.75,8.55,7.75],"to":[7.25,9.55,8.25],"faces":{"east":{"uv":[4.0,2.0,4.5,3.0],"tintindex":-2,"rotation":0,"texture":"#1"},"south":{"uv":[5.5,2.0,6.0,3.0],"tintindex":-2,"rotation":0,"texture":"#1"},"north":{"uv":[4.5,2.0,5.0,3.0],"tintindex":-2,"rotation":0,"texture":"#1"},"west":{"uv":[5.0,2.0,5.5,3.0],"tintindex":-2,"rotation":0,"texture":"#1"},"up":{"uv":[5.0,2.0,4.5,1.5],"tintindex":-2,"rotation":0,"texture":"#1"},"down":{"uv":[5.5,1.5,5.0,2.0],"tintindex":-2,"rotation":0,"texture":"#1"}}}],"display":{"gui":{"rotation":[30,225,0]}}}