{"textures":{"0":"modelengine:entity/neanderthal"},"elements":[{"from":[4.0,12.0,3.0],"to":[12.0,13.0,4.0],"faces":{"east":{"uv":[2.0,2.75,2.25,3.0],"tintindex":-2,"rotation":0,"texture":"#0"},"north":{"uv":[2.25,3.0,3.75,2.75],"tintindex":-2,"rotation":0,"texture":"#0"},"west":{"uv":[3.75,2.75,4.0,3.0],"tintindex":-2,"rotation":0,"texture":"#0"},"up":{"uv":[3.75,2.75,2.25,2.5],"tintindex":-2,"rotation":0,"texture":"#0"},"down":{"uv":[3.75,3.0,2.25,2.75],"tintindex":-2,"rotation":0,"texture":"#0"}}},{"from":[4.0,8.0,4.0],"to":[12.0,16.0,12.0],"faces":{"east":{"uv":[0.0,2.0,2.0,4.0],"tintindex":-2,"rotation":0,"texture":"#0"},"south":{"uv":[6.0,2.0,8.0,4.0],"tintindex":-2,"rotation":0,"texture":"#0"},"north":{"uv":[2.0,2.0,4.0,4.0],"tintindex":-2,"rotation":0,"texture":"#0"},"west":{"uv":[4.0,2.0,6.0,4.0],"tintindex":-2,"rotation":0,"texture":"#0"},"up":{"uv":[4.0,2.0,2.0,0.0],"tintindex":-2,"rotation":0,"texture":"#0"},"down":{"uv":[6.0,0.0,4.0,2.0],"tintindex":-2,"rotation":0,"texture":"#0"}}}],"display":{"gui":{"rotation":[30,225,0]}}}