{"textures":{"0":"modelengine:entity/neanderthal"},"elements":[{"from":[3.5,7.5,3.5],"to":[12.5,16.5,12.5],"faces":{"east":{"uv":[8.0,2.0,10.0,4.0],"tintindex":-2,"rotation":0,"texture":"#0"},"south":{"uv":[14.0,2.0,16.0,4.0],"tintindex":-2,"rotation":0,"texture":"#0"},"north":{"uv":[10.0,2.0,12.0,4.0],"tintindex":-2,"rotation":0,"texture":"#0"},"west":{"uv":[12.0,2.0,14.0,4.0],"tintindex":-2,"rotation":0,"texture":"#0"},"up":{"uv":[12.0,2.0,10.0,0.0],"tintindex":-2,"rotation":0,"texture":"#0"},"down":{"uv":[14.0,0.0,12.0,2.0],"tintindex":-2,"rotation":0,"texture":"#0"}}}],"display":{"gui":{"rotation":[30,225,0]}}}