{"textures":{"0":"modelengine:entity/neanderthal"},"elements":[{"from":[5.9,-4.0,6.0],"to":[9.9,8.0,10.0],"faces":{"east":{"uv":[3.0,5.0,2.0,8.0],"tintindex":-2,"rotation":0,"texture":"#0"},"south":{"uv":[4.0,5.0,3.0,8.0],"tintindex":-2,"rotation":0,"texture":"#0"},"north":{"uv":[2.0,5.0,1.0,8.0],"tintindex":-2,"rotation":0,"texture":"#0"},"west":{"uv":[1.0,5.0,0.0,8.0],"tintindex":-2,"rotation":0,"texture":"#0"},"up":{"uv":[1.0,5.0,2.0,4.0],"tintindex":-2,"rotation":0,"texture":"#0"},"down":{"uv":[2.0,4.0,3.0,5.0],"tintindex":-2,"rotation":0,"texture":"#0"}}}],"display":{"gui":{"rotation":[30,225,0]}}}