{"textures":{"0":"modelengine:entity/neanderthal"},"elements":[{"from":[5.0,-2.0,6.0],"to":[9.0,10.0,10.0],"faces":{"east":{"uv":[13.0,5.0,12.0,8.0],"tintindex":-2,"rotation":0,"texture":"#0"},"south":{"uv":[14.0,5.0,13.0,8.0],"tintindex":-2,"rotation":0,"texture":"#0"},"north":{"uv":[12.0,5.0,11.0,8.0],"tintindex":-2,"rotation":0,"texture":"#0"},"west":{"uv":[11.0,5.0,10.0,8.0],"tintindex":-2,"rotation":0,"texture":"#0"},"up":{"uv":[11.0,5.0,12.0,4.0],"tintindex":-2,"rotation":0,"texture":"#0"},"down":{"uv":[12.0,4.0,13.0,5.0],"tintindex":-2,"rotation":0,"texture":"#0"}}}],"display":{"gui":{"rotation":[30,225,0]}}}