{"textures":{"0":"modelengine:entity/giraffe"},"elements":[{"from":[5.47244,6.104328,5.472439],"to":[10.52756,9.895668,10.527559],"faces":{"east":{"uv":[0.0,7.5,1.25,8.75],"tintindex":-2,"rotation":0,"texture":"#0"},"south":{"uv":[3.5,7.5,4.5,8.75],"tintindex":-2,"rotation":0,"texture":"#0"},"north":{"uv":[1.25,7.5,2.25,8.75],"tintindex":-2,"rotation":0,"texture":"#0"},"west":{"uv":[2.25,7.5,3.5,8.75],"tintindex":-2,"rotation":0,"texture":"#0"},"up":{"uv":[2.25,7.5,1.25,6.25],"tintindex":-2,"rotation":0,"texture":"#0"},"down":{"uv":[3.25,6.25,2.25,7.5],"tintindex":-2,"rotation":0,"texture":"#0"}}}],"display":{"gui":{"rotation":[30,225,0]}}}