{"textures":{"0":"modelengine:entity/capybara"},"elements":[{"from":[4.0,2.0,0.0],"to":[12.0,17.0,8.0],"faces":{"east":{"uv":[9.75,14.75,11.75,11.0],"tintindex":0,"rotation":0,"texture":"#0"},"south":{"uv":[11.75,11.0,13.75,14.75],"tintindex":0,"rotation":0,"texture":"#0"},"north":{"uv":[7.75,11.0,9.75,14.75],"tintindex":0,"rotation":0,"texture":"#0"},"west":{"uv":[15.75,14.75,13.75,11.0],"tintindex":0,"rotation":0,"texture":"#0"},"up":{"uv":[11.75,11.0,9.75,9.0],"tintindex":0,"rotation":0,"texture":"#0"},"down":{"uv":[13.5,9.25,11.5,11.25],"tintindex":0,"rotation":0,"texture":"#0"}}}],"display":{"gui":{"rotation":[30,225,0]}}}