{"textures":{"0":"modelengine:entity/capybara"},"elements":[{"from":[5.0,7.0,1.0],"to":[11.0,12.0,9.0],"faces":{"east":{"uv":[0.0,7.75,2.0,9.0],"tintindex":0,"rotation":0,"texture":"#0"},"south":{"uv":[5.5,7.75,7.0,9.0],"tintindex":0,"rotation":0,"texture":"#0"},"north":{"uv":[2.0,7.75,3.5,9.0],"tintindex":0,"rotation":0,"texture":"#0"},"west":{"uv":[3.5,7.75,5.5,9.0],"tintindex":0,"rotation":0,"texture":"#0"},"up":{"uv":[3.5,7.75,2.0,5.75],"tintindex":0,"rotation":0,"texture":"#0"},"down":{"uv":[5.0,5.75,3.5,7.75],"tintindex":0,"rotation":0,"texture":"#0"}}},{"from":[11.0,11.0,8.0],"to":[12.0,13.0,10.0],"faces":{"east":{"uv":[1.5,3.0,2.0,3.5],"tintindex":0,"rotation":0,"texture":"#0"},"south":{"uv":[2.75,3.0,3.0,3.5],"tintindex":0,"rotation":0,"texture":"#0"},"north":{"uv":[2.0,3.0,2.25,3.5],"tintindex":0,"rotation":0,"texture":"#0"},"west":{"uv":[2.25,3.0,2.75,3.5],"tintindex":0,"rotation":0,"texture":"#0"},"up":{"uv":[2.25,3.0,2.0,2.5],"tintindex":0,"rotation":0,"texture":"#0"},"down":{"uv":[2.5,2.5,2.25,3.0],"tintindex":0,"rotation":0,"texture":"#0"}}},{"from":[4.0,11.0,8.0],"to":[5.0,13.0,10.0],"faces":{"east":{"uv":[0.0,3.0,0.5,3.5],"tintindex":0,"rotation":0,"texture":"#0"},"south":{"uv":[1.25,3.0,1.5,3.5],"tintindex":0,"rotation":0,"texture":"#0"},"north":{"uv":[0.5,3.0,0.75,3.5],"tintindex":0,"rotation":0,"texture":"#0"},"west":{"uv":[0.75,3.0,1.25,3.5],"tintindex":0,"rotation":0,"texture":"#0"},"up":{"uv":[0.75,3.0,0.5,2.5],"tintindex":0,"rotation":0,"texture":"#0"},"down":{"uv":[1.0,2.5,0.75,3.0],"tintindex":0,"rotation":0,"texture":"#0"}}},{"from":[5.0,6.0,1.0],"to":[11.0,7.0,9.0],"faces":{"east":{"uv":[4.75,7.0,6.75,7.25],"tintindex":0,"rotation":0,"texture":"#0"},"south":{"uv":[9.75,7.75,11.25,8.0],"tintindex":0,"rotation":0,"texture":"#0"},"north":{"uv":[7.75,8.0,9.25,8.25],"tintindex":0,"rotation":0,"texture":"#0"},"west":{"uv":[7.25,7.0,9.25,7.25],"tintindex":0,"rotation":0,"texture":"#0"},"up":{"uv":[9.25,7.75,7.75,5.75],"tintindex":0,"rotation":0,"texture":"#0"},"down":{"uv":[7.75,5.25,6.25,7.25],"tintindex":0,"rotation":0,"texture":"#0"}}},{"from":[7.0,6.0,2.0],"to":[9.0,7.0,2.0],"faces":{"south":{"uv":[2.75,0.0,3.25,0.25],"tintindex":0,"rotation":0,"texture":"#0"},"north":{"uv":[2.25,0.0,2.75,0.25],"tintindex":0,"rotation":0,"texture":"#0"}}}],"display":{"gui":{"rotation":[30,225,0]}}}