{"textures":{"0":"modelengine:entity/steamgolem"},"elements":[{"from":[5.5,8.0,8.0],"to":[10.5,15.0,8.0],"faces":{"south":{"uv":[5.875,14.0,6.5,14.875],"tintindex":-2,"rotation":0,"texture":"#0"},"north":{"uv":[5.25,14.0,5.875,14.875],"tintindex":-2,"rotation":0,"texture":"#0"}}},{"from":[8.0,8.0,5.5],"to":[8.0,15.0,10.5],"faces":{"east":{"uv":[5.25,14.0,5.875,14.875],"tintindex":-2,"rotation":0,"texture":"#0"},"west":{"uv":[5.875,14.0,6.5,14.875],"tintindex":-2,"rotation":0,"texture":"#0"}}}],"display":{"gui":{"rotation":[30,225,0]}}}