{"textures":{"0":"modelengine:entity/steamgolem"},"elements":[{"from":[9.5,-4.0,10.0],"to":[11.5,0.0,12.0],"faces":{"east":{"uv":[12.5,12.625,12.75,13.125],"tintindex":-2,"rotation":0,"texture":"#0"},"south":{"uv":[13.25,12.625,13.5,13.125],"tintindex":-2,"rotation":0,"texture":"#0"},"north":{"uv":[12.75,12.625,13.0,13.125],"tintindex":-2,"rotation":0,"texture":"#0"},"west":{"uv":[13.0,12.625,13.25,13.125],"tintindex":-2,"rotation":0,"texture":"#0"},"up":{"uv":[13.0,12.625,12.75,12.375],"tintindex":-2,"rotation":0,"texture":"#0"},"down":{"uv":[13.25,12.375,13.0,12.625],"tintindex":-2,"rotation":0,"texture":"#0"}}}],"display":{"gui":{"rotation":[30,225,0]}}}