{"textures":{"0":"modelengine:entity/steamgolem"},"elements":[{"from":[3.5,18.5,5.0],"to":[12.5,24.5,10.5],"faces":{"east":{"uv":[0.0,6.5,1.375,8.0],"tintindex":-2,"rotation":0,"texture":"#0"},"south":{"uv":[5.0,6.5,7.25,8.0],"tintindex":-2,"rotation":0,"texture":"#0"},"north":{"uv":[1.375,6.5,3.625,8.0],"tintindex":-2,"rotation":0,"texture":"#0"},"west":{"uv":[3.625,6.5,5.0,8.0],"tintindex":-2,"rotation":0,"texture":"#0"},"up":{"uv":[3.625,6.5,1.375,5.125],"tintindex":-2,"rotation":0,"texture":"#0"},"down":{"uv":[5.875,5.125,3.625,6.5],"tintindex":-2,"rotation":0,"texture":"#0"}}},{"from":[5.0,22.0,4.45],"to":[6.0,23.0,5.45],"faces":{"east":{"uv":[14.625,7.125,14.875,7.375],"tintindex":-2,"rotation":0,"texture":"#0"},"south":{"uv":[15.375,7.125,15.625,7.375],"tintindex":-2,"rotation":0,"texture":"#0"},"north":{"uv":[14.875,7.125,15.125,7.375],"tintindex":-2,"rotation":0,"texture":"#0"},"west":{"uv":[15.125,7.125,15.375,7.375],"tintindex":-2,"rotation":0,"texture":"#0"},"up":{"uv":[15.125,7.125,14.875,6.875],"tintindex":-2,"rotation":0,"texture":"#0"},"down":{"uv":[15.375,6.875,15.125,7.125],"tintindex":-2,"rotation":0,"texture":"#0"}}},{"from":[11.0,24.5,5.5],"to":[12.0,25.5,9.0],"faces":{"east":{"uv":[13.375,7.125,14.25,7.375],"tintindex":-2,"rotation":0,"texture":"#0"},"south":{"uv":[15.375,7.125,15.625,7.375],"tintindex":-2,"rotation":0,"texture":"#0"},"north":{"uv":[14.25,7.125,14.5,7.375],"tintindex":-2,"rotation":0,"texture":"#0"},"west":{"uv":[14.5,7.125,15.375,7.375],"tintindex":-2,"rotation":0,"texture":"#0"},"up":{"uv":[14.5,7.125,14.25,6.25],"tintindex":-2,"rotation":0,"texture":"#0"},"down":{"uv":[14.75,6.25,14.5,7.125],"tintindex":-2,"rotation":0,"texture":"#0"}}},{"from":[3.5,24.5,8.5],"to":[5.0,25.5,9.5],"faces":{"east":{"uv":[3.625,7.125,3.875,7.375],"tintindex":-2,"rotation":0,"texture":"#0"},"south":{"uv":[4.5,7.125,4.875,7.375],"tintindex":-2,"rotation":0,"texture":"#0"},"north":{"uv":[3.875,7.125,4.25,7.375],"tintindex":-2,"rotation":0,"texture":"#0"},"west":{"uv":[4.25,7.125,4.5,7.375],"tintindex":-2,"rotation":0,"texture":"#0"},"up":{"uv":[4.25,7.125,3.875,6.875],"tintindex":-2,"rotation":0,"texture":"#0"},"down":{"uv":[4.625,6.875,4.25,7.125],"tintindex":-2,"rotation":0,"texture":"#0"}}},{"from":[5.0,19.0,5.0],"to":[11.0,24.0,6.0],"faces":{"east":{"uv":[0.0,14.75,0.25,16.0],"tintindex":-2,"rotation":0,"texture":"#0"},"south":{"uv":[2.0,14.75,3.5,16.0],"tintindex":-2,"rotation":0,"texture":"#0"},"north":{"uv":[0.25,14.75,1.75,16.0],"tintindex":-2,"rotation":0,"texture":"#0"},"west":{"uv":[1.75,14.75,2.0,16.0],"tintindex":-2,"rotation":0,"texture":"#0"},"up":{"uv":[1.75,14.75,0.25,14.5],"tintindex":-2,"rotation":0,"texture":"#0"},"down":{"uv":[3.25,14.5,1.75,14.75],"tintindex":-2,"rotation":0,"texture":"#0"}}},{"from":[10.940001,24.44,5.44],"to":[12.06,25.56,6.06],"faces":{"east":{"uv":[12.125,5.75,12.25,6.0],"tintindex":-2,"rotation":0,"texture":"#0"},"south":{"uv":[12.625,5.75,12.875,6.0],"tintindex":-2,"rotation":0,"texture":"#0"},"north":{"uv":[12.25,5.75,12.5,6.0],"tintindex":-2,"rotation":0,"texture":"#0"},"west":{"uv":[12.5,5.75,12.625,6.0],"tintindex":-2,"rotation":0,"texture":"#0"},"up":{"uv":[12.5,5.75,12.25,5.625],"tintindex":-2,"rotation":0,"texture":"#0"},"down":{"uv":[12.75,5.625,12.5,5.75],"tintindex":-2,"rotation":0,"texture":"#0"}}},{"from":[5.0,20.0,4.45],"to":[6.0,21.0,5.45],"faces":{"east":{"uv":[14.625,7.125,14.875,7.375],"tintindex":-2,"rotation":0,"texture":"#0"},"south":{"uv":[15.375,7.125,15.625,7.375],"tintindex":-2,"rotation":0,"texture":"#0"},"north":{"uv":[14.875,7.125,15.125,7.375],"tintindex":-2,"rotation":0,"texture":"#0"},"west":{"uv":[15.125,7.125,15.375,7.375],"tintindex":-2,"rotation":0,"texture":"#0"},"up":{"uv":[15.125,7.125,14.875,6.875],"tintindex":-2,"rotation":0,"texture":"#0"},"down":{"uv":[15.375,6.875,15.125,7.125],"tintindex":-2,"rotation":0,"texture":"#0"}}},{"from":[5.5,15.75,6.25],"to":[10.5,18.75,9.75],"faces":{"east":{"uv":[0.0,9.5,0.75,10.125],"tintindex":-2,"rotation":0,"texture":"#0"},"south":{"uv":[2.625,9.5,3.75,10.125],"tintindex":-2,"rotation":0,"texture":"#0"},"north":{"uv":[0.75,9.5,1.875,10.125],"tintindex":-2,"rotation":0,"texture":"#0"},"west":{"uv":[1.875,9.5,2.625,10.125],"tintindex":-2,"rotation":0,"texture":"#0"},"up":{"uv":[1.875,9.5,0.75,8.75],"tintindex":-2,"rotation":0,"texture":"#0"},"down":{"uv":[3.0,8.75,1.875,9.5],"tintindex":-2,"rotation":0,"texture":"#0"}}}],"display":{"gui":{"rotation":[30,225,0]}}}