{"textures":{"0":"modelengine:entity/steamgolem"},"elements":[{"from":[3.0,22.5,11.5],"to":[6.5,28.0,11.5],"faces":{"south":{"uv":[11.0,5.625,11.875,7.0],"tintindex":-2,"rotation":0,"texture":"#0"},"north":{"uv":[10.125,5.625,11.0,7.0],"tintindex":-2,"rotation":0,"texture":"#0"}}},{"from":[7.0,24.5,6.0],"to":[9.0,25.0,8.0],"faces":{"east":{"uv":[1.0,1.0,1.5,1.125],"tintindex":-2,"rotation":0,"texture":"#0"},"south":{"uv":[2.5,1.0,3.0,1.125],"tintindex":-2,"rotation":0,"texture":"#0"},"north":{"uv":[1.5,1.0,2.0,1.125],"tintindex":-2,"rotation":0,"texture":"#0"},"west":{"uv":[2.0,1.0,2.5,1.125],"tintindex":-2,"rotation":0,"texture":"#0"},"up":{"uv":[2.0,1.0,1.5,0.5],"tintindex":-2,"rotation":0,"texture":"#0"},"down":{"uv":[2.5,0.5,2.0,1.0],"tintindex":-2,"rotation":0,"texture":"#0"}}},{"from":[6.5,22.5,11.0],"to":[7.5,29.0,12.0],"faces":{"east":{"uv":[11.5,0.25,11.75,1.875],"tintindex":-2,"rotation":0,"texture":"#0"},"south":{"uv":[12.25,0.25,12.5,1.875],"tintindex":-2,"rotation":0,"texture":"#0"},"north":{"uv":[11.75,0.25,12.0,1.875],"tintindex":-2,"rotation":0,"texture":"#0"},"west":{"uv":[12.0,0.25,12.25,1.875],"tintindex":-2,"rotation":0,"texture":"#0"},"up":{"uv":[12.0,0.25,11.75,0.0],"tintindex":-2,"rotation":0,"texture":"#0"},"down":{"uv":[12.25,0.0,12.0,0.25],"tintindex":-2,"rotation":0,"texture":"#0"}}},{"from":[7.0,17.0,12.55],"to":[9.0,19.0,13.05],"faces":{"east":{"uv":[10.125,3.25,10.25,3.75],"tintindex":-2,"rotation":0,"texture":"#0"},"south":{"uv":[10.875,3.25,11.375,3.75],"tintindex":-2,"rotation":0,"texture":"#0"},"north":{"uv":[10.25,3.25,10.75,3.75],"tintindex":-2,"rotation":0,"texture":"#0"},"west":{"uv":[10.75,3.25,10.875,3.75],"tintindex":-2,"rotation":0,"texture":"#0"},"up":{"uv":[10.75,3.25,10.25,3.125],"tintindex":-2,"rotation":0,"texture":"#0"},"down":{"uv":[11.25,3.125,10.75,3.25],"tintindex":-2,"rotation":0,"texture":"#0"}}},{"from":[10.0,21.0,11.0],"to":[10.5,24.5,11.5],"faces":{"east":{"uv":[13.0,2.375,13.125,3.25],"tintindex":-2,"rotation":0,"texture":"#0"},"south":{"uv":[13.375,2.375,13.5,3.25],"tintindex":-2,"rotation":0,"texture":"#0"},"north":{"uv":[13.125,2.375,13.25,3.25],"tintindex":-2,"rotation":0,"texture":"#0"},"west":{"uv":[13.25,2.375,13.375,3.25],"tintindex":-2,"rotation":0,"texture":"#0"},"up":{"uv":[13.25,2.375,13.125,2.25],"tintindex":-2,"rotation":0,"texture":"#0"},"down":{"uv":[13.375,2.25,13.25,2.375],"tintindex":-2,"rotation":0,"texture":"#0"}}},{"from":[7.5,17.5,9.5],"to":[8.5,18.5,12.5],"faces":{"east":{"uv":[11.25,5.25,12.0,5.5],"tintindex":-2,"rotation":0,"texture":"#0"},"south":{"uv":[13.0,5.25,13.25,5.5],"tintindex":-2,"rotation":0,"texture":"#0"},"north":{"uv":[12.0,5.25,12.25,5.5],"tintindex":-2,"rotation":0,"texture":"#0"},"west":{"uv":[12.25,5.25,13.0,5.5],"tintindex":-2,"rotation":0,"texture":"#0"},"up":{"uv":[12.25,5.25,12.0,4.5],"tintindex":-2,"rotation":0,"texture":"#0"},"down":{"uv":[12.5,4.5,12.25,5.25],"tintindex":-2,"rotation":0,"texture":"#0"}}},{"from":[4.5,21.5,10.5],"to":[5.5,22.5,11.0],"faces":{"east":{"uv":[11.25,5.0,11.375,5.25],"tintindex":-2,"rotation":0,"texture":"#0"},"south":{"uv":[11.75,5.0,12.0,5.25],"tintindex":-2,"rotation":0,"texture":"#0"},"north":{"uv":[11.375,5.0,11.625,5.25],"tintindex":-2,"rotation":0,"texture":"#0"},"west":{"uv":[11.625,5.0,11.75,5.25],"tintindex":-2,"rotation":0,"texture":"#0"},"up":{"uv":[11.625,5.0,11.375,4.875],"tintindex":-2,"rotation":0,"texture":"#0"},"down":{"uv":[11.875,4.875,11.625,5.0],"tintindex":-2,"rotation":0,"texture":"#0"}}},{"from":[6.45,26.45,10.95],"to":[7.55,28.55,12.05],"faces":{"east":{"uv":[11.375,2.25,11.625,2.75],"tintindex":-2,"rotation":0,"texture":"#0"},"south":{"uv":[12.125,2.25,12.375,2.75],"tintindex":-2,"rotation":0,"texture":"#0"},"north":{"uv":[11.625,2.25,11.875,2.75],"tintindex":-2,"rotation":0,"texture":"#0"},"west":{"uv":[11.875,2.25,12.125,2.75],"tintindex":-2,"rotation":0,"texture":"#0"},"up":{"uv":[11.875,2.25,11.625,2.0],"tintindex":-2,"rotation":0,"texture":"#0"},"down":{"uv":[12.125,2.0,11.875,2.25],"tintindex":-2,"rotation":0,"texture":"#0"}}},{"from":[8.5,25.0,12.0],"to":[9.5,26.0,13.0],"faces":{"east":{"uv":[11.25,4.125,11.5,4.375],"tintindex":-2,"rotation":0,"texture":"#0"},"south":{"uv":[12.0,4.125,12.25,4.375],"tintindex":-2,"rotation":0,"texture":"#0"},"north":{"uv":[11.5,4.125,11.75,4.375],"tintindex":-2,"rotation":0,"texture":"#0"},"west":{"uv":[11.75,4.125,12.0,4.375],"tintindex":-2,"rotation":0,"texture":"#0"},"up":{"uv":[11.75,4.125,11.5,3.875],"tintindex":-2,"rotation":0,"texture":"#0"},"down":{"uv":[12.0,3.875,11.75,4.125],"tintindex":-2,"rotation":0,"texture":"#0"}}},{"from":[8.5,25.5,10.0],"to":[9.5,32.0,11.0],"faces":{"east":{"uv":[10.5,0.25,10.75,1.875],"tintindex":-2,"rotation":0,"texture":"#0"},"south":{"uv":[11.25,0.25,11.5,1.875],"tintindex":-2,"rotation":0,"texture":"#0"},"north":{"uv":[10.75,0.25,11.0,1.875],"tintindex":-2,"rotation":0,"texture":"#0"},"west":{"uv":[11.0,0.25,11.25,1.875],"tintindex":-2,"rotation":0,"texture":"#0"},"up":{"uv":[11.0,0.25,10.75,0.0],"tintindex":-2,"rotation":0,"texture":"#0"},"down":{"uv":[11.25,0.0,11.0,0.25],"tintindex":-2,"rotation":0,"texture":"#0"}}},{"from":[6.0,19.494999,10.0],"to":[10.0,25.495,13.0],"faces":{"east":{"uv":[12.5,0.75,13.25,2.25],"tintindex":-2,"rotation":0,"texture":"#0"},"south":{"uv":[15.0,0.75,16.0,2.25],"tintindex":-2,"rotation":0,"texture":"#0"},"north":{"uv":[13.25,0.75,14.25,2.25],"tintindex":-2,"rotation":0,"texture":"#0"},"west":{"uv":[14.25,0.75,15.0,2.25],"tintindex":-2,"rotation":0,"texture":"#0"},"up":{"uv":[14.25,0.75,13.25,0.0],"tintindex":-2,"rotation":0,"texture":"#0"},"down":{"uv":[15.25,0.0,14.25,0.75],"tintindex":-2,"rotation":0,"texture":"#0"}}},{"from":[4.5,21.5,11.0],"to":[6.0,22.5,12.0],"faces":{"east":{"uv":[10.0,4.125,10.25,4.375],"tintindex":-2,"rotation":0,"texture":"#0"},"south":{"uv":[10.875,4.125,11.25,4.375],"tintindex":-2,"rotation":0,"texture":"#0"},"north":{"uv":[10.25,4.125,10.625,4.375],"tintindex":-2,"rotation":0,"texture":"#0"},"west":{"uv":[10.625,4.125,10.875,4.375],"tintindex":-2,"rotation":0,"texture":"#0"},"up":{"uv":[10.625,4.125,10.25,3.875],"tintindex":-2,"rotation":0,"texture":"#0"},"down":{"uv":[11.0,3.875,10.625,4.125],"tintindex":-2,"rotation":0,"texture":"#0"}}},{"from":[8.4,30.9,9.9],"to":[9.6,31.6,11.1],"faces":{"east":{"uv":[11.375,3.0,11.625,3.125],"tintindex":-2,"rotation":0,"texture":"#0"},"south":{"uv":[12.125,3.0,12.375,3.125],"tintindex":-2,"rotation":0,"texture":"#0"},"north":{"uv":[11.625,3.0,11.875,3.125],"tintindex":-2,"rotation":0,"texture":"#0"},"west":{"uv":[11.875,3.0,12.125,3.125],"tintindex":-2,"rotation":0,"texture":"#0"},"up":{"uv":[11.875,3.0,11.625,2.75],"tintindex":-2,"rotation":0,"texture":"#0"},"down":{"uv":[12.125,2.75,11.875,3.0],"tintindex":-2,"rotation":0,"texture":"#0"}}},{"from":[6.75,20.0,12.6],"to":[9.25,22.0,13.6],"faces":{"east":{"uv":[14.25,5.125,14.5,5.625],"tintindex":-2,"rotation":0,"texture":"#0"},"south":{"uv":[15.375,5.125,16.0,5.625],"tintindex":-2,"rotation":0,"texture":"#0"},"north":{"uv":[14.5,5.125,15.125,5.625],"tintindex":-2,"rotation":0,"texture":"#0"},"west":{"uv":[15.125,5.125,15.375,5.625],"tintindex":-2,"rotation":0,"texture":"#0"},"up":{"uv":[15.125,5.125,14.5,4.875],"tintindex":-2,"rotation":0,"texture":"#0"},"down":{"uv":[15.75,4.875,15.125,5.125],"tintindex":-2,"rotation":0,"texture":"#0"}}},{"from":[6.5,19.5,9.5],"to":[9.5,25.5,13.5],"faces":{"east":{"uv":[12.5,3.25,13.5,4.75],"tintindex":-2,"rotation":0,"texture":"#0"},"south":{"uv":[15.25,3.25,16.0,4.75],"tintindex":-2,"rotation":0,"texture":"#0"},"north":{"uv":[13.5,3.25,14.25,4.75],"tintindex":-2,"rotation":0,"texture":"#0"},"west":{"uv":[14.25,3.25,15.25,4.75],"tintindex":-2,"rotation":0,"texture":"#0"},"up":{"uv":[14.25,3.25,13.5,2.25],"tintindex":-2,"rotation":0,"texture":"#0"},"down":{"uv":[15.0,2.25,14.25,3.25],"tintindex":-2,"rotation":0,"texture":"#0"}}},{"from":[7.5,18.5,11.0],"to":[8.5,19.5,12.0],"faces":{"east":{"uv":[12.5,5.0,12.75,5.25],"tintindex":-2,"rotation":0,"texture":"#0"},"south":{"uv":[13.25,5.0,13.5,5.25],"tintindex":-2,"rotation":0,"texture":"#0"},"north":{"uv":[12.75,5.0,13.0,5.25],"tintindex":-2,"rotation":0,"texture":"#0"},"west":{"uv":[13.0,5.0,13.25,5.25],"tintindex":-2,"rotation":0,"texture":"#0"},"up":{"uv":[13.0,5.0,12.75,4.75],"tintindex":-2,"rotation":0,"texture":"#0"},"down":{"uv":[13.25,4.75,13.0,5.0],"tintindex":-2,"rotation":0,"texture":"#0"}}},{"from":[6.4,25.9,10.9],"to":[7.6,26.6,12.1],"faces":{"east":{"uv":[11.375,3.0,11.625,3.125],"tintindex":-2,"rotation":0,"texture":"#0"},"south":{"uv":[12.125,3.0,12.375,3.125],"tintindex":-2,"rotation":0,"texture":"#0"},"north":{"uv":[11.625,3.0,11.875,3.125],"tintindex":-2,"rotation":0,"texture":"#0"},"west":{"uv":[11.875,3.0,12.125,3.125],"tintindex":-2,"rotation":0,"texture":"#0"},"up":{"uv":[11.875,3.0,11.625,2.75],"tintindex":-2,"rotation":0,"texture":"#0"},"down":{"uv":[12.125,2.75,11.875,3.0],"tintindex":-2,"rotation":0,"texture":"#0"}}}],"display":{"gui":{"rotation":[30,225,0]}}}