{"textures":{"0":"modelengine:entity/steamgolem"},"elements":[{"from":[3.91,12.91,1.41],"to":[12.09,16.09,8.59],"faces":{"east":{"uv":[0.0,4.75,0.875,5.125],"tintindex":-2,"rotation":0,"texture":"#0"},"south":{"uv":[2.75,4.75,3.75,5.125],"tintindex":-2,"rotation":0,"texture":"#0"},"north":{"uv":[0.875,4.75,1.875,5.125],"tintindex":-2,"rotation":0,"texture":"#0"},"west":{"uv":[1.875,4.75,2.75,5.125],"tintindex":-2,"rotation":0,"texture":"#0"},"up":{"uv":[1.875,4.75,0.875,3.875],"tintindex":-2,"rotation":0,"texture":"#0"},"down":{"uv":[2.875,3.875,1.875,4.75],"tintindex":-2,"rotation":0,"texture":"#0"}}},{"from":[7.0,21.0,5.5],"to":[9.0,22.0,7.5],"faces":{"east":{"uv":[1.875,3.0,2.125,3.125],"tintindex":-2,"rotation":0,"texture":"#0"},"south":{"uv":[2.625,3.0,2.875,3.125],"tintindex":-2,"rotation":0,"texture":"#0"},"north":{"uv":[2.125,3.0,2.375,3.125],"tintindex":-2,"rotation":0,"texture":"#0"},"west":{"uv":[2.375,3.0,2.625,3.125],"tintindex":-2,"rotation":0,"texture":"#0"},"up":{"uv":[2.375,3.0,2.125,2.75],"tintindex":-2,"rotation":0,"texture":"#0"},"down":{"uv":[2.625,2.75,2.375,3.0],"tintindex":-2,"rotation":0,"texture":"#0"}}},{"from":[8.88,13.88,0.88],"to":[11.12,16.12,2.12],"faces":{"east":{"uv":[12.125,5.75,12.25,6.0],"tintindex":-2,"rotation":0,"texture":"#0"},"south":{"uv":[12.625,5.75,12.875,6.0],"tintindex":-2,"rotation":0,"texture":"#0"},"north":{"uv":[12.25,5.75,12.5,6.0],"tintindex":-2,"rotation":0,"texture":"#0"},"west":{"uv":[12.5,5.75,12.625,6.0],"tintindex":-2,"rotation":0,"texture":"#0"},"up":{"uv":[12.5,5.75,12.25,5.625],"tintindex":-2,"rotation":0,"texture":"#0"},"down":{"uv":[12.75,5.625,12.5,5.75],"tintindex":-2,"rotation":0,"texture":"#0"}}},{"from":[5.0,14.0,2.0],"to":[7.0,16.0,3.0],"faces":{"east":{"uv":[1.5,1.625,1.625,1.875],"tintindex":-2,"rotation":0,"texture":"#0"},"south":{"uv":[2.0,1.625,2.25,1.875],"tintindex":-2,"rotation":0,"texture":"#0"},"north":{"uv":[1.625,1.625,1.875,1.875],"tintindex":-2,"rotation":0,"texture":"#0"},"west":{"uv":[1.875,1.625,2.0,1.875],"tintindex":-2,"rotation":0,"texture":"#0"},"up":{"uv":[1.875,1.625,1.625,1.5],"tintindex":-2,"rotation":0,"texture":"#0"},"down":{"uv":[2.125,1.5,1.875,1.625],"tintindex":-2,"rotation":0,"texture":"#0"}}},{"from":[4.0,11.0,2.5],"to":[12.0,21.0,10.5],"faces":{"east":{"uv":[0.0,1.0,1.0,2.25],"tintindex":-2,"rotation":0,"texture":"#0"},"south":{"uv":[3.0,1.0,4.0,2.25],"tintindex":-2,"rotation":0,"texture":"#0"},"north":{"uv":[1.0,1.0,2.0,2.25],"tintindex":-2,"rotation":0,"texture":"#0"},"west":{"uv":[2.0,1.0,3.0,2.25],"tintindex":-2,"rotation":0,"texture":"#0"},"up":{"uv":[2.0,1.0,1.0,0.0],"tintindex":-2,"rotation":0,"texture":"#0"},"down":{"uv":[3.0,0.0,2.0,1.0],"tintindex":-2,"rotation":0,"texture":"#0"}}}],"display":{"gui":{"rotation":[30,225,0]}}}