{"textures":{"0":"modelengine:entity/steamgolem"},"elements":[{"from":[1.5,-5.75,6.5],"to":[3.5,9.25,9.5],"faces":{"east":{"uv":[7.5,8.125,8.25,11.875],"tintindex":-2,"rotation":0,"texture":"#0"},"south":{"uv":[9.5,8.125,10.0,11.875],"tintindex":-2,"rotation":0,"texture":"#0"},"north":{"uv":[8.25,8.125,8.75,11.875],"tintindex":-2,"rotation":0,"texture":"#0"},"west":{"uv":[8.75,8.125,9.5,11.875],"tintindex":-2,"rotation":0,"texture":"#0"},"up":{"uv":[8.75,8.125,8.25,7.375],"tintindex":-2,"rotation":0,"texture":"#0"},"down":{"uv":[9.25,7.375,8.75,8.125],"tintindex":-2,"rotation":0,"texture":"#0"}}}],"display":{"gui":{"rotation":[30,225,0]}}}