{"textures":{"0":"modelengine:entity/steamgolem"},"elements":[{"from":[5.5,-5.0,5.0],"to":[11.5,11.0,12.0],"faces":{"east":{"uv":[7.25,0.875,8.125,2.875],"tintindex":-2,"rotation":0,"texture":"#0"},"south":{"uv":[9.75,0.875,10.5,2.875],"tintindex":-2,"rotation":0,"texture":"#0"},"north":{"uv":[8.125,0.875,8.875,2.875],"tintindex":-2,"rotation":0,"texture":"#0"},"west":{"uv":[8.875,0.875,9.75,2.875],"tintindex":-2,"rotation":0,"texture":"#0"},"up":{"uv":[8.875,0.875,8.125,0.0],"tintindex":-2,"rotation":0,"texture":"#0"},"down":{"uv":[9.625,0.0,8.875,0.875],"tintindex":-2,"rotation":0,"texture":"#0"}}}],"display":{"gui":{"rotation":[30,225,0]}}}