{"textures":{"0":"modelengine:entity/steamgolem"},"elements":[{"from":[1.25,9.5,6.0],"to":[3.75,13.0,10.0],"faces":{"east":{"uv":[6.625,4.0,5.625,4.875],"tintindex":-2,"rotation":0,"texture":"#0"},"south":{"uv":[7.25,4.0,6.625,4.875],"tintindex":-2,"rotation":0,"texture":"#0"},"north":{"uv":[5.625,4.0,5.0,4.875],"tintindex":-2,"rotation":0,"texture":"#0"},"west":{"uv":[5.0,4.0,4.0,4.875],"tintindex":-2,"rotation":0,"texture":"#0"},"up":{"uv":[5.0,4.0,5.625,3.0],"tintindex":-2,"rotation":0,"texture":"#0"},"down":{"uv":[5.625,3.0,6.25,4.0],"tintindex":-2,"rotation":0,"texture":"#0"}}},{"from":[2.4499998,19.5,4.0],"to":[3.4499998,27.5,12.0],"faces":{"east":{"uv":[14.5,9.875,12.5,11.875],"tintindex":-2,"rotation":0,"texture":"#0"},"south":{"uv":[14.75,9.875,14.5,11.875],"tintindex":-2,"rotation":0,"texture":"#0"},"north":{"uv":[12.5,9.875,12.25,11.875],"tintindex":-2,"rotation":0,"texture":"#0"},"west":{"uv":[12.25,9.875,10.25,11.875],"tintindex":-2,"rotation":0,"texture":"#0"},"up":{"uv":[12.25,9.875,12.5,7.875],"tintindex":-2,"rotation":0,"texture":"#0"},"down":{"uv":[12.5,7.875,12.75,9.875],"tintindex":-2,"rotation":0,"texture":"#0"}}}],"display":{"gui":{"rotation":[30,225,0]}}}