{"textures":{"0":"modelengine:entity/steamgolem"},"elements":[{"from":[7.9,3.9,2.9],"to":[16.1,10.1,10.1],"faces":{"east":{"uv":[0.0,3.125,0.875,3.875],"tintindex":-2,"rotation":0,"texture":"#0"},"south":{"uv":[2.75,3.125,3.75,3.875],"tintindex":-2,"rotation":0,"texture":"#0"},"north":{"uv":[0.875,3.125,1.875,3.875],"tintindex":-2,"rotation":0,"texture":"#0"},"west":{"uv":[1.875,3.125,2.75,3.875],"tintindex":-2,"rotation":0,"texture":"#0"},"up":{"uv":[1.875,3.125,0.875,2.25],"tintindex":-2,"rotation":0,"texture":"#0"},"down":{"uv":[2.875,2.25,1.875,3.125],"tintindex":-2,"rotation":0,"texture":"#0"}}}],"display":{"gui":{"rotation":[30,225,0]}}}