{"textures":{"0":"modelengine:entity/steamgolem"},"elements":[{"from":[-8.5,7.5,8.0],"to":[-7.5,8.5,9.0],"faces":{"east":{"uv":[10.125,4.625,10.375,4.875],"tintindex":-2,"rotation":0,"texture":"#0"},"south":{"uv":[10.875,4.625,11.125,4.875],"tintindex":-2,"rotation":0,"texture":"#0"},"north":{"uv":[10.375,4.625,10.625,4.875],"tintindex":-2,"rotation":0,"texture":"#0"},"west":{"uv":[10.625,4.625,10.875,4.875],"tintindex":-2,"rotation":0,"texture":"#0"},"up":{"uv":[10.625,4.625,10.375,4.375],"tintindex":-2,"rotation":0,"texture":"#0"},"down":{"uv":[10.875,4.375,10.625,4.625],"tintindex":-2,"rotation":0,"texture":"#0"}}}],"display":{"gui":{"rotation":[30,225,0]}}}