{"textures":{"0":"modelengine:entity/steamgolem"},"elements":[{"from":[7.5,7.5,7.399],"to":[8.5,8.5,8.399],"faces":{"east":{"uv":[10.875,10.125,11.0,10.25],"tintindex":-2,"rotation":0,"texture":"#0"},"south":{"uv":[11.25,10.125,11.375,10.25],"tintindex":-2,"rotation":0,"texture":"#0"},"north":{"uv":[11.0,10.125,11.125,10.25],"tintindex":-2,"rotation":0,"texture":"#0"},"west":{"uv":[11.125,10.125,11.25,10.25],"tintindex":-2,"rotation":0,"texture":"#0"},"up":{"uv":[11.125,10.125,11.0,10.0],"tintindex":-2,"rotation":0,"texture":"#0"},"down":{"uv":[11.25,10.0,11.125,10.125],"tintindex":-2,"rotation":0,"texture":"#0"}}},{"from":[7.6,2.1,7.999],"to":[8.4,7.9,7.7990003],"faces":{"south":{"uv":[11.125,10.125,11.25,10.875],"tintindex":-2,"rotation":0,"texture":"#0"},"north":{"uv":[11.0,10.125,11.125,10.875],"tintindex":-2,"rotation":0,"texture":"#0"}}}],"display":{"gui":{"rotation":[30,225,0]}}}