{"textures":{"0":"modelengine:entity/steamgolem"},"elements":[{"from":[8.0,6.0,7.5],"to":[18.0,14.0,8.5],"faces":{"east":{"uv":[12.875,6.125,13.0,7.125],"tintindex":-2,"rotation":0,"texture":"#0"},"south":{"uv":[14.375,6.125,15.625,7.125],"tintindex":-2,"rotation":0,"texture":"#0"},"north":{"uv":[13.0,6.125,14.25,7.125],"tintindex":-2,"rotation":0,"texture":"#0"},"west":{"uv":[14.25,6.125,14.375,7.125],"tintindex":-2,"rotation":0,"texture":"#0"},"up":{"uv":[14.25,6.125,13.0,6.0],"tintindex":-2,"rotation":0,"texture":"#0"},"down":{"uv":[15.5,6.0,14.25,6.125],"tintindex":-2,"rotation":0,"texture":"#0"}}},{"from":[16.0,8.0,6.5],"to":[17.0,12.0,8.5],"faces":{"east":{"uv":[14.875,6.875,15.125,7.375],"tintindex":-2,"rotation":0,"texture":"#0"},"south":{"uv":[15.5,6.875,15.625,7.375],"tintindex":-2,"rotation":0,"texture":"#0"},"north":{"uv":[15.125,6.875,15.25,7.375],"tintindex":-2,"rotation":0,"texture":"#0"},"west":{"uv":[15.25,6.875,15.5,7.375],"tintindex":-2,"rotation":0,"texture":"#0"},"up":{"uv":[15.25,6.875,15.125,6.625],"tintindex":-2,"rotation":0,"texture":"#0"},"down":{"uv":[15.375,6.625,15.25,6.875],"tintindex":-2,"rotation":0,"texture":"#0"}}}],"display":{"gui":{"rotation":[30,225,0]}}}