{"textures":{"0":"modelengine:entity/steamgolem"},"elements":[{"from":[12.25,-6.0,6.0],"to":[14.75,-2.5,10.0],"faces":{"east":{"uv":[4.0,4.0,5.0,4.875],"tintindex":-2,"rotation":0,"texture":"#0"},"south":{"uv":[6.625,4.0,7.25,4.875],"tintindex":-2,"rotation":0,"texture":"#0"},"north":{"uv":[5.0,4.0,5.625,4.875],"tintindex":-2,"rotation":0,"texture":"#0"},"west":{"uv":[5.625,4.0,6.625,4.875],"tintindex":-2,"rotation":0,"texture":"#0"},"up":{"uv":[5.625,4.0,5.0,3.0],"tintindex":-2,"rotation":0,"texture":"#0"},"down":{"uv":[6.25,3.0,5.625,4.0],"tintindex":-2,"rotation":0,"texture":"#0"}}}],"display":{"gui":{"rotation":[30,225,0]}}}