{"textures":{"0":"modelengine:entity/steamgolem"},"elements":[{"from":[12.55,19.5,4.0],"to":[13.55,27.5,12.0],"faces":{"east":{"uv":[14.5,9.875,12.5,11.875],"tintindex":-2,"rotation":0,"texture":"#0"},"south":{"uv":[14.75,9.875,14.5,11.875],"tintindex":-2,"rotation":0,"texture":"#0"},"north":{"uv":[12.5,9.875,12.25,11.875],"tintindex":-2,"rotation":0,"texture":"#0"},"west":{"uv":[12.25,9.875,10.25,11.875],"tintindex":-2,"rotation":0,"texture":"#0"},"up":{"uv":[12.25,9.875,12.5,7.875],"tintindex":-2,"rotation":0,"texture":"#0"},"down":{"uv":[12.5,7.875,12.75,9.875],"tintindex":-2,"rotation":0,"texture":"#0"}}},{"from":[12.5,9.75,6.5],"to":[14.5,24.75,9.5],"faces":{"east":{"uv":[9.5,3.625,8.75,7.375],"tintindex":-2,"rotation":0,"texture":"#0"},"south":{"uv":[10.0,3.625,9.5,7.375],"tintindex":-2,"rotation":0,"texture":"#0"},"north":{"uv":[8.75,3.625,8.25,7.375],"tintindex":-2,"rotation":0,"texture":"#0"},"west":{"uv":[8.25,3.625,7.5,7.375],"tintindex":-2,"rotation":0,"texture":"#0"},"up":{"uv":[8.25,3.625,8.75,2.875],"tintindex":-2,"rotation":0,"texture":"#0"},"down":{"uv":[8.75,2.875,9.25,3.625],"tintindex":-2,"rotation":0,"texture":"#0"}}}],"display":{"gui":{"rotation":[30,225,0]}}}