{"textures":{"0":"modelengine:entity/steamgolem"},"elements":[{"from":[5.5,-5.0,5.0],"to":[11.5,11.0,12.0],"faces":{"east":{"uv":[4.0,0.875,4.875,2.875],"tintindex":-2,"rotation":0,"texture":"#0"},"south":{"uv":[6.5,0.875,7.25,2.875],"tintindex":-2,"rotation":0,"texture":"#0"},"north":{"uv":[4.875,0.875,5.625,2.875],"tintindex":-2,"rotation":0,"texture":"#0"},"west":{"uv":[5.625,0.875,6.5,2.875],"tintindex":-2,"rotation":0,"texture":"#0"},"up":{"uv":[5.625,0.875,4.875,0.0],"tintindex":-2,"rotation":0,"texture":"#0"},"down":{"uv":[6.375,0.0,5.625,0.875],"tintindex":-2,"rotation":0,"texture":"#0"}}}],"display":{"gui":{"rotation":[30,225,0]}}}