{"textures":{"0":"modelengine:entity/steamgolem"},"elements":[{"from":[6.7,6.7,8.2],"to":[9.3,9.3,8.8],"faces":{"east":{"uv":[7.0,13.875,7.125,14.25],"tintindex":-2,"rotation":0,"texture":"#0"},"south":{"uv":[7.625,13.875,8.0,14.25],"tintindex":-2,"rotation":0,"texture":"#0"},"north":{"uv":[7.125,13.875,7.5,14.25],"tintindex":-2,"rotation":0,"texture":"#0"},"west":{"uv":[7.5,13.875,7.625,14.25],"tintindex":-2,"rotation":0,"texture":"#0"},"up":{"uv":[7.5,13.875,7.125,13.75],"tintindex":-2,"rotation":0,"texture":"#0"},"down":{"uv":[7.875,13.75,7.5,13.875],"tintindex":-2,"rotation":0,"texture":"#0"}}},{"from":[5.7,5.7,7.6099997],"to":[10.3,10.3,8.21],"faces":{"east":{"uv":[6.5,14.375,6.625,15.0],"tintindex":-2,"rotation":0,"texture":"#0"},"south":{"uv":[7.375,14.375,8.0,15.0],"tintindex":-2,"rotation":0,"texture":"#0"},"north":{"uv":[6.625,14.375,7.25,15.0],"tintindex":-2,"rotation":0,"texture":"#0"},"west":{"uv":[7.25,14.375,7.375,15.0],"tintindex":-2,"rotation":0,"texture":"#0"},"up":{"uv":[7.25,14.375,6.625,14.25],"tintindex":-2,"rotation":0,"texture":"#0"},"down":{"uv":[7.875,14.25,7.25,14.375],"tintindex":-2,"rotation":0,"texture":"#0"}}},{"from":[4.7,4.7,7.6099997],"to":[11.3,11.3,8.21],"faces":{"east":{"uv":[6.0,15.125,6.125,16.0],"tintindex":-2,"rotation":0,"texture":"#0"},"south":{"uv":[7.125,15.125,8.0,16.0],"tintindex":-2,"rotation":0,"texture":"#0"},"north":{"uv":[6.125,15.125,7.0,16.0],"tintindex":-2,"rotation":0,"texture":"#0"},"west":{"uv":[7.0,15.125,7.125,16.0],"tintindex":-2,"rotation":0,"texture":"#0"},"up":{"uv":[7.0,15.125,6.125,15.0],"tintindex":-2,"rotation":0,"texture":"#0"},"down":{"uv":[7.875,15.0,7.0,15.125],"tintindex":-2,"rotation":0,"texture":"#0"}}}],"display":{"gui":{"rotation":[30,225,0]}}}