{"textures":{"0":"modelengine:entity/steamgolem"},"elements":[{"from":[5.7,5.7,8.2],"to":[10.3,10.3,8.8],"faces":{"east":{"uv":[6.5,12.125,6.625,12.75],"tintindex":-2,"rotation":0,"texture":"#0"},"south":{"uv":[7.375,12.125,8.0,12.75],"tintindex":-2,"rotation":0,"texture":"#0"},"north":{"uv":[6.625,12.125,7.25,12.75],"tintindex":-2,"rotation":0,"texture":"#0"},"west":{"uv":[7.25,12.125,7.375,12.75],"tintindex":-2,"rotation":0,"texture":"#0"},"up":{"uv":[7.25,12.125,6.625,12.0],"tintindex":-2,"rotation":0,"texture":"#0"},"down":{"uv":[7.875,12.0,7.25,12.125],"tintindex":-2,"rotation":0,"texture":"#0"}}},{"from":[4.7,4.7,8.2],"to":[11.3,11.3,8.8],"faces":{"east":{"uv":[6.0,12.875,6.125,13.75],"tintindex":-2,"rotation":0,"texture":"#0"},"south":{"uv":[7.125,12.875,8.0,13.75],"tintindex":-2,"rotation":0,"texture":"#0"},"north":{"uv":[6.125,12.875,7.0,13.75],"tintindex":-2,"rotation":0,"texture":"#0"},"west":{"uv":[7.0,12.875,7.125,13.75],"tintindex":-2,"rotation":0,"texture":"#0"},"up":{"uv":[7.0,12.875,6.125,12.75],"tintindex":-2,"rotation":0,"texture":"#0"},"down":{"uv":[7.875,12.75,7.0,12.875],"tintindex":-2,"rotation":0,"texture":"#0"}}}],"display":{"gui":{"rotation":[30,225,0]}}}