{"textures":{"0":"modelengine:entity/steamgolem"},"elements":[{"from":[7.6,1.6,8.999001],"to":[8.4,7.4,8.799],"faces":{"south":{"uv":[9.0,8.875,9.125,9.625],"tintindex":-2,"rotation":0,"texture":"#0"},"north":{"uv":[8.875,8.875,9.0,9.625],"tintindex":-2,"rotation":0,"texture":"#0"}}},{"from":[7.5,7.5,8.0],"to":[8.5,8.5,9.0],"faces":{"east":{"uv":[8.75,8.875,8.875,9.0],"tintindex":-2,"rotation":0,"texture":"#0"},"south":{"uv":[9.125,8.875,9.25,9.0],"tintindex":-2,"rotation":0,"texture":"#0"},"north":{"uv":[8.875,8.875,9.0,9.0],"tintindex":-2,"rotation":0,"texture":"#0"},"west":{"uv":[9.0,8.875,9.125,9.0],"tintindex":-2,"rotation":0,"texture":"#0"},"up":{"uv":[9.0,8.875,8.875,8.75],"tintindex":-2,"rotation":0,"texture":"#0"},"down":{"uv":[9.125,8.75,9.0,8.875],"tintindex":-2,"rotation":0,"texture":"#0"}}}],"display":{"gui":{"rotation":[30,225,0]}}}