{"overrides":[{"predicate":{"custom_model_data":1},"model":"modelengine:chimp/leg1"},{"predicate":{"custom_model_data":2},"model":"modelengine:chimp/head"},{"predicate":{"custom_model_data":3},"model":"modelengine:chimp/leg4"},{"predicate":{"custom_model_data":4},"model":"modelengine:chimp/leg2"},{"predicate":{"custom_model_data":5},"model":"modelengine:chimp/leg3"},{"predicate":{"custom_model_data":6},"model":"modelengine:chimp/rotation"},{"predicate":{"custom_model_data":7},"model":"modelengine:buffalo/leg4"},{"predicate":{"custom_model_data":8},"model":"modelengine:buffalo/leg1"},{"predicate":{"custom_model_data":9},"model":"modelengine:buffalo/leg2"},{"predicate":{"custom_model_data":10},"model":"modelengine:buffalo/leg3"},{"predicate":{"custom_model_data":11},"model":"modelengine:buffalo/body"},{"predicate":{"custom_model_data":12},"model":"modelengine:buffalo/head"},{"predicate":{"custom_model_data":13},"model":"modelengine:buffalo/body2"},{"predicate":{"custom_model_data":14},"model":"modelengine:buffalo/bone2"},{"predicate":{"custom_model_data":15},"model":"modelengine:buffalo/bone"},{"predicate":{"custom_model_data":16},"model":"modelengine:coppergolem2/copper_left_arm"},{"predicate":{"custom_model_data":17},"model":"modelengine:coppergolem2/copper_body"},{"predicate":{"custom_model_data":18},"model":"modelengine:coppergolem2/copper_left_leg"},{"predicate":{"custom_model_data":19},"model":"modelengine:coppergolem2/copper_head"},{"predicate":{"custom_model_data":20},"model":"modelengine:coppergolem2/copper_right_leg"},{"predicate":{"custom_model_data":21},"model":"modelengine:coppergolem2/copper_right_arm"},{"predicate":{"custom_model_data":22},"model":"modelengine:coppergolem3/copper_left_arm"},{"predicate":{"custom_model_data":23},"model":"modelengine:coppergolem3/copper_body"},{"predicate":{"custom_model_data":24},"model":"modelengine:coppergolem3/copper_left_leg"},{"predicate":{"custom_model_data":25},"model":"modelengine:coppergolem3/copper_head"},{"predicate":{"custom_model_data":26},"model":"modelengine:coppergolem3/copper_right_leg"},{"predicate":{"custom_model_data":27},"model":"modelengine:coppergolem3/copper_right_arm"},{"predicate":{"custom_model_data":28},"model":"modelengine:grave/skull"},{"predicate":{"custom_model_data":29},"model":"modelengine:grave/grave"},{"predicate":{"custom_model_data":30},"model":"modelengine:fireologer/right_leg"},{"predicate":{"custom_model_data":31},"model":"modelengine:fireologer/head"},{"predicate":{"custom_model_data":32},"model":"modelengine:fireologer/right_arm"},{"predicate":{"custom_model_data":33},"model":"modelengine:fireologer/left_arm"},{"predicate":{"custom_model_data":34},"model":"modelengine:fireologer/body"},{"predicate":{"custom_model_data":35},"model":"modelengine:fireologer/left_leg"},{"predicate":{"custom_model_data":36},"model":"modelengine:fireologer/nose"},{"predicate":{"custom_model_data":37},"model":"modelengine:fireologer/arms_rotation"},{"predicate":{"custom_model_data":38},"model":"modelengine:fireologer/arms_flipped"},{"predicate":{"custom_model_data":39},"model":"modelengine:black_bear/leg2_grizzly"},{"predicate":{"custom_model_data":40},"model":"modelengine:black_bear/head_grizzly"},{"predicate":{"custom_model_data":41},"model":"modelengine:black_bear/leg1_grizzly"},{"predicate":{"custom_model_data":42},"model":"modelengine:black_bear/leg3_grizzly"},{"predicate":{"custom_model_data":43},"model":"modelengine:black_bear/leg4_grizzly"},{"predicate":{"custom_model_data":44},"model":"modelengine:black_bear/head_grizzly2"},{"predicate":{"custom_model_data":45},"model":"modelengine:black_bear/rotation_grizzly"},{"predicate":{"custom_model_data":46},"model":"modelengine:bison/leg1"},{"predicate":{"custom_model_data":47},"model":"modelengine:bison/head"},{"predicate":{"custom_model_data":48},"model":"modelengine:bison/body"},{"predicate":{"custom_model_data":49},"model":"modelengine:bison/leg3"},{"predicate":{"custom_model_data":50},"model":"modelengine:bison/leg4"},{"predicate":{"custom_model_data":51},"model":"modelengine:bison/leg2"},{"predicate":{"custom_model_data":52},"model":"modelengine:bison/body2"},{"predicate":{"custom_model_data":53},"model":"modelengine:bison/tail"},{"predicate":{"custom_model_data":54},"model":"modelengine:coppergolem4/copper_left_arm"},{"predicate":{"custom_model_data":55},"model":"modelengine:giraffe/child_back_right_leg"},{"predicate":{"custom_model_data":56},"model":"modelengine:coppergolem4/copper_body"},{"predicate":{"custom_model_data":57},"model":"modelengine:giraffe/child_front_right_leg"},{"predicate":{"custom_model_data":58},"model":"modelengine:coppergolem4/copper_left_leg"},{"predicate":{"custom_model_data":59},"model":"modelengine:giraffe/child_front_left_leg"},{"predicate":{"custom_model_data":60},"model":"modelengine:coppergolem4/copper_head"},{"predicate":{"custom_model_data":61},"model":"modelengine:giraffe/child_back_left_leg"},{"predicate":{"custom_model_data":62},"model":"modelengine:coppergolem4/copper_right_leg"},{"predicate":{"custom_model_data":63},"model":"modelengine:coppergolem4/copper_right_arm"},{"predicate":{"custom_model_data":64},"model":"modelengine:giraffe/body"},{"predicate":{"custom_model_data":65},"model":"modelengine:giraffe/tail"},{"predicate":{"custom_model_data":66},"model":"modelengine:giraffe/head"},{"predicate":{"custom_model_data":67},"model":"modelengine:giraffe/neck3"},{"predicate":{"custom_model_data":68},"model":"modelengine:giraffe/neck2"},{"predicate":{"custom_model_data":69},"model":"modelengine:giraffe/bone2"},{"predicate":{"custom_model_data":70},"model":"modelengine:giraffe/bone"},{"predicate":{"custom_model_data":71},"model":"modelengine:giraffe/bone3"},{"predicate":{"custom_model_data":72},"model":"modelengine:coppergolem/copper_left_arm"},{"predicate":{"custom_model_data":73},"model":"modelengine:coppergolem/copper_body"},{"predicate":{"custom_model_data":74},"model":"modelengine:coppergolem/copper_left_leg"},{"predicate":{"custom_model_data":75},"model":"modelengine:coppergolem/copper_head"},{"predicate":{"custom_model_data":76},"model":"modelengine:coppergolem/copper_right_leg"},{"predicate":{"custom_model_data":77},"model":"modelengine:coppergolem/copper_right_arm"},{"predicate":{"custom_model_data":78},"model":"modelengine:crab/c_right_mandible"},{"predicate":{"custom_model_data":79},"model":"modelengine:crab/c_left_arm"},{"predicate":{"custom_model_data":80},"model":"modelengine:crab/c_right_arm"},{"predicate":{"custom_model_data":81},"model":"modelengine:crab/c_body"},{"predicate":{"custom_model_data":82},"model":"modelengine:crab/c_left_mandible"},{"predicate":{"custom_model_data":83},"model":"modelengine:crab/c_leg2"},{"predicate":{"custom_model_data":84},"model":"modelengine:crab/c_leg4"},{"predicate":{"custom_model_data":85},"model":"modelengine:crab/c_leg1"},{"predicate":{"custom_model_data":86},"model":"modelengine:crab/c_leg3"},{"predicate":{"custom_model_data":87},"model":"modelengine:crab/c_leg6"},{"predicate":{"custom_model_data":88},"model":"modelengine:crab/c_leg5"},{"predicate":{"custom_model_data":89},"model":"modelengine:crab/c_left_arm_bottom"},{"predicate":{"custom_model_data":90},"model":"modelengine:crab/c_right_arm_bottom"},{"predicate":{"custom_model_data":91},"model":"modelengine:iceologer/right_leg"},{"predicate":{"custom_model_data":92},"model":"modelengine:iceologer/head"},{"predicate":{"custom_model_data":93},"model":"modelengine:iceologer/right_arm"},{"predicate":{"custom_model_data":94},"model":"modelengine:iceologer/left_arm"},{"predicate":{"custom_model_data":95},"model":"modelengine:iceologer/body"},{"predicate":{"custom_model_data":96},"model":"modelengine:iceologer/left_leg"},{"predicate":{"custom_model_data":97},"model":"modelengine:iceologer/nose"},{"predicate":{"custom_model_data":98},"model":"modelengine:iceologer/arms_rotation"},{"predicate":{"custom_model_data":99},"model":"modelengine:iceologer/arms_flipped"},{"predicate":{"custom_model_data":100},"model":"modelengine:gorilla/leg1"},{"predicate":{"custom_model_data":101},"model":"modelengine:gorilla/head"},{"predicate":{"custom_model_data":102},"model":"modelengine:gorilla/leg4"},{"predicate":{"custom_model_data":103},"model":"modelengine:gorilla/leg2"},{"predicate":{"custom_model_data":104},"model":"modelengine:gorilla/leg3"},{"predicate":{"custom_model_data":105},"model":"modelengine:gorilla/head2"},{"predicate":{"custom_model_data":106},"model":"modelengine:gorilla/rotation"},{"predicate":{"custom_model_data":107},"model":"modelengine:gorilla/rotation2"},{"predicate":{"custom_model_data":108},"model":"modelengine:grizzly_bear/leg2_grizzly"},{"predicate":{"custom_model_data":109},"model":"modelengine:grizzly_bear/leg1_grizzly"},{"predicate":{"custom_model_data":110},"model":"modelengine:grizzly_bear/leg3_grizzly"},{"predicate":{"custom_model_data":111},"model":"modelengine:grizzly_bear/leg4_grizzly"},{"predicate":{"custom_model_data":112},"model":"modelengine:grizzly_bear/head_grizzly"},{"predicate":{"custom_model_data":113},"model":"modelengine:grizzly_bear/rotation_grizzly"},{"predicate":{"custom_model_data":114},"model":"modelengine:grizzly_bear/head_grizzly2"},{"predicate":{"custom_model_data":115},"model":"modelengine:crocodile/body"},{"predicate":{"custom_model_data":116},"model":"modelengine:crocodile/left_hind_leg"},{"predicate":{"custom_model_data":117},"model":"modelengine:crocodile/right_hind_leg"},{"predicate":{"custom_model_data":118},"model":"modelengine:crocodile/tail1"},{"predicate":{"custom_model_data":119},"model":"modelengine:crocodile/bone"},{"predicate":{"custom_model_data":120},"model":"modelengine:crocodile/left_front_leg"},{"predicate":{"custom_model_data":121},"model":"modelengine:crocodile/right_front_leg"},{"predicate":{"custom_model_data":122},"model":"modelengine:crocodile/bone4"},{"predicate":{"custom_model_data":123},"model":"modelengine:crocodile/bone2"},{"predicate":{"custom_model_data":124},"model":"modelengine:crocodile/bone3"},{"predicate":{"custom_model_data":125},"model":"modelengine:crocodile/bone5"},{"predicate":{"custom_model_data":126},"model":"modelengine:crocodile/bone6"},{"predicate":{"custom_model_data":127},"model":"modelengine:elephant/body_normal"},{"predicate":{"custom_model_data":128},"model":"modelengine:elephant/tail"},{"predicate":{"custom_model_data":129},"model":"modelengine:elephant/head2"},{"predicate":{"custom_model_data":130},"model":"modelengine:elephant/front_left"},{"predicate":{"custom_model_data":131},"model":"modelengine:elephant/back_right"},{"predicate":{"custom_model_data":132},"model":"modelengine:elephant/front_right"},{"predicate":{"custom_model_data":133},"model":"modelengine:elephant/back_left"},{"predicate":{"custom_model_data":134},"model":"modelengine:elephant/horn_mirror2"},{"predicate":{"custom_model_data":135},"model":"modelengine:elephant/horn_mirror"},{"predicate":{"custom_model_data":136},"model":"modelengine:elephant/trunk"},{"predicate":{"custom_model_data":137},"model":"modelengine:elephant/right_ear"},{"predicate":{"custom_model_data":138},"model":"modelengine:elephant/left_ear"},{"predicate":{"custom_model_data":139},"model":"modelengine:elephant/trunk_lower"},{"predicate":{"custom_model_data":140},"model":"modelengine:kangaroo/back_left_leg"},{"predicate":{"custom_model_data":141},"model":"modelengine:kangaroo/body"},{"predicate":{"custom_model_data":142},"model":"modelengine:kangaroo/bone2"},{"predicate":{"custom_model_data":143},"model":"modelengine:kangaroo/bone4"},{"predicate":{"custom_model_data":144},"model":"modelengine:kangaroo/body2"},{"predicate":{"custom_model_data":145},"model":"modelengine:kangaroo/head"},{"predicate":{"custom_model_data":146},"model":"modelengine:kangaroo/bone3"},{"predicate":{"custom_model_data":147},"model":"modelengine:kangaroo/left_ear"},{"predicate":{"custom_model_data":148},"model":"modelengine:kangaroo/right_ear"},{"predicate":{"custom_model_data":149},"model":"modelengine:kangaroo/neck"},{"predicate":{"custom_model_data":150},"model":"modelengine:kangaroo/bone"},{"predicate":{"custom_model_data":151},"model":"modelengine:penguin/penguin"},{"predicate":{"custom_model_data":152},"model":"modelengine:penguin/body_penguin"},{"predicate":{"custom_model_data":153},"model":"modelengine:penguin/left_fin_penguin"},{"predicate":{"custom_model_data":154},"model":"modelengine:penguin/head_penguin"},{"predicate":{"custom_model_data":155},"model":"modelengine:penguin/left_leg_penguin"},{"predicate":{"custom_model_data":156},"model":"modelengine:penguin/right_leg_penguin"},{"predicate":{"custom_model_data":157},"model":"modelengine:penguin/right_fin_penguin"},{"predicate":{"custom_model_data":158},"model":"modelengine:rascal/left_leg2"},{"predicate":{"custom_model_data":159},"model":"modelengine:rascal/body2"},{"predicate":{"custom_model_data":160},"model":"modelengine:rascal/right_leg2"},{"predicate":{"custom_model_data":161},"model":"modelengine:rascal/arms2"},{"predicate":{"custom_model_data":162},"model":"modelengine:rascal/backpack"},{"predicate":{"custom_model_data":163},"model":"modelengine:rascal/head2"},{"predicate":{"custom_model_data":164},"model":"modelengine:rascal/arms3"},{"predicate":{"custom_model_data":165},"model":"modelengine:rascal/head3"},{"predicate":{"custom_model_data":166},"model":"modelengine:rascal/rascal_pickaxe"},{"predicate":{"custom_model_data":167},"model":"modelengine:neanderthal/body"},{"predicate":{"custom_model_data":168},"model":"modelengine:neanderthal/left_arm"},{"predicate":{"custom_model_data":169},"model":"modelengine:neanderthal/right_leg"},{"predicate":{"custom_model_data":170},"model":"modelengine:neanderthal/head"},{"predicate":{"custom_model_data":171},"model":"modelengine:neanderthal/right_arm"},{"predicate":{"custom_model_data":172},"model":"modelengine:neanderthal/left_leg"},{"predicate":{"custom_model_data":173},"model":"modelengine:neanderthal/headwear"},{"predicate":{"custom_model_data":174},"model":"modelengine:neanderthal/body2"},{"predicate":{"custom_model_data":175},"model":"modelengine:lion/leg4"},{"predicate":{"custom_model_data":176},"model":"modelengine:lion/body"},{"predicate":{"custom_model_data":177},"model":"modelengine:lion/leg3"},{"predicate":{"custom_model_data":178},"model":"modelengine:lion/leg1"},{"predicate":{"custom_model_data":179},"model":"modelengine:lion/head"},{"predicate":{"custom_model_data":180},"model":"modelengine:lion/leg2"},{"predicate":{"custom_model_data":181},"model":"modelengine:lion/bone"},{"predicate":{"custom_model_data":182},"model":"modelengine:lion/head3"},{"predicate":{"custom_model_data":183},"model":"modelengine:lion/bone4"},{"predicate":{"custom_model_data":184},"model":"modelengine:lion/head2"},{"predicate":{"custom_model_data":185},"model":"modelengine:lion/bone2"},{"predicate":{"custom_model_data":186},"model":"modelengine:rhino/bone5"},{"predicate":{"custom_model_data":187},"model":"modelengine:rhino/bone4"},{"predicate":{"custom_model_data":188},"model":"modelengine:rhino/neck2"},{"predicate":{"custom_model_data":189},"model":"modelengine:rhino/rhino_leg4"},{"predicate":{"custom_model_data":190},"model":"modelengine:rhino/rhino_leg2"},{"predicate":{"custom_model_data":191},"model":"modelengine:rhino/rhino_leg3"},{"predicate":{"custom_model_data":192},"model":"modelengine:rhino/rhino_leg1"},{"predicate":{"custom_model_data":193},"model":"modelengine:rhino/bone"},{"predicate":{"custom_model_data":194},"model":"modelengine:rhino/bone3"},{"predicate":{"custom_model_data":195},"model":"modelengine:rhino/bone2"},{"predicate":{"custom_model_data":196},"model":"modelengine:greatwhite/bone6"},{"predicate":{"custom_model_data":197},"model":"modelengine:greatwhite/tail"},{"predicate":{"custom_model_data":198},"model":"modelengine:greatwhite/bone5"},{"predicate":{"custom_model_data":199},"model":"modelengine:greatwhite/body"},{"predicate":{"custom_model_data":200},"model":"modelengine:greatwhite/head"},{"predicate":{"custom_model_data":201},"model":"modelengine:greatwhite/bone10"},{"predicate":{"custom_model_data":202},"model":"modelengine:greatwhite/bone11"},{"predicate":{"custom_model_data":203},"model":"modelengine:greatwhite/bone9"},{"predicate":{"custom_model_data":204},"model":"modelengine:greatwhite/bone8"},{"predicate":{"custom_model_data":205},"model":"modelengine:greatwhite/bone7"},{"predicate":{"custom_model_data":206},"model":"modelengine:greatwhite/bone3"},{"predicate":{"custom_model_data":207},"model":"modelengine:greatwhite/bone4"},{"predicate":{"custom_model_data":208},"model":"modelengine:wollyrhino/bone5"},{"predicate":{"custom_model_data":209},"model":"modelengine:wollyrhino/bone6"},{"predicate":{"custom_model_data":210},"model":"modelengine:wollyrhino/bone4"},{"predicate":{"custom_model_data":211},"model":"modelengine:wollyrhino/neck2"},{"predicate":{"custom_model_data":212},"model":"modelengine:wollyrhino/rhino_leg4"},{"predicate":{"custom_model_data":213},"model":"modelengine:wollyrhino/rhino_leg2"},{"predicate":{"custom_model_data":214},"model":"modelengine:wollyrhino/rhino_leg3"},{"predicate":{"custom_model_data":215},"model":"modelengine:wollyrhino/rhino_leg1"},{"predicate":{"custom_model_data":216},"model":"modelengine:wollyrhino/bone"},{"predicate":{"custom_model_data":217},"model":"modelengine:wollyrhino/bone3"},{"predicate":{"custom_model_data":218},"model":"modelengine:wollyrhino/bone2"},{"predicate":{"custom_model_data":219},"model":"modelengine:orangutan/leg1"},{"predicate":{"custom_model_data":220},"model":"modelengine:orangutan/head"},{"predicate":{"custom_model_data":221},"model":"modelengine:orangutan/leg4"},{"predicate":{"custom_model_data":222},"model":"modelengine:orangutan/leg2"},{"predicate":{"custom_model_data":223},"model":"modelengine:orangutan/leg3"},{"predicate":{"custom_model_data":224},"model":"modelengine:orangutan/rotation"},{"predicate":{"custom_model_data":225},"model":"modelengine:hyena/leg1"},{"predicate":{"custom_model_data":226},"model":"modelengine:hyena/tail"},{"predicate":{"custom_model_data":227},"model":"modelengine:hyena/leg2"},{"predicate":{"custom_model_data":228},"model":"modelengine:hyena/head"},{"predicate":{"custom_model_data":229},"model":"modelengine:hyena/leg4"},{"predicate":{"custom_model_data":230},"model":"modelengine:hyena/leg3"},{"predicate":{"custom_model_data":231},"model":"modelengine:hyena/bone2"},{"predicate":{"custom_model_data":232},"model":"modelengine:hyena/bone"},{"predicate":{"custom_model_data":233},"model":"modelengine:wollymammoth/body_normal"},{"predicate":{"custom_model_data":234},"model":"modelengine:wollymammoth/back"},{"predicate":{"custom_model_data":235},"model":"modelengine:wollymammoth/head2"},{"predicate":{"custom_model_data":236},"model":"modelengine:wollymammoth/back_right"},{"predicate":{"custom_model_data":237},"model":"modelengine:wollymammoth/back_left"},{"predicate":{"custom_model_data":238},"model":"modelengine:wollymammoth/left"},{"predicate":{"custom_model_data":239},"model":"modelengine:wollymammoth/horn_mirror3"},{"predicate":{"custom_model_data":240},"model":"modelengine:wollymammoth/trunk"},{"predicate":{"custom_model_data":241},"model":"modelengine:wollymammoth/right_ear"},{"predicate":{"custom_model_data":242},"model":"modelengine:wollymammoth/right"},{"predicate":{"custom_model_data":243},"model":"modelengine:wollymammoth/horn_mirror2"},{"predicate":{"custom_model_data":244},"model":"modelengine:wollymammoth/left_ear"},{"predicate":{"custom_model_data":245},"model":"modelengine:wollymammoth/pata2"},{"predicate":{"custom_model_data":246},"model":"modelengine:wollymammoth/front_left2"},{"predicate":{"custom_model_data":247},"model":"modelengine:wollymammoth/pata"},{"predicate":{"custom_model_data":248},"model":"modelengine:wollymammoth/front_right2"},{"predicate":{"custom_model_data":249},"model":"modelengine:wollymammoth/left2"},{"predicate":{"custom_model_data":250},"model":"modelengine:wollymammoth/trunk_lower"},{"predicate":{"custom_model_data":251},"model":"modelengine:wollymammoth/right3"},{"predicate":{"custom_model_data":252},"model":"modelengine:wollymammoth/trunk_lower2"},{"predicate":{"custom_model_data":253},"model":"modelengine:smilodon/leg4"},{"predicate":{"custom_model_data":254},"model":"modelengine:smilodon/body"},{"predicate":{"custom_model_data":255},"model":"modelengine:smilodon/leg3"},{"predicate":{"custom_model_data":256},"model":"modelengine:smilodon/leg1"},{"predicate":{"custom_model_data":257},"model":"modelengine:smilodon/head"},{"predicate":{"custom_model_data":258},"model":"modelengine:smilodon/leg2"},{"predicate":{"custom_model_data":259},"model":"modelengine:smilodon/head2"},{"predicate":{"custom_model_data":260},"model":"modelengine:smilodon/bone2"},{"predicate":{"custom_model_data":261},"model":"modelengine:lion2/leg4"},{"predicate":{"custom_model_data":262},"model":"modelengine:lion2/body"},{"predicate":{"custom_model_data":263},"model":"modelengine:lion2/leg3"},{"predicate":{"custom_model_data":264},"model":"modelengine:lion2/leg1"},{"predicate":{"custom_model_data":265},"model":"modelengine:lion2/head"},{"predicate":{"custom_model_data":266},"model":"modelengine:lion2/leg2"},{"predicate":{"custom_model_data":267},"model":"modelengine:lion2/bone"},{"predicate":{"custom_model_data":268},"model":"modelengine:lion2/head3"},{"predicate":{"custom_model_data":269},"model":"modelengine:lion2/head2"},{"predicate":{"custom_model_data":270},"model":"modelengine:lion2/bone2"},{"predicate":{"custom_model_data":271},"model":"modelengine:tiger/leg4"},{"predicate":{"custom_model_data":272},"model":"modelengine:tiger/body"},{"predicate":{"custom_model_data":273},"model":"modelengine:tiger/leg3"},{"predicate":{"custom_model_data":274},"model":"modelengine:tiger/leg1"},{"predicate":{"custom_model_data":275},"model":"modelengine:tiger/head"},{"predicate":{"custom_model_data":276},"model":"modelengine:tiger/leg2"},{"predicate":{"custom_model_data":277},"model":"modelengine:tiger/bone"},{"predicate":{"custom_model_data":278},"model":"modelengine:tiger/head2"},{"predicate":{"custom_model_data":279},"model":"modelengine:tiger/head3"},{"predicate":{"custom_model_data":280},"model":"modelengine:tiger/bone2"},{"predicate":{"custom_model_data":281},"model":"modelengine:magmammoth_fire/body_normal"},{"predicate":{"custom_model_data":282},"model":"modelengine:magmammoth_fire/back"},{"predicate":{"custom_model_data":283},"model":"modelengine:magmammoth_fire/head2"},{"predicate":{"custom_model_data":284},"model":"modelengine:magmammoth_fire/back_right"},{"predicate":{"custom_model_data":285},"model":"modelengine:magmammoth_fire/back_left"},{"predicate":{"custom_model_data":286},"model":"modelengine:magmammoth_fire/left"},{"predicate":{"custom_model_data":287},"model":"modelengine:magmammoth_fire/horn_mirror3"},{"predicate":{"custom_model_data":288},"model":"modelengine:magmammoth_fire/trunk"},{"predicate":{"custom_model_data":289},"model":"modelengine:magmammoth_fire/right_ear"},{"predicate":{"custom_model_data":290},"model":"modelengine:magmammoth_fire/right"},{"predicate":{"custom_model_data":291},"model":"modelengine:magmammoth_fire/horn_mirror2"},{"predicate":{"custom_model_data":292},"model":"modelengine:magmammoth_fire/left_ear"},{"predicate":{"custom_model_data":293},"model":"modelengine:magmammoth_fire/pata2"},{"predicate":{"custom_model_data":294},"model":"modelengine:magmammoth_fire/front_left2"},{"predicate":{"custom_model_data":295},"model":"modelengine:magmammoth_fire/pata"},{"predicate":{"custom_model_data":296},"model":"modelengine:magmammoth_fire/front_right2"},{"predicate":{"custom_model_data":297},"model":"modelengine:magmammoth_fire/left2"},{"predicate":{"custom_model_data":298},"model":"modelengine:magmammoth_fire/trunk_lower"},{"predicate":{"custom_model_data":299},"model":"modelengine:magmammoth_fire/right3"},{"predicate":{"custom_model_data":300},"model":"modelengine:magmammoth_fire/trunk_lower2"},{"predicate":{"custom_model_data":301},"model":"modelengine:magmammoth/body_normal"},{"predicate":{"custom_model_data":302},"model":"modelengine:magmammoth/back"},{"predicate":{"custom_model_data":303},"model":"modelengine:magmammoth/head2"},{"predicate":{"custom_model_data":304},"model":"modelengine:magmammoth/back_right"},{"predicate":{"custom_model_data":305},"model":"modelengine:magmammoth/back_left"},{"predicate":{"custom_model_data":306},"model":"modelengine:magmammoth/left"},{"predicate":{"custom_model_data":307},"model":"modelengine:magmammoth/horn_mirror3"},{"predicate":{"custom_model_data":308},"model":"modelengine:magmammoth/trunk"},{"predicate":{"custom_model_data":309},"model":"modelengine:magmammoth/right_ear"},{"predicate":{"custom_model_data":310},"model":"modelengine:magmammoth/right"},{"predicate":{"custom_model_data":311},"model":"modelengine:magmammoth/horn_mirror2"},{"predicate":{"custom_model_data":312},"model":"modelengine:magmammoth/left_ear"},{"predicate":{"custom_model_data":313},"model":"modelengine:magmammoth/pata2"},{"predicate":{"custom_model_data":314},"model":"modelengine:magmammoth/front_left2"},{"predicate":{"custom_model_data":315},"model":"modelengine:magmammoth/pata"},{"predicate":{"custom_model_data":316},"model":"modelengine:magmammoth/front_right2"},{"predicate":{"custom_model_data":317},"model":"modelengine:magmammoth/left2"},{"predicate":{"custom_model_data":318},"model":"modelengine:magmammoth/trunk_lower"},{"predicate":{"custom_model_data":319},"model":"modelengine:magmammoth/right3"},{"predicate":{"custom_model_data":320},"model":"modelengine:magmammoth/trunk_lower2"},{"predicate":{"custom_model_data":321},"model":"modelengine:zebra/back_left_leg"},{"predicate":{"custom_model_data":322},"model":"modelengine:zebra/front_left_leg"},{"predicate":{"custom_model_data":323},"model":"modelengine:zebra/front_right_leg"},{"predicate":{"custom_model_data":324},"model":"modelengine:zebra/back_right_leg"},{"predicate":{"custom_model_data":325},"model":"modelengine:zebra/right_ear"},{"predicate":{"custom_model_data":326},"model":"modelengine:zebra/neck"},{"predicate":{"custom_model_data":327},"model":"modelengine:zebra/mane"},{"predicate":{"custom_model_data":328},"model":"modelengine:zebra/body3"},{"predicate":{"custom_model_data":329},"model":"modelengine:zebra/tail2"}],"parent":"minecraft:item/generated","textures":{"layer0":"minecraft:item/leather_horse_armor"}}