{"textures":{"0":"modelengine:entity/magmammoth_fire"},"elements":[{"from":[-4.0,23.732422,-7.764162],"to":[-3.0,29.732422,10.235837],"faces":{"west":{"uv":[9.3125,14.375,10.5625,16.0],"tintindex":-2,"rotation":0,"texture":"#0"}}},{"from":[-7.0,-3.0,-7.0],"to":[23.0,20.0,14.0],"faces":{"east":{"uv":[7.5,2.5,8.75,5.375],"tintindex":-2,"rotation":0,"texture":"#0"},"south":{"uv":[11.25,2.5,12.5,5.375],"tintindex":-2,"rotation":0,"texture":"#0"},"north":{"uv":[8.5625,2.5,10.25,5.375],"tintindex":-2,"rotation":0,"texture":"#0"},"west":{"uv":[10.0625,2.5,11.3125,5.375],"tintindex":-2,"rotation":0,"texture":"#0"},"up":{"uv":[10.0,2.5,8.75,0.0],"tintindex":-2,"rotation":0,"texture":"#0"},"down":{"uv":[11.25,0.0,10.0,2.5],"tintindex":-2,"rotation":0,"texture":"#0"}}},{"from":[-4.0,23.732422,8.235837],"to":[20.0,29.732422,10.235837],"faces":{"south":{"uv":[9.3125,14.375,10.5625,16.0],"tintindex":-2,"rotation":0,"texture":"#0"},"up":{"uv":[9.3125,14.375,10.5625,16.0],"tintindex":-2,"rotation":0,"texture":"#0"}}},{"from":[-3.0,19.732426,-6.764162],"to":[19.0,29.732422,9.235837],"faces":{"east":{"uv":[8.375,14.75,9.3125,16.0],"tintindex":-2,"rotation":0,"texture":"#0"},"south":{"uv":[8.375,14.75,9.3125,16.0],"tintindex":-2,"rotation":0,"texture":"#0"},"north":{"uv":[8.375,14.75,9.3125,16.0],"tintindex":-2,"rotation":0,"texture":"#0"},"west":{"uv":[8.375,14.75,9.3125,16.0],"tintindex":-2,"rotation":0,"texture":"#0"},"up":{"uv":[6.625,13.5,8.375,16.0],"tintindex":-2,"rotation":0,"texture":"#0"},"down":{"uv":[8.375,14.75,9.3125,16.0],"tintindex":-2,"rotation":0,"texture":"#0"}}},{"from":[20.0,23.732422,-7.764162],"to":[21.0,29.732422,10.235837],"faces":{"west":{"uv":[9.3125,14.375,10.5625,16.0],"tintindex":-2,"rotation":0,"texture":"#0"},"up":{"uv":[9.3125,14.375,10.5625,16.0],"tintindex":-2,"rotation":0,"texture":"#0"}}},{"from":[-4.0,23.732422,-8.764162],"to":[20.0,29.732422,-7.764162],"faces":{"south":{"uv":[9.3125,14.375,10.5625,16.0],"tintindex":-2,"rotation":0,"texture":"#0"},"up":{"uv":[9.3125,14.375,10.5625,16.0],"tintindex":-2,"rotation":0,"texture":"#0"}}},{"from":[-3.0,28.732422,-6.764162],"to":[19.0,29.732422,9.235837],"faces":{"east":{"uv":[6.625,13.5,8.375,16.0],"tintindex":-2,"rotation":0,"texture":"#0"},"south":{"uv":[6.625,13.5,8.375,16.0],"tintindex":-2,"rotation":0,"texture":"#0"},"north":{"uv":[6.625,13.5,8.375,16.0],"tintindex":-2,"rotation":0,"texture":"#0"},"west":{"uv":[6.625,13.5,8.375,16.0],"tintindex":-2,"rotation":0,"texture":"#0"},"up":{"uv":[6.625,13.5,8.375,16.0],"tintindex":-2,"rotation":0,"texture":"#0"},"down":{"uv":[6.625,13.5,8.375,16.0],"tintindex":-2,"rotation":0,"texture":"#0"}}}],"display":{"gui":{"rotation":[30,225,0]}}}