{"textures":{"0":"modelengine:entity/wollyrhino"},"elements":[{"from":[2.0,13.0,3.75],"to":[15.0,23.5,16.25],"faces":{"east":{"uv":[10.0,12.375,16.0,16.0],"tintindex":-2,"rotation":0,"texture":"#0"},"south":{"uv":[10.0,12.375,16.0,16.0],"tintindex":-2,"rotation":0,"texture":"#0"},"north":{"uv":[10.0,12.375,16.0,16.0],"tintindex":-2,"rotation":0,"texture":"#0"},"west":{"uv":[10.0,12.375,16.0,16.0],"tintindex":-2,"rotation":0,"texture":"#0"},"up":{"uv":[10.0,12.375,16.0,14.375],"tintindex":-2,"rotation":0,"texture":"#0"}}}],"display":{"gui":{"rotation":[30,225,0]}}}