{"textures":{"0":"modelengine:entity/wollyrhino"},"elements":[{"from":[4.0,1.6000004,1.6999998],"to":[12.0,14.400002,14.3],"faces":{"east":{"uv":[8.625,9.625,10.75,11.625],"tintindex":-2,"rotation":0,"texture":"#0"},"south":{"uv":[14.125,9.625,15.375,11.625],"tintindex":-2,"rotation":0,"texture":"#0"},"north":{"uv":[10.75,9.625,12.0,11.625],"tintindex":-2,"rotation":0,"texture":"#0"},"west":{"uv":[12.0,9.625,14.125,11.625],"tintindex":-2,"rotation":0,"texture":"#0"},"up":{"uv":[12.0,9.625,10.75,7.5],"tintindex":-2,"rotation":0,"texture":"#0"},"down":{"uv":[13.25,7.5,12.0,9.625],"tintindex":-2,"rotation":0,"texture":"#0"}}}],"display":{"gui":{"rotation":[30,225,0]}}}