{"textures":{"0":"modelengine:entity/magmammoth_fire"},"elements":[{"from":[10.5,0.9393406,13.060661],"to":[16.5,21.939342,13.060661],"faces":{"south":{"uv":[0.5,0.0,0.0,3.625],"tintindex":-2,"rotation":0,"texture":"#0"},"west":{"uv":[0.375,0.0,0.0,3.375],"tintindex":-2,"rotation":0,"texture":"#0"},"up":{"uv":[0.375,0.0,0.0,3.375],"tintindex":-2,"rotation":0,"texture":"#0"},"down":{"uv":[0.375,0.0,0.0,3.375],"tintindex":-2,"rotation":0,"texture":"#0"}},"rotation":{"origin":[12.0,17.939342,13.060661],"angle":-22.5,"axis":"x"}}],"display":{"gui":{"rotation":[30,225,0]}}}