{"textures":{"0":"modelengine:entity/magmammoth_fire"},"elements":[{"from":[3.333333,14.5,8.833333],"to":[12.666667,22.833334,20.166668],"faces":{"east":{"uv":[0.0,4.0,1.6875,8.375],"tintindex":-2,"rotation":0,"texture":"#0"},"south":{"uv":[0.0,4.5,1.75,9.125],"tintindex":-2,"rotation":0,"texture":"#0"},"north":{"uv":[1.6875,4.0,4.0,8.0],"tintindex":-2,"rotation":0,"texture":"#0"},"west":{"uv":[0.0,4.0,1.6875,8.375],"tintindex":-2,"rotation":0,"texture":"#0"},"up":{"uv":[0.0,4.0,1.75,8.625],"tintindex":-2,"rotation":0,"texture":"#0"},"down":{"uv":[0.0,4.0,1.75,8.625],"tintindex":-2,"rotation":0,"texture":"#0"}}},{"from":[11.914389,17.603554,16.922733],"to":[12.914389,18.936888,17.922733],"faces":{"east":{"uv":[1.5625,0.25,1.25,0.875],"tintindex":-2,"rotation":0,"texture":"#0"},"south":{"uv":[1.125,0.0,0.875,2.0],"tintindex":-2,"rotation":0,"texture":"#0"},"north":{"uv":[1.125,0.0,0.875,2.0],"tintindex":-2,"rotation":0,"texture":"#0"},"west":{"uv":[1.125,0.0,0.875,2.0],"tintindex":-2,"rotation":0,"texture":"#0"},"up":{"uv":[1.125,0.0,0.875,2.0],"tintindex":-2,"rotation":0,"texture":"#0"},"down":{"uv":[1.125,0.0,0.875,2.0],"tintindex":-2,"rotation":0,"texture":"#0"}}},{"from":[8.637631,12.358687,17.528809],"to":[10.304298,13.692021,18.86214],"faces":{"east":{"uv":[1.5625,0.25,1.25,0.875],"tintindex":-2,"rotation":0,"texture":"#0"},"south":{"uv":[1.125,0.0,0.875,2.0],"tintindex":-2,"rotation":0,"texture":"#0"},"north":{"uv":[1.125,0.0,0.875,2.0],"tintindex":-2,"rotation":0,"texture":"#0"},"west":{"uv":[1.125,0.0,0.875,2.0],"tintindex":-2,"rotation":0,"texture":"#0"},"up":{"uv":[1.125,0.0,0.875,2.0],"tintindex":-2,"rotation":0,"texture":"#0"},"down":{"uv":[1.125,0.0,0.875,2.0],"tintindex":-2,"rotation":0,"texture":"#0"}},"rotation":{"origin":[7.3363347,12.494192,19.429712],"angle":-45.0,"axis":"y"}},{"from":[9.344739,15.025354,16.821701],"to":[11.011406,16.358688,18.155035],"faces":{"east":{"uv":[1.5625,0.25,1.25,0.875],"tintindex":-2,"rotation":0,"texture":"#0"},"south":{"uv":[1.125,0.0,0.875,2.0],"tintindex":-2,"rotation":0,"texture":"#0"},"north":{"uv":[1.125,0.0,0.875,2.0],"tintindex":-2,"rotation":0,"texture":"#0"},"west":{"uv":[1.125,0.0,0.875,2.0],"tintindex":-2,"rotation":0,"texture":"#0"},"up":{"uv":[1.125,0.0,0.875,2.0],"tintindex":-2,"rotation":0,"texture":"#0"},"down":{"uv":[1.125,0.0,0.875,2.0],"tintindex":-2,"rotation":0,"texture":"#0"}},"rotation":{"origin":[7.3363347,12.494192,19.429712],"angle":-45.0,"axis":"y"}},{"from":[5.6666665,11.235132,18.930786],"to":[9.666667,24.235132,20.930786],"faces":{"east":{"uv":[2.0,4.375,3.75,7.625],"tintindex":-2,"rotation":0,"texture":"#0"},"south":{"uv":[2.0,4.375,3.75,7.625],"tintindex":-2,"rotation":0,"texture":"#0"},"north":{"uv":[2.0,4.375,3.75,7.625],"tintindex":-2,"rotation":0,"texture":"#0"},"west":{"uv":[2.0,4.375,3.75,7.625],"tintindex":-2,"rotation":0,"texture":"#0"},"up":{"uv":[2.0,4.375,3.75,7.625],"tintindex":-2,"rotation":0,"texture":"#0"},"down":{"uv":[2.0,4.375,3.75,7.625],"tintindex":-2,"rotation":0,"texture":"#0"}},"rotation":{"origin":[7.914388,18.432192,14.205404],"angle":22.5,"axis":"x"}},{"from":[9.02877,13.131063,25.832664],"to":[10.02877,15.7977295,26.832664],"faces":{"east":{"uv":[1.125,0.0,0.875,2.0],"tintindex":-2,"rotation":0,"texture":"#0"},"south":{"uv":[1.125,0.0,0.875,2.0],"tintindex":-2,"rotation":0,"texture":"#0"},"north":{"uv":[1.125,0.0,0.875,2.0],"tintindex":-2,"rotation":0,"texture":"#0"},"west":{"uv":[1.125,0.0,0.875,2.0],"tintindex":-2,"rotation":0,"texture":"#0"},"up":{"uv":[1.5625,0.25,1.25,0.875],"tintindex":-2,"rotation":0,"texture":"#0"},"down":{"uv":[1.125,0.0,0.875,2.0],"tintindex":-2,"rotation":0,"texture":"#0"}},"rotation":{"origin":[7.914388,18.432192,14.205404],"angle":45.0,"axis":"x"}},{"from":[12.914389,6.27022,10.589399],"to":[13.914389,7.6035533,11.589399],"faces":{"east":{"uv":[1.5625,0.25,1.25,0.875],"tintindex":-2,"rotation":0,"texture":"#0"},"south":{"uv":[1.125,0.0,0.875,2.0],"tintindex":-2,"rotation":0,"texture":"#0"},"north":{"uv":[1.125,0.0,0.875,2.0],"tintindex":-2,"rotation":0,"texture":"#0"},"west":{"uv":[1.125,0.0,0.875,2.0],"tintindex":-2,"rotation":0,"texture":"#0"},"up":{"uv":[1.125,0.0,0.875,2.0],"tintindex":-2,"rotation":0,"texture":"#0"},"down":{"uv":[1.125,0.0,0.875,2.0],"tintindex":-2,"rotation":0,"texture":"#0"}}},{"from":[11.669668,17.692022,19.448536],"to":[13.336335,19.025354,20.781868],"faces":{"east":{"uv":[1.5625,0.25,1.25,0.875],"tintindex":-2,"rotation":0,"texture":"#0"},"south":{"uv":[1.125,0.0,0.875,2.0],"tintindex":-2,"rotation":0,"texture":"#0"},"north":{"uv":[1.125,0.0,0.875,2.0],"tintindex":-2,"rotation":0,"texture":"#0"},"west":{"uv":[1.125,0.0,0.875,2.0],"tintindex":-2,"rotation":0,"texture":"#0"},"up":{"uv":[1.125,0.0,0.875,2.0],"tintindex":-2,"rotation":0,"texture":"#0"},"down":{"uv":[1.125,0.0,0.875,2.0],"tintindex":-2,"rotation":0,"texture":"#0"}},"rotation":{"origin":[12.503002,18.192022,19.948536],"angle":-45.0,"axis":"y"}},{"from":[5.3621035,13.131063,25.832664],"to":[6.3621035,15.7977295,26.832664],"faces":{"east":{"uv":[1.125,0.0,0.875,2.0],"tintindex":-2,"rotation":0,"texture":"#0"},"south":{"uv":[1.125,0.0,0.875,2.0],"tintindex":-2,"rotation":0,"texture":"#0"},"north":{"uv":[1.125,0.0,0.875,2.0],"tintindex":-2,"rotation":0,"texture":"#0"},"west":{"uv":[1.125,0.0,0.875,2.0],"tintindex":-2,"rotation":0,"texture":"#0"},"up":{"uv":[1.5625,0.25,1.25,0.875],"tintindex":-2,"rotation":0,"texture":"#0"},"down":{"uv":[1.125,0.0,0.875,2.0],"tintindex":-2,"rotation":0,"texture":"#0"}},"rotation":{"origin":[7.914388,18.432192,14.205404],"angle":45.0,"axis":"x"}},{"from":[1.9143887,11.270221,14.589399],"to":[2.9143882,12.603554,15.589399],"faces":{"east":{"uv":[1.125,0.0,0.875,2.0],"tintindex":-2,"rotation":0,"texture":"#0"},"south":{"uv":[1.125,0.0,0.875,2.0],"tintindex":-2,"rotation":0,"texture":"#0"},"north":{"uv":[1.125,0.0,0.875,2.0],"tintindex":-2,"rotation":0,"texture":"#0"},"west":{"uv":[1.5625,0.25,1.25,0.875],"tintindex":-2,"rotation":0,"texture":"#0"},"up":{"uv":[1.125,0.0,0.875,2.0],"tintindex":-2,"rotation":0,"texture":"#0"},"down":{"uv":[1.125,0.0,0.875,2.0],"tintindex":-2,"rotation":0,"texture":"#0"}}},{"from":[6.7822394,18.207108,21.414358],"to":[8.448906,19.873774,22.747692],"faces":{"east":{"uv":[1.125,0.0,0.875,2.0],"tintindex":-2,"rotation":0,"texture":"#0"},"south":{"uv":[1.5625,0.25,1.25,0.875],"tintindex":-2,"rotation":0,"texture":"#0"},"north":{"uv":[1.125,0.0,0.875,2.0],"tintindex":-2,"rotation":0,"texture":"#0"},"west":{"uv":[1.125,0.0,0.875,2.0],"tintindex":-2,"rotation":0,"texture":"#0"},"up":{"uv":[1.125,0.0,0.875,2.0],"tintindex":-2,"rotation":0,"texture":"#0"},"down":{"uv":[1.125,0.0,0.875,2.0],"tintindex":-2,"rotation":0,"texture":"#0"}}},{"from":[12.914389,11.270221,14.589399],"to":[13.914389,12.603554,15.589399],"faces":{"east":{"uv":[1.5625,0.25,1.25,0.875],"tintindex":-2,"rotation":0,"texture":"#0"},"south":{"uv":[1.125,0.0,0.875,2.0],"tintindex":-2,"rotation":0,"texture":"#0"},"north":{"uv":[1.125,0.0,0.875,2.0],"tintindex":-2,"rotation":0,"texture":"#0"},"west":{"uv":[1.125,0.0,0.875,2.0],"tintindex":-2,"rotation":0,"texture":"#0"},"up":{"uv":[1.125,0.0,0.875,2.0],"tintindex":-2,"rotation":0,"texture":"#0"},"down":{"uv":[1.125,0.0,0.875,2.0],"tintindex":-2,"rotation":0,"texture":"#0"}}},{"from":[6.7822394,14.207108,20.414358],"to":[8.448906,15.873774,21.747692],"faces":{"east":{"uv":[1.125,0.0,0.875,2.0],"tintindex":-2,"rotation":0,"texture":"#0"},"south":{"uv":[1.5625,0.25,1.25,0.875],"tintindex":-2,"rotation":0,"texture":"#0"},"north":{"uv":[1.125,0.0,0.875,2.0],"tintindex":-2,"rotation":0,"texture":"#0"},"west":{"uv":[1.125,0.0,0.875,2.0],"tintindex":-2,"rotation":0,"texture":"#0"},"up":{"uv":[1.125,0.0,0.875,2.0],"tintindex":-2,"rotation":0,"texture":"#0"},"down":{"uv":[1.125,0.0,0.875,2.0],"tintindex":-2,"rotation":0,"texture":"#0"}}},{"from":[6.7822394,10.207108,19.081024],"to":[8.448906,12.207108,20.747692],"faces":{"east":{"uv":[1.125,0.0,0.875,2.0],"tintindex":-2,"rotation":0,"texture":"#0"},"south":{"uv":[1.5625,0.25,1.25,0.875],"tintindex":-2,"rotation":0,"texture":"#0"},"north":{"uv":[1.125,0.0,0.875,2.0],"tintindex":-2,"rotation":0,"texture":"#0"},"west":{"uv":[1.125,0.0,0.875,2.0],"tintindex":-2,"rotation":0,"texture":"#0"},"up":{"uv":[1.125,0.0,0.875,2.0],"tintindex":-2,"rotation":0,"texture":"#0"},"down":{"uv":[1.125,0.0,0.875,2.0],"tintindex":-2,"rotation":0,"texture":"#0"}}},{"from":[9.003001,9.358687,19.448536],"to":[10.669668,10.69202,20.781868],"faces":{"east":{"uv":[1.5625,0.25,1.25,0.875],"tintindex":-2,"rotation":0,"texture":"#0"},"south":{"uv":[1.125,0.0,0.875,2.0],"tintindex":-2,"rotation":0,"texture":"#0"},"north":{"uv":[1.125,0.0,0.875,2.0],"tintindex":-2,"rotation":0,"texture":"#0"},"west":{"uv":[1.125,0.0,0.875,2.0],"tintindex":-2,"rotation":0,"texture":"#0"},"up":{"uv":[1.125,0.0,0.875,2.0],"tintindex":-2,"rotation":0,"texture":"#0"},"down":{"uv":[1.125,0.0,0.875,2.0],"tintindex":-2,"rotation":0,"texture":"#0"}},"rotation":{"origin":[9.836335,9.858687,19.948536],"angle":-45.0,"axis":"y"}},{"from":[4.368371,15.025354,17.528809],"to":[6.035038,16.358688,18.86214],"faces":{"east":{"uv":[1.125,0.0,0.875,2.0],"tintindex":-2,"rotation":0,"texture":"#0"},"south":{"uv":[1.125,0.0,0.875,2.0],"tintindex":-2,"rotation":0,"texture":"#0"},"north":{"uv":[1.125,0.0,0.875,2.0],"tintindex":-2,"rotation":0,"texture":"#0"},"west":{"uv":[1.5625,0.25,1.25,0.875],"tintindex":-2,"rotation":0,"texture":"#0"},"up":{"uv":[1.125,0.0,0.875,2.0],"tintindex":-2,"rotation":0,"texture":"#0"},"down":{"uv":[1.125,0.0,0.875,2.0],"tintindex":-2,"rotation":0,"texture":"#0"}},"rotation":{"origin":[7.3363347,12.494192,19.429712],"angle":45.0,"axis":"y"}},{"from":[5.6666665,7.951158,19.8456],"to":[9.666667,20.284492,21.8456],"faces":{"east":{"uv":[2.0,4.375,3.75,7.625],"tintindex":-2,"rotation":0,"texture":"#0"},"south":{"uv":[2.0,4.375,3.75,7.625],"tintindex":-2,"rotation":0,"texture":"#0"},"north":{"uv":[2.0,4.375,3.75,7.625],"tintindex":-2,"rotation":0,"texture":"#0"},"west":{"uv":[2.0,4.375,3.75,7.625],"tintindex":-2,"rotation":0,"texture":"#0"},"up":{"uv":[2.0,4.375,3.75,7.625],"tintindex":-2,"rotation":0,"texture":"#0"},"down":{"uv":[2.0,4.375,3.75,7.625],"tintindex":-2,"rotation":0,"texture":"#0"}},"rotation":{"origin":[7.914388,18.432192,14.205404],"angle":22.5,"axis":"x"}},{"from":[3.6612644,17.692022,16.821701],"to":[5.327931,19.025354,18.155035],"faces":{"east":{"uv":[1.125,0.0,0.875,2.0],"tintindex":-2,"rotation":0,"texture":"#0"},"south":{"uv":[1.125,0.0,0.875,2.0],"tintindex":-2,"rotation":0,"texture":"#0"},"north":{"uv":[1.125,0.0,0.875,2.0],"tintindex":-2,"rotation":0,"texture":"#0"},"west":{"uv":[1.5625,0.25,1.25,0.875],"tintindex":-2,"rotation":0,"texture":"#0"},"up":{"uv":[1.125,0.0,0.875,2.0],"tintindex":-2,"rotation":0,"texture":"#0"},"down":{"uv":[1.125,0.0,0.875,2.0],"tintindex":-2,"rotation":0,"texture":"#0"}},"rotation":{"origin":[7.3363347,12.494192,19.429712],"angle":45.0,"axis":"y"}},{"from":[1.9143887,6.936887,10.589399],"to":[2.9143882,8.27022,11.589399],"faces":{"east":{"uv":[1.125,0.0,0.875,2.0],"tintindex":-2,"rotation":0,"texture":"#0"},"south":{"uv":[1.125,0.0,0.875,2.0],"tintindex":-2,"rotation":0,"texture":"#0"},"north":{"uv":[1.125,0.0,0.875,2.0],"tintindex":-2,"rotation":0,"texture":"#0"},"west":{"uv":[1.5625,0.25,1.25,0.875],"tintindex":-2,"rotation":0,"texture":"#0"},"up":{"uv":[1.125,0.0,0.875,2.0],"tintindex":-2,"rotation":0,"texture":"#0"},"down":{"uv":[1.125,0.0,0.875,2.0],"tintindex":-2,"rotation":0,"texture":"#0"}}},{"from":[4.6666665,21.5,10.833334],"to":[11.333334,23.166668,13.833334],"faces":{"east":{"uv":[3.75,10.0,3.8125,13.5],"tintindex":-2,"rotation":0,"texture":"#0"},"south":{"uv":[3.75,10.0,3.8125,13.5],"tintindex":-2,"rotation":0,"texture":"#0"},"north":{"uv":[3.75,10.0,3.8125,13.5],"tintindex":-2,"rotation":0,"texture":"#0"},"west":{"uv":[3.75,10.0,3.8125,13.5],"tintindex":-2,"rotation":0,"texture":"#0"},"up":{"uv":[3.75,10.0,5.0,11.125],"tintindex":-2,"rotation":0,"texture":"#0"},"down":{"uv":[3.75,10.0,3.8125,13.5],"tintindex":-2,"rotation":0,"texture":"#0"}}},{"from":[4.8397756,9.358687,18.000212],"to":[6.506442,10.69202,19.333546],"faces":{"east":{"uv":[1.125,0.0,0.875,2.0],"tintindex":-2,"rotation":0,"texture":"#0"},"south":{"uv":[1.125,0.0,0.875,2.0],"tintindex":-2,"rotation":0,"texture":"#0"},"north":{"uv":[1.125,0.0,0.875,2.0],"tintindex":-2,"rotation":0,"texture":"#0"},"west":{"uv":[1.5625,0.25,1.25,0.875],"tintindex":-2,"rotation":0,"texture":"#0"},"up":{"uv":[1.125,0.0,0.875,2.0],"tintindex":-2,"rotation":0,"texture":"#0"},"down":{"uv":[1.125,0.0,0.875,2.0],"tintindex":-2,"rotation":0,"texture":"#0"}},"rotation":{"origin":[7.3363347,12.494192,19.429712],"angle":45.0,"axis":"y"}},{"from":[2.9143882,18.270222,17.256065],"to":[3.9143882,19.603554,18.256065],"faces":{"east":{"uv":[1.125,0.0,0.875,2.0],"tintindex":-2,"rotation":0,"texture":"#0"},"south":{"uv":[1.125,0.0,0.875,2.0],"tintindex":-2,"rotation":0,"texture":"#0"},"north":{"uv":[1.125,0.0,0.875,2.0],"tintindex":-2,"rotation":0,"texture":"#0"},"west":{"uv":[1.5625,0.25,1.25,0.875],"tintindex":-2,"rotation":0,"texture":"#0"},"up":{"uv":[1.125,0.0,0.875,2.0],"tintindex":-2,"rotation":0,"texture":"#0"},"down":{"uv":[1.125,0.0,0.875,2.0],"tintindex":-2,"rotation":0,"texture":"#0"}}},{"from":[6.7822394,7.046665,21.310179],"to":[8.448906,10.713332,22.976845],"faces":{"east":{"uv":[1.125,0.0,0.875,2.0],"tintindex":-2,"rotation":0,"texture":"#0"},"south":{"uv":[1.125,0.0,0.875,2.0],"tintindex":-2,"rotation":0,"texture":"#0"},"north":{"uv":[1.125,0.0,0.875,2.0],"tintindex":-2,"rotation":0,"texture":"#0"},"west":{"uv":[1.125,0.0,0.875,2.0],"tintindex":-2,"rotation":0,"texture":"#0"},"up":{"uv":[1.5625,0.25,1.25,0.875],"tintindex":-2,"rotation":0,"texture":"#0"},"down":{"uv":[1.125,0.0,0.875,2.0],"tintindex":-2,"rotation":0,"texture":"#0"}},"rotation":{"origin":[7.3363347,12.494192,19.429712],"angle":45.0,"axis":"x"}},{"from":[5.6666665,8.051958,20.68569],"to":[9.666667,17.385292,22.68569],"faces":{"east":{"uv":[2.0,4.375,3.75,7.625],"tintindex":-2,"rotation":0,"texture":"#0"},"south":{"uv":[2.0,4.375,3.75,7.625],"tintindex":-2,"rotation":0,"texture":"#0"},"north":{"uv":[2.0,4.375,3.75,7.625],"tintindex":-2,"rotation":0,"texture":"#0"},"west":{"uv":[2.0,4.375,3.75,7.625],"tintindex":-2,"rotation":0,"texture":"#0"},"up":{"uv":[2.0,4.375,3.75,7.625],"tintindex":-2,"rotation":0,"texture":"#0"},"down":{"uv":[2.0,4.375,3.75,7.625],"tintindex":-2,"rotation":0,"texture":"#0"}},"rotation":{"origin":[7.914388,18.432192,14.205404],"angle":22.5,"axis":"x"}},{"from":[2.333333,5.1666665,7.8333335],"to":[13.666667,14.833334,19.833334],"faces":{"east":{"uv":[4.125,10.0,5.9375,14.5],"tintindex":-2,"rotation":0,"texture":"#0"},"south":{"uv":[2.0,4.25,3.75,8.75],"tintindex":-2,"rotation":0,"texture":"#0"},"north":{"uv":[2.25,10.0,3.75,16.0],"tintindex":-2,"rotation":0,"texture":"#0"},"west":{"uv":[0.0,10.0,2.1875,14.5],"tintindex":-2,"rotation":0,"texture":"#0"},"up":{"uv":[3.75,4.0,2.0,0.25],"tintindex":-2,"rotation":0,"texture":"#0"},"down":{"uv":[5.5,0.375,3.75,4.0],"tintindex":-2,"rotation":0,"texture":"#0"}}},{"from":[5.6666665,12.824301,20.532063],"to":[9.666667,17.157635,21.198729],"faces":{"east":{"uv":[2.0,4.375,3.75,7.625],"tintindex":-2,"rotation":0,"texture":"#0"},"south":{"uv":[2.0,4.375,3.75,7.625],"tintindex":-2,"rotation":0,"texture":"#0"},"north":{"uv":[2.0,4.375,3.75,7.625],"tintindex":-2,"rotation":0,"texture":"#0"},"west":{"uv":[2.0,4.375,3.75,7.625],"tintindex":-2,"rotation":0,"texture":"#0"},"up":{"uv":[2.0,4.375,3.75,7.625],"tintindex":-2,"rotation":0,"texture":"#0"},"down":{"uv":[2.0,4.375,3.75,7.625],"tintindex":-2,"rotation":0,"texture":"#0"}},"rotation":{"origin":[7.914388,18.432192,14.205404],"angle":22.5,"axis":"x"}},{"from":[4.8397756,12.358687,18.000212],"to":[6.506442,13.692021,19.333546],"faces":{"east":{"uv":[1.125,0.0,0.875,2.0],"tintindex":-2,"rotation":0,"texture":"#0"},"south":{"uv":[1.125,0.0,0.875,2.0],"tintindex":-2,"rotation":0,"texture":"#0"},"north":{"uv":[1.125,0.0,0.875,2.0],"tintindex":-2,"rotation":0,"texture":"#0"},"west":{"uv":[1.5625,0.25,1.25,0.875],"tintindex":-2,"rotation":0,"texture":"#0"},"up":{"uv":[1.125,0.0,0.875,2.0],"tintindex":-2,"rotation":0,"texture":"#0"},"down":{"uv":[1.125,0.0,0.875,2.0],"tintindex":-2,"rotation":0,"texture":"#0"}},"rotation":{"origin":[7.3363347,12.494192,19.429712],"angle":45.0,"axis":"y"}}],"display":{"gui":{"rotation":[30,225,0]}}}