{"textures":{"0":"modelengine:entity/magmammoth_fire"},"elements":[{"from":[13.018382,0.80825806,5.75],"to":[20.518383,8.308258,6.75],"faces":{"east":{"uv":[5.5,0.125,5.5625,2.5],"tintindex":-2,"rotation":0,"texture":"#0"},"south":{"uv":[6.625,0.125,7.625,2.5],"tintindex":-2,"rotation":0,"texture":"#0"},"north":{"uv":[5.5625,0.125,6.5625,2.5],"tintindex":-2,"rotation":0,"texture":"#0"},"west":{"uv":[6.5625,0.125,6.625,2.5],"tintindex":-2,"rotation":0,"texture":"#0"},"up":{"uv":[6.5625,0.125,5.5625,0.0],"tintindex":-2,"rotation":0,"texture":"#0"},"down":{"uv":[7.5625,0.0,6.5625,0.125],"tintindex":-2,"rotation":0,"texture":"#0"}},"rotation":{"origin":[7.621456,0.80810547,16.12627],"angle":22.5,"axis":"z"}},{"from":[14.871583,3.6553307,5.134099],"to":[16.371582,5.6553307,6.634099],"faces":{"east":{"uv":[1.125,0.0,0.875,2.0],"tintindex":-2,"rotation":0,"texture":"#0"},"south":{"uv":[1.125,0.0,0.875,2.0],"tintindex":-2,"rotation":0,"texture":"#0"},"north":{"uv":[1.5625,0.25,1.25,0.875],"tintindex":-2,"rotation":0,"texture":"#0"},"west":{"uv":[1.125,0.0,0.875,2.0],"tintindex":-2,"rotation":0,"texture":"#0"},"up":{"uv":[1.125,0.0,0.875,2.0],"tintindex":-2,"rotation":0,"texture":"#0"},"down":{"uv":[1.125,0.0,0.875,2.0],"tintindex":-2,"rotation":0,"texture":"#0"}}},{"from":[17.371582,6.6553307,5.134099],"to":[18.871582,8.655331,6.634099],"faces":{"east":{"uv":[1.125,0.0,0.875,2.0],"tintindex":-2,"rotation":0,"texture":"#0"},"south":{"uv":[1.125,0.0,0.875,2.0],"tintindex":-2,"rotation":0,"texture":"#0"},"north":{"uv":[1.5625,0.25,1.25,0.875],"tintindex":-2,"rotation":0,"texture":"#0"},"west":{"uv":[1.125,0.0,0.875,2.0],"tintindex":-2,"rotation":0,"texture":"#0"},"up":{"uv":[1.125,0.0,0.875,2.0],"tintindex":-2,"rotation":0,"texture":"#0"},"down":{"uv":[1.125,0.0,0.875,2.0],"tintindex":-2,"rotation":0,"texture":"#0"}}}],"display":{"gui":{"rotation":[30,225,0]}}}