{"textures":{"0":"modelengine:entity/lion"},"elements":[{"from":[6.88,15.812372,-5.525652],"to":[9.12,21.132374,-3.2856512],"faces":{"east":{"uv":[4.8,8.0,5.2000003,10.2],"tintindex":-2,"rotation":0,"texture":"#0"},"south":{"uv":[6.0,8.0,6.4,10.2],"tintindex":-2,"rotation":0,"texture":"#0"},"north":{"uv":[5.2000003,8.0,5.6,10.2],"tintindex":-2,"rotation":0,"texture":"#0"},"west":{"uv":[5.6,8.0,6.0,10.2],"tintindex":-2,"rotation":0,"texture":"#0"},"up":{"uv":[5.6,8.0,5.2000003,7.6],"tintindex":-2,"rotation":0,"texture":"#0"},"down":{"uv":[6.0,7.6,5.6,8.0],"tintindex":-2,"rotation":0,"texture":"#0"}}}],"display":{"gui":{"rotation":[30,225,0]}}}