{"textures":{"0":"modelengine:entity/tiger"},"elements":[{"from":[10.23568,15.471359,8.0],"to":[13.23568,17.47136,9.0],"faces":{"east":{"uv":[5.4,8.2,5.2000003,7.8],"tintindex":-2,"rotation":0,"texture":"#0"},"south":{"uv":[0.8,0.8,1.2,1.2],"tintindex":-2,"rotation":0,"texture":"#0"},"north":{"uv":[5.0,8.6,4.4,8.2],"tintindex":-2,"rotation":0,"texture":"#0"},"west":{"uv":[5.4,8.2,5.2000003,7.8],"tintindex":-2,"rotation":0,"texture":"#0"},"up":{"uv":[5.4,8.400001,5.0,8.2],"tintindex":-2,"rotation":0,"texture":"#0"},"down":{"uv":[5.8,8.400001,5.4,8.2],"tintindex":-2,"rotation":0,"texture":"#0"}}},{"from":[2.175776,15.471359,8.0],"to":[5.175776,17.47136,9.0],"faces":{"east":{"uv":[5.4,8.2,5.2000003,7.8],"tintindex":-2,"rotation":0,"texture":"#0"},"south":{"uv":[0.8,0.8,1.2,1.2],"tintindex":-2,"rotation":0,"texture":"#0"},"north":{"uv":[5.0,8.6,4.4,8.2],"tintindex":-2,"rotation":0,"texture":"#0"},"west":{"uv":[5.4,8.2,5.2000003,7.8],"tintindex":-2,"rotation":0,"texture":"#0"},"up":{"uv":[5.4,8.400001,5.0,8.2],"tintindex":-2,"rotation":0,"texture":"#0"},"down":{"uv":[5.8,8.400001,5.4,8.2],"tintindex":-2,"rotation":0,"texture":"#0"}}},{"from":[1.0,4.3199997,3.92],"to":[13.0,15.32,11.92],"faces":{"east":{"uv":[9.0,11.400001,10.2,13.0],"tintindex":-2,"rotation":0,"texture":"#0"},"south":{"uv":[12.400001,10.2,14.0,11.400001],"tintindex":-2,"rotation":0,"texture":"#0"},"north":{"uv":[10.0,11.400001,12.400001,13.0],"tintindex":-2,"rotation":0,"texture":"#0"},"west":{"uv":[12.2,11.400001,13.400001,13.0],"tintindex":-2,"rotation":0,"texture":"#0"},"up":{"uv":[12.2,11.400001,10.2,10.2],"tintindex":-2,"rotation":0,"texture":"#0"},"down":{"uv":[13.8,10.2,12.2,11.400001],"tintindex":-2,"rotation":0,"texture":"#0"}}}],"display":{"gui":{"rotation":[30,225,0]}}}