{"textures":{"0":"modelengine:entity/tiger"},"elements":[{"from":[6.5,14.614904,-4.499176],"to":[8.5,16.114904,-2.499176],"faces":{"east":{"uv":[11.2,8.400001,12.2,8.8],"tintindex":-2,"rotation":0,"texture":"#0"},"south":{"uv":[10.6,2.0,11.6,2.8],"tintindex":-2,"rotation":0,"texture":"#0"},"north":{"uv":[12.0,8.400001,13.0,8.8],"tintindex":-2,"rotation":0,"texture":"#0"},"west":{"uv":[12.8,8.400001,13.8,8.8],"tintindex":-2,"rotation":0,"texture":"#0"},"up":{"uv":[10.0,8.400001,10.8,9.400001],"tintindex":-2,"rotation":0,"texture":"#0"}}},{"from":[6.0,15.614904,-4.999176],"to":[9.0,17.114904,-2.499176],"faces":{"east":{"uv":[0.4,12.6,1.2,13.2],"tintindex":-2,"rotation":0,"texture":"#0"},"south":{"uv":[10.6,2.0,11.6,2.8],"tintindex":-2,"rotation":0,"texture":"#0"},"north":{"uv":[1.4,12.6,3.6000001,13.2],"tintindex":-2,"rotation":0,"texture":"#0"},"west":{"uv":[3.6000001,12.6,4.4,13.2],"tintindex":-2,"rotation":0,"texture":"#0"},"up":{"uv":[2.0,12.0,3.0,12.6],"tintindex":-2,"rotation":0,"texture":"#0"},"down":{"uv":[9.2,8.400001,10.0,9.400001],"tintindex":-2,"rotation":0,"texture":"#0"}}}],"display":{"gui":{"rotation":[30,225,0]}}}