{"textures":{"0":"modelengine:entity/tiger"},"elements":[{"from":[5.04,-2.1999998,8.280001],"to":[10.52,8.0,13.76],"faces":{"east":{"uv":[0.0,7.4,0.8,9.400001],"tintindex":-2,"rotation":0,"texture":"#0"},"south":{"uv":[2.4,7.2000003,3.6000001,9.400001],"tintindex":-2,"rotation":0,"texture":"#0"},"north":{"uv":[1.0,7.0,2.4,9.400001],"tintindex":-2,"rotation":0,"texture":"#0"},"west":{"uv":[2.6000001,7.2000003,3.6000001,9.400001],"tintindex":-2,"rotation":0,"texture":"#0"},"up":{"uv":[1.6,8.400001,0.8,7.6],"tintindex":-2,"rotation":0,"texture":"#0"},"down":{"uv":[2.4,7.6,1.6,8.400001],"tintindex":-2,"rotation":0,"texture":"#0"}}}],"display":{"gui":{"rotation":[30,225,0]}}}