{"textures":{"0":"modelengine:entity/hyena"},"elements":[{"from":[6.0,0.0,7.0],"to":[8.0,8.0,9.0],"faces":{"east":{"uv":[8.5,4.25,9.0,6.25],"tintindex":-2,"rotation":0,"texture":"#0"},"south":{"uv":[10.0,4.25,10.5,6.25],"tintindex":-2,"rotation":0,"texture":"#0"},"north":{"uv":[9.0,4.25,9.5,6.25],"tintindex":-2,"rotation":0,"texture":"#0"},"west":{"uv":[9.5,4.25,10.0,6.25],"tintindex":-2,"rotation":0,"texture":"#0"},"up":{"uv":[9.5,4.25,9.0,3.75],"tintindex":-2,"rotation":0,"texture":"#0"},"down":{"uv":[10.0,3.75,9.5,4.25],"tintindex":-2,"rotation":0,"texture":"#0"}}}],"display":{"gui":{"rotation":[30,225,0]}}}