{"textures":{"0":"modelengine:entity/hippo"},"elements":[{"from":[4.5,-3.0,5.5],"to":[10.5,4.0,11.5],"faces":{"east":{"uv":[0.0,11.333334,1.0,12.5],"tintindex":0,"rotation":0,"texture":"#0"},"south":{"uv":[3.0,11.333334,4.0,12.5],"tintindex":0,"rotation":0,"texture":"#0"},"north":{"uv":[1.0,11.333334,2.0,12.5],"tintindex":0,"rotation":0,"texture":"#0"},"west":{"uv":[2.0,11.333334,3.0,12.5],"tintindex":0,"rotation":0,"texture":"#0"},"up":{"uv":[2.0,11.333334,1.0,10.333334],"tintindex":0,"rotation":0,"texture":"#0"},"down":{"uv":[3.0,10.333334,2.0,11.333334],"tintindex":0,"rotation":0,"texture":"#0"}}}],"display":{"gui":{"rotation":[30,225,0]}}}