{"textures":{"0":"modelengine:entity/hippo"},"elements":[{"from":[13.0,12.0,0.0],"to":[15.0,14.0,4.0],"faces":{"east":{"uv":[2.3333335,4.0,3.0,4.3333335],"tintindex":0,"rotation":0,"texture":"#0"},"south":{"uv":[4.0,4.0,4.3333335,4.3333335],"tintindex":0,"rotation":0,"texture":"#0"},"north":{"uv":[3.0,4.0,3.3333335,4.3333335],"tintindex":0,"rotation":0,"texture":"#0"},"west":{"uv":[3.3333335,4.0,4.0,4.3333335],"tintindex":0,"rotation":0,"texture":"#0"},"up":{"uv":[3.3333335,4.0,3.0,3.3333335],"tintindex":0,"rotation":0,"texture":"#0"},"down":{"uv":[3.6666667,3.3333335,3.3333335,4.0],"tintindex":0,"rotation":0,"texture":"#0"}}},{"from":[2.0,4.0,-12.0],"to":[14.0,12.0,-2.0],"faces":{"east":{"uv":[8.0,8.666667,9.666667,10.0],"tintindex":0,"rotation":0,"texture":"#0"},"south":{"uv":[13.333334,8.666667,15.333334,10.0],"tintindex":0,"rotation":0,"texture":"#0"},"north":{"uv":[9.666667,8.666667,11.666667,10.0],"tintindex":0,"rotation":0,"texture":"#0"},"west":{"uv":[11.666667,8.666667,13.333334,10.0],"tintindex":0,"rotation":0,"texture":"#0"},"up":{"uv":[11.666667,8.666667,9.666667,7.0],"tintindex":0,"rotation":0,"texture":"#0"},"down":{"uv":[13.666667,7.0,11.666667,8.666667],"tintindex":0,"rotation":0,"texture":"#0"}}},{"from":[1.0,2.0,-2.0],"to":[15.0,12.0,8.0],"faces":{"east":{"uv":[0.0,8.666667,1.6666667,10.333334],"tintindex":0,"rotation":0,"texture":"#0"},"south":{"uv":[5.666667,8.666667,8.0,10.333334],"tintindex":0,"rotation":0,"texture":"#0"},"north":{"uv":[1.6666667,8.666667,4.0,10.333334],"tintindex":0,"rotation":0,"texture":"#0"},"west":{"uv":[4.0,8.666667,5.666667,10.333334],"tintindex":0,"rotation":0,"texture":"#0"},"up":{"uv":[4.0,8.666667,1.6666667,7.0],"tintindex":0,"rotation":0,"texture":"#0"},"down":{"uv":[6.3333335,7.0,4.0,8.666667],"tintindex":0,"rotation":0,"texture":"#0"}}},{"from":[1.0,12.0,0.0],"to":[3.0,14.0,4.0],"faces":{"east":{"uv":[2.3333335,3.0,3.0,3.3333335],"tintindex":0,"rotation":0,"texture":"#0"},"south":{"uv":[4.0,3.0,4.3333335,3.3333335],"tintindex":0,"rotation":0,"texture":"#0"},"north":{"uv":[3.0,3.0,3.3333335,3.3333335],"tintindex":0,"rotation":0,"texture":"#0"},"west":{"uv":[3.3333335,3.0,4.0,3.3333335],"tintindex":0,"rotation":0,"texture":"#0"},"up":{"uv":[3.3333335,3.0,3.0,2.3333335],"tintindex":0,"rotation":0,"texture":"#0"},"down":{"uv":[3.6666667,2.3333335,3.3333335,3.0],"tintindex":0,"rotation":0,"texture":"#0"}}}],"display":{"gui":{"rotation":[30,225,0]}}}