{"textures":{"0":"tfc:textures/entity/animal/crocodile"},"elements":[{"from":[3.0,5.0,4.0],"to":[7.0,10.0,8.0],"faces":{"east":{"uv":[9.0,9.375,9.5,10.0],"tintindex":-2,"rotation":0,"texture":"#0"},"south":{"uv":[10.5,9.375,11.0,10.0],"tintindex":-2,"rotation":0,"texture":"#0"},"north":{"uv":[9.5,9.375,10.0,10.0],"tintindex":-2,"rotation":0,"texture":"#0"},"west":{"uv":[10.0,9.375,10.5,10.0],"tintindex":-2,"rotation":0,"texture":"#0"},"up":{"uv":[10.0,9.375,9.5,8.875],"tintindex":-2,"rotation":0,"texture":"#0"},"down":{"uv":[10.5,8.875,10.0,9.375],"tintindex":-2,"rotation":0,"texture":"#0"}}},{"from":[2.0,3.0,2.0],"to":[6.0,5.0,7.0],"faces":{"east":{"uv":[8.25,4.875,8.875,5.125],"tintindex":-2,"rotation":0,"texture":"#0"},"south":{"uv":[10.0,4.875,10.5,5.125],"tintindex":-2,"rotation":0,"texture":"#0"},"north":{"uv":[8.875,4.875,9.375,5.125],"tintindex":-2,"rotation":0,"texture":"#0"},"west":{"uv":[9.375,4.875,10.0,5.125],"tintindex":-2,"rotation":0,"texture":"#0"},"up":{"uv":[9.375,4.875,8.875,4.25],"tintindex":-2,"rotation":0,"texture":"#0"},"down":{"uv":[9.875,4.25,9.375,4.875],"tintindex":-2,"rotation":0,"texture":"#0"}}}],"display":{"gui":{"rotation":[30,225,0]}}}