{"textures":{"0":"modelengine:entity/bears","particle":"#0"},"elements":[{"from":[4.5,1.7000008,4.299999],"to":[9.5,3.7000008,6.299999],"faces":{"east":{"uv":[2.5625,10.0,2.8125,10.25],"tintindex":0,"rotation":0,"texture":"#0"},"south":{"uv":[3.375,10.0,3.6875,10.25],"tintindex":0,"rotation":0,"texture":"#0"},"north":{"uv":[2.8125,10.0,3.125,10.25],"tintindex":0,"rotation":0,"texture":"#0"},"west":{"uv":[3.125,10.0,3.375,10.25],"tintindex":0,"rotation":0,"texture":"#0"},"up":{"uv":[3.125,9.75,2.8125,9.25],"tintindex":0,"rotation":0,"texture":"#0"},"down":{"uv":[3.4375,9.25,3.125,9.75],"tintindex":0,"rotation":0,"texture":"#0"}}},{"from":[11.0,10.700001,9.299999],"to":[14.0,14.700001,10.299999],"faces":{"east":{"uv":[0.0,9.375,0.0625,9.875],"tintindex":0,"rotation":0,"texture":"#0"},"south":{"uv":[0.3125,9.375,0.5,9.875],"tintindex":0,"rotation":0,"texture":"#0"},"north":{"uv":[0.0625,9.375,0.25,9.875],"tintindex":0,"rotation":0,"texture":"#0"},"west":{"uv":[0.25,9.375,0.3125,9.875],"tintindex":0,"rotation":0,"texture":"#0"},"up":{"uv":[0.25,9.375,0.0625,9.25],"tintindex":0,"rotation":0,"texture":"#0"},"down":{"uv":[0.4375,9.25,0.25,9.375],"tintindex":0,"rotation":0,"texture":"#0"}}},{"from":[0.0,10.700001,9.299999],"to":[3.0,14.700001,10.299999],"faces":{"east":{"uv":[0.0,6.625,0.0625,7.125],"tintindex":0,"rotation":0,"texture":"#0"},"south":{"uv":[0.3125,6.625,0.5,7.125],"tintindex":0,"rotation":0,"texture":"#0"},"north":{"uv":[0.0625,6.625,0.25,7.125],"tintindex":0,"rotation":0,"texture":"#0"},"west":{"uv":[0.25,6.625,0.3125,7.125],"tintindex":0,"rotation":0,"texture":"#0"},"up":{"uv":[0.25,6.625,0.0625,6.5],"tintindex":0,"rotation":0,"texture":"#0"},"down":{"uv":[0.4375,6.5,0.25,6.625],"tintindex":0,"rotation":0,"texture":"#0"}}},{"from":[1.5,1.7000008,6.299999],"to":[12.5,12.700001,15.299999],"faces":{"east":{"uv":[2.6875,12.5,3.25,13.875],"tintindex":0,"rotation":0,"texture":"#0"},"south":{"uv":[4.5,12.5,5.1875,13.875],"tintindex":0,"rotation":0,"texture":"#0"},"north":{"uv":[3.25,12.5,3.9375,13.875],"tintindex":0,"rotation":0,"texture":"#0"},"west":{"uv":[3.9375,12.5,4.5,13.875],"tintindex":0,"rotation":0,"texture":"#0"},"up":{"uv":[3.9375,12.5,3.25,11.375],"tintindex":0,"rotation":0,"texture":"#0"},"down":{"uv":[4.625,11.375,3.9375,12.5],"tintindex":0,"rotation":0,"texture":"#0"}}},{"from":[4.5,3.7000008,2.2999992],"to":[9.5,5.700001,6.299999],"faces":{"east":{"uv":[2.5625,9.75,2.8125,10.0],"tintindex":0,"rotation":0,"texture":"#0"},"south":{"uv":[3.375,9.75,3.6875,10.0],"tintindex":0,"rotation":0,"texture":"#0"},"north":{"uv":[2.8125,9.75,3.125,10.0],"tintindex":0,"rotation":0,"texture":"#0"},"west":{"uv":[3.125,9.75,3.375,10.0],"tintindex":0,"rotation":0,"texture":"#0"},"up":{"uv":[3.125,9.75,2.8125,9.25],"tintindex":0,"rotation":0,"texture":"#0"},"down":{"uv":[3.4375,9.25,3.125,9.75],"tintindex":0,"rotation":0,"texture":"#0"}}}],"display":{"head":{"rotation":[0.0,0.0,0.0]},"firstperson_righthand":{"rotation":[0.0,0.0,0.0]},"thirdperson_lefthand":{"rotation":[0.0,-0.0,-0.0]},"firstperson_lefthand":{"rotation":[0.0,-0.0,-0.0]},"fixed":{"rotation":[0.0,0.0,0.0]},"ground":{"rotation":[0.0,0.0,0.0]},"thirdperson_righthand":{"rotation":[0.0,0.0,0.0]},"gui":{"rotation":[-150.0,-45.0,180.0]}}}