{"textures":{"0":"modelengine:entity/bears","particle":"#0"},"elements":[{"from":[4.5,7.0,6.0],"to":[9.5,9.0,8.0],"faces":{"east":{"uv":[2.5625,10.0,2.8125,10.25],"tintindex":0,"rotation":0,"texture":"#0"},"south":{"uv":[3.375,10.0,3.6875,10.25],"tintindex":0,"rotation":0,"texture":"#0"},"north":{"uv":[2.8125,10.0,3.125,10.25],"tintindex":0,"rotation":0,"texture":"#0"},"west":{"uv":[3.125,10.0,3.375,10.25],"tintindex":0,"rotation":0,"texture":"#0"},"up":{"uv":[3.125,10.625,2.8125,10.25],"tintindex":0,"rotation":0,"texture":"#0"},"down":{"uv":[3.4375,9.25,3.125,9.75],"tintindex":0,"rotation":0,"texture":"#0"}}}],"display":{"head":{"rotation":[0.0,0.0,0.0]},"firstperson_righthand":{"rotation":[0.0,0.0,0.0]},"thirdperson_lefthand":{"rotation":[0.0,-0.0,-0.0]},"firstperson_lefthand":{"rotation":[0.0,-0.0,-0.0]},"fixed":{"rotation":[0.0,0.0,0.0]},"ground":{"rotation":[0.0,0.0,0.0]},"thirdperson_righthand":{"rotation":[0.0,0.0,0.0]},"gui":{"rotation":[-150.0,-45.0,180.0]}}}