{"textures":{"0":"modelengine:entity/bears"},"elements":[{"from":[6.275,7.3099995,6.62],"to":[9.725,8.69,8.0],"faces":{"east":{"uv":[13.375,10.0,13.625,10.25],"tintindex":0,"rotation":0,"texture":"#0"},"south":{"uv":[14.1875,10.0,14.5,10.25],"tintindex":0,"rotation":0,"texture":"#0"},"north":{"uv":[13.625,10.0,13.9375,10.25],"tintindex":0,"rotation":0,"texture":"#0"},"west":{"uv":[13.9375,10.0,14.1875,10.25],"tintindex":0,"rotation":0,"texture":"#0"},"up":{"uv":[13.9375,9.625,13.625,9.25],"tintindex":0,"rotation":0,"texture":"#0"},"down":{"uv":[14.25,9.25,13.9375,9.75],"tintindex":0,"rotation":0,"texture":"#0"}}}],"display":{"gui":{"rotation":[30,225,0]}}}