{"textures":{"0":"tfc:textures/entity/animal/gazelle"},"elements":[{"from":[6.08716,5.003811,9.0],"to":[10.08716,9.003811,13.0],"faces":{"east":{"uv":[0.0,6.5,1.0,7.5],"tintindex":0,"rotation":0,"texture":"#0"},"south":{"uv":[3.0,6.5,4.0,7.5],"tintindex":0,"rotation":0,"texture":"#0"},"north":{"uv":[1.0,6.5,2.0,7.5],"tintindex":0,"rotation":0,"texture":"#0"},"west":{"uv":[2.0,6.5,3.0,7.5],"tintindex":0,"rotation":0,"texture":"#0"},"up":{"uv":[2.0,6.5,1.0,5.5],"tintindex":0,"rotation":0,"texture":"#0"},"down":{"uv":[3.0,5.5,2.0,6.5],"tintindex":0,"rotation":0,"texture":"#0"}}}],"display":{"gui":{"rotation":[30,225,0]}}}