{"textures":{"0":"tfc:textures/entity/animal/gazelle"},"elements":[{"from":[6.84599,7.8513107,9.24846],"to":[8.84599,10.851311,10.24846],"faces":{"east":{"uv":[8.25,0.25,8.5,1.0],"tintindex":0,"rotation":0,"texture":"#0"},"south":{"uv":[9.25,0.25,9.75,1.0],"tintindex":0,"rotation":0,"texture":"#0"},"north":{"uv":[8.5,0.25,9.0,1.0],"tintindex":0,"rotation":0,"texture":"#0"},"west":{"uv":[9.0,0.25,9.25,1.0],"tintindex":0,"rotation":0,"texture":"#0"},"up":{"uv":[9.0,0.25,8.5,0.0],"tintindex":0,"rotation":0,"texture":"#0"},"down":{"uv":[9.5,0.0,9.0,0.25],"tintindex":0,"rotation":0,"texture":"#0"}}}],"display":{"gui":{"rotation":[30,225,0]}}}