{"textures":{"0":"tfc:textures/entity/animal/gazelle"},"elements":[{"from":[7.5,-3.0,9.0],"to":[9.5,4.0,11.0],"faces":{"east":{"uv":[10.0,0.5,10.5,2.25],"tintindex":0,"rotation":0,"texture":"#0"},"south":{"uv":[11.5,0.5,12.0,2.25],"tintindex":0,"rotation":0,"texture":"#0"},"north":{"uv":[10.5,0.5,11.0,2.25],"tintindex":0,"rotation":0,"texture":"#0"},"west":{"uv":[11.0,0.5,11.5,2.25],"tintindex":0,"rotation":0,"texture":"#0"},"up":{"uv":[11.0,0.5,10.5,0.0],"tintindex":0,"rotation":0,"texture":"#0"},"down":{"uv":[11.5,0.0,11.0,0.5],"tintindex":0,"rotation":0,"texture":"#0"}}},{"from":[7.5,4.0,8.0],"to":[9.5,11.0,11.0],"faces":{"east":{"uv":[2.0,9.5,2.75,11.25],"tintindex":0,"rotation":0,"texture":"#0"},"south":{"uv":[4.0,9.5,4.5,11.25],"tintindex":0,"rotation":0,"texture":"#0"},"north":{"uv":[2.75,9.5,3.25,11.25],"tintindex":0,"rotation":0,"texture":"#0"},"west":{"uv":[3.25,9.5,4.0,11.25],"tintindex":0,"rotation":0,"texture":"#0"},"up":{"uv":[3.25,9.5,2.75,8.75],"tintindex":0,"rotation":0,"texture":"#0"},"down":{"uv":[3.75,8.75,3.25,9.5],"tintindex":0,"rotation":0,"texture":"#0"}}}],"display":{"gui":{"rotation":[30,225,0]}}}