{"textures":{"0":"tfc:textures/entity/animal/gazelle"},"elements":[{"from":[7.0,8.0,8.0],"to":[9.0,9.0,12.0],"faces":{"east":{"uv":[0.0,3.5,1.0,3.75],"tintindex":0,"rotation":0,"texture":"#0"},"south":{"uv":[2.5,3.5,3.0,3.75],"tintindex":0,"rotation":0,"texture":"#0"},"north":{"uv":[1.0,3.5,1.5,3.75],"tintindex":0,"rotation":0,"texture":"#0"},"west":{"uv":[1.5,3.5,2.5,3.75],"tintindex":0,"rotation":0,"texture":"#0"},"up":{"uv":[1.5,3.5,1.0,2.5],"tintindex":0,"rotation":0,"texture":"#0"},"down":{"uv":[2.0,2.5,1.5,3.5],"tintindex":0,"rotation":0,"texture":"#0"}}}],"display":{"gui":{"rotation":[30,225,0]}}}