{
   "providers":[



      {
         "type":"bitmap",
         "file":"custom_ui:custom_gui/all.png",
         "height":256,
         "ascent":19,
         "chars":[
             "⍪"
         ]
     },




     {
         "type":"bitmap",
         "file":"custom_ui:nationtags/southafrica.png",
         "ascent":16,
         "height":16,
         "chars":[
             "⤸"
         ]
     },






     {
         "type":"bitmap",
         "file":"custom_ui:nationtags/afghanistan.png",
         "ascent":8,
         "height":9,
         "chars":[
             ""
         ]
     },
     {
         "type":"bitmap",
         "file":"custom_ui:nationtags/algeria.png",
         "ascent":8,
         "height":9,
         "chars":[
             ""
         ]
     },
     {
         "type":"bitmap",
         "file":"custom_ui:nationtags/angola.png",
         "ascent":8,
         "height":9,
         "chars":[
             ""
         ]
     },
     {
         "type":"bitmap",
         "file":"custom_ui:nationtags/argentina.png",
         "ascent":8,
         "height":9,
         "chars":[
             ""
         ]
     },
     {
         "type":"bitmap",
         "file":"custom_ui:nationtags/armenia.png",
         "ascent":8,
         "height":9,
         "chars":[
             ""
         ]
     },
     {
         "type":"bitmap",
         "file":"custom_ui:nationtags/australia.png",
         "ascent":8,
         "height":9,
         "chars":[
             ""
         ]
     },
     {
         "type":"bitmap",
         "file":"custom_ui:nationtags/austria.png",
         "ascent":8,
         "height":9,
         "chars":[
             ""
         ]
     },
     {
         "type":"bitmap",
         "file":"custom_ui:nationtags/azerbaijan.png",
         "ascent":8,
         "height":9,
         "chars":[
             ""
         ]
     },
     {
         "type":"bitmap",
         "file":"custom_ui:nationtags/bangladesh.png",
         "ascent":8,
         "height":9,
         "chars":[
             ""
         ]
     },
     {
         "type":"bitmap",
         "file":"custom_ui:nationtags/belgium.png",
         "ascent":8,
         "height":9,
         "chars":[
             ""
         ]
     },
     {
         "type":"bitmap",
         "file":"custom_ui:nationtags/benin.png",
         "ascent":8,
         "height":9,
         "chars":[
             ""
         ]
     },
     {
         "type":"bitmap",
         "file":"custom_ui:nationtags/bolivia.png",
         "ascent":8,
         "height":9,
         "chars":[
             ""
         ]
     },
     {
         "type":"bitmap",
         "file":"custom_ui:nationtags/bosnia.png",
         "ascent":8,
         "height":9,
         "chars":[
             ""
         ]
     },
     {
         "type":"bitmap",
         "file":"custom_ui:nationtags/botswana.png",
         "ascent":8,
         "height":9,
         "chars":[
             ""
         ]
     },
     {
         "type":"bitmap",
         "file":"custom_ui:nationtags/brazil.png",
         "ascent":8,
         "height":9,
         "chars":[
             ""
         ]
     },
     {
         "type":"bitmap",
         "file":"custom_ui:nationtags/bulgaria.png",
         "ascent":8,
         "height":9,
         "chars":[
             ""
         ]
     },
     {
         "type":"bitmap",
         "file":"custom_ui:nationtags/burkinafaso.png",
         "ascent":8,
         "height":9,
         "chars":[
             ""
         ]
     },
     {
         "type":"bitmap",
         "file":"custom_ui:nationtags/burundi.png",
         "ascent":8,
         "height":9,
         "chars":[
             ""
         ]
     },
     {
         "type":"bitmap",
         "file":"custom_ui:nationtags/cambodia.png",
         "ascent":8,
         "height":9,
         "chars":[
             ""
         ]
     },
     {
         "type":"bitmap",
         "file":"custom_ui:nationtags/cameroon.png",
         "ascent":8,
         "height":9,
         "chars":[
             ""
         ]
     },
     {
         "type":"bitmap",
         "file":"custom_ui:nationtags/canada.png",
         "ascent":8,
         "height":9,
         "chars":[
             ""
         ]
     },
     {
         "type":"bitmap",
         "file":"custom_ui:nationtags/capeverde.png",
         "ascent":8,
         "height":9,
         "chars":[
             ""
         ]
     },
     {
         "type":"bitmap",
         "file":"custom_ui:nationtags/centralafricanrepublic.png",
         "ascent":8,
         "height":9,
         "chars":[
             ""
         ]
     },
     {
         "type":"bitmap",
         "file":"custom_ui:nationtags/chad.png",
         "ascent":8,
         "height":9,
         "chars":[
             ""
         ]
     },
     {
         "type":"bitmap",
         "file":"custom_ui:nationtags/chile.png",
         "ascent":8,
         "height":9,
         "chars":[
             ""
         ]
     },
     {
         "type":"bitmap",
         "file":"custom_ui:nationtags/china.png",
         "ascent":8,
         "height":9,
         "chars":[
             ""
         ]
     },
     {
         "type":"bitmap",
         "file":"custom_ui:nationtags/columbia.png",
         "ascent":8,
         "height":9,
         "chars":[
             ""
         ]
     },
     {
         "type":"bitmap",
         "file":"custom_ui:nationtags/comoros.png",
         "ascent":8,
         "height":9,
         "chars":[
             ""
         ]
     },
     {
         "type":"bitmap",
         "file":"custom_ui:nationtags/congo.png",
         "ascent":8,
         "height":9,
         "chars":[
             ""
         ]
     },
     {
         "type":"bitmap",
         "file":"custom_ui:nationtags/croatia.png",
         "ascent":8,
         "height":9,
         "chars":[
             ""
         ]
     },
     {
         "type":"bitmap",
         "file":"custom_ui:nationtags/cuba.png",
         "ascent":8,
         "height":9,
         "chars":[
             ""
         ]
     },
     {
         "type":"bitmap",
         "file":"custom_ui:nationtags/czechrepublic.png",
         "ascent":8,
         "height":9,
         "chars":[
             ""
         ]
     },
     {
         "type":"bitmap",
         "file":"custom_ui:nationtags/denmark.png",
         "ascent":8,
         "height":9,
         "chars":[
             ""
         ]
     },
     {
         "type":"bitmap",
         "file":"custom_ui:nationtags/djibouti.png",
         "ascent":8,
         "height":9,
         "chars":[
             ""
         ]
     },
     {
         "type":"bitmap",
         "file":"custom_ui:nationtags/dominicanrep.png",
         "ascent":8,
         "height":9,
         "chars":[
             ""
         ]
     },
     {
         "type":"bitmap",
         "file":"custom_ui:nationtags/drcongo.png",
         "ascent":8,
         "height":9,
         "chars":[
             ""
         ]
     },
     {
         "type":"bitmap",
         "file":"custom_ui:nationtags/ecuador.png",
         "ascent":8,
         "height":9,
         "chars":[
             ""
         ]
     },
     {
         "type":"bitmap",
         "file":"custom_ui:nationtags/egypt.png",
         "ascent":8,
         "height":9,
         "chars":[
             ""
         ]
     },
     {
         "type":"bitmap",
         "file":"custom_ui:nationtags/elsalvador.png",
         "ascent":8,
         "height":9,
         "chars":[
             ""
         ]
     },
     {
         "type":"bitmap",
         "file":"custom_ui:nationtags/england.png",
         "ascent":8,
         "height":9,
         "chars":[
             ""
         ]
     },
     {
         "type":"bitmap",
         "file":"custom_ui:nationtags/equatorialguinea.png",
         "ascent":8,
         "height":9,
         "chars":[
             ""
         ]
     },
     {
         "type":"bitmap",
         "file":"custom_ui:nationtags/eritrea.png",
         "ascent":8,
         "height":9,
         "chars":[
             ""
         ]
     },
     {
         "type":"bitmap",
         "file":"custom_ui:nationtags/estonia.png",
         "ascent":8,
         "height":9,
         "chars":[
             ""
         ]
     },
     {
         "type":"bitmap",
         "file":"custom_ui:nationtags/eswatini.png",
         "ascent":8,
         "height":9,
         "chars":[
             ""
         ]
     },
     {
         "type":"bitmap",
         "file":"custom_ui:nationtags/ethiopia.png",
         "ascent":8,
         "height":9,
         "chars":[
             ""
         ]
     },
     {
         "type":"bitmap",
         "file":"custom_ui:nationtags/faroeislands.png",
         "ascent":8,
         "height":9,
         "chars":[
             ""
         ]
     },
     {
         "type":"bitmap",
         "file":"custom_ui:nationtags/finland.png",
         "ascent":8,
         "height":9,
         "chars":[
             ""
         ]
     },
     {
         "type":"bitmap",
         "file":"custom_ui:nationtags/france.png",
         "ascent":8,
         "height":9,
         "chars":[
             ""
         ]
     },
     {
         "type":"bitmap",
         "file":"custom_ui:nationtags/gabon.png",
         "ascent":8,
         "height":9,
         "chars":[
             ""
         ]
     },
     {
         "type":"bitmap",
         "file":"custom_ui:nationtags/gambia.png",
         "ascent":8,
         "height":9,
         "chars":[
             ""
         ]
     },
     {
         "type":"bitmap",
         "file":"custom_ui:nationtags/georgia.png",
         "ascent":8,
         "height":9,
         "chars":[
             ""
         ]
     },
     {
         "type":"bitmap",
         "file":"custom_ui:nationtags/germany.png",
         "ascent":8,
         "height":9,
         "chars":[
             ""
         ]
     },
     {
         "type":"bitmap",
         "file":"custom_ui:nationtags/ghana.png",
         "ascent":8,
         "height":9,
         "chars":[
             ""
         ]
     },
     {
         "type":"bitmap",
         "file":"custom_ui:nationtags/greece.png",
         "ascent":8,
         "height":9,
         "chars":[
             ""
         ]
     },
     {
         "type":"bitmap",
         "file":"custom_ui:nationtags/guinea.png",
         "ascent":8,
         "height":9,
         "chars":[
             ""
         ]
     },
     {
         "type":"bitmap",
         "file":"custom_ui:nationtags/guineabissau.png",
         "ascent":8,
         "height":9,
         "chars":[
             ""
         ]
     },
     {
         "type":"bitmap",
         "file":"custom_ui:nationtags/honduras.png",
         "ascent":8,
         "height":9,
         "chars":[
             ""
         ]
     },
     {
         "type":"bitmap",
         "file":"custom_ui:nationtags/hungary.png",
         "ascent":8,
         "height":9,
         "chars":[
             ""
         ]
     },
     {
         "type":"bitmap",
         "file":"custom_ui:nationtags/iceland.png",
         "ascent":8,
         "height":9,
         "chars":[
             ""
         ]
     },
     {
         "type":"bitmap",
         "file":"custom_ui:nationtags/india.png",
         "ascent":8,
         "height":9,
         "chars":[
             ""
         ]
     },
     {
         "type":"bitmap",
         "file":"custom_ui:nationtags/indonesia.png",
         "ascent":8,
         "height":9,
         "chars":[
             ""
         ]
     },
     {
         "type":"bitmap",
         "file":"custom_ui:nationtags/iran.png",
         "ascent":8,
         "height":9,
         "chars":[
             ""
         ]
     },
     {
         "type":"bitmap",
         "file":"custom_ui:nationtags/iraq.png",
         "ascent":8,
         "height":9,
         "chars":[
             ""
         ]
     },
     {
         "type":"bitmap",
         "file":"custom_ui:nationtags/ireland.png",
         "ascent":8,
         "height":9,
         "chars":[
             ""
         ]
     },
     {
         "type":"bitmap",
         "file":"custom_ui:nationtags/israel.png",
         "ascent":8,
         "height":9,
         "chars":[
             ""
         ]
     },
     {
         "type":"bitmap",
         "file":"custom_ui:nationtags/italy.png",
         "ascent":8,
         "height":9,
         "chars":[
             ""
         ]
     },
     {
         "type":"bitmap",
         "file":"custom_ui:nationtags/ivorycoast.png",
         "ascent":8,
         "height":9,
         "chars":[
             ""
         ]
     },
     {
         "type":"bitmap",
         "file":"custom_ui:nationtags/japan.png",
         "ascent":8,
         "height":9,
         "chars":[
             ""
         ]
     },
     {
         "type":"bitmap",
         "file":"custom_ui:nationtags/jordan.png",
         "ascent":8,
         "height":9,
         "chars":[
             ""
         ]
     },
     {
         "type":"bitmap",
         "file":"custom_ui:nationtags/kazakhstan.png",
         "ascent":8,
         "height":9,
         "chars":[
             ""
         ]
     },
     {
         "type":"bitmap",
         "file":"custom_ui:nationtags/kenya.png",
         "ascent":8,
         "height":9,
         "chars":[
             ""
         ]
     },
     {
         "type":"bitmap",
         "file":"custom_ui:nationtags/kuwait.png",
         "ascent":8,
         "height":9,
         "chars":[
             ""
         ]
     },
     {
         "type":"bitmap",
         "file":"custom_ui:nationtags/kyrgyzstan.png",
         "ascent":8,
         "height":9,
         "chars":[
             ""
         ]
     },
     {
         "type":"bitmap",
         "file":"custom_ui:nationtags/laos.png",
         "ascent":8,
         "height":9,
         "chars":[
             ""
         ]
     },
     {
         "type":"bitmap",
         "file":"custom_ui:nationtags/latvia.png",
         "ascent":8,
         "height":9,
         "chars":[
             ""
         ]
     },
     {
         "type":"bitmap",
         "file":"custom_ui:nationtags/lebanon.png",
         "ascent":8,
         "height":9,
         "chars":[
             ""
         ]
     },
     {
         "type":"bitmap",
         "file":"custom_ui:nationtags/lesotho.png",
         "ascent":8,
         "height":9,
         "chars":[
             ""
         ]
     },
     {
         "type":"bitmap",
         "file":"custom_ui:nationtags/liberia.png",
         "ascent":8,
         "height":9,
         "chars":[
             ""
         ]
     },
     {
         "type":"bitmap",
         "file":"custom_ui:nationtags/libya.png",
         "ascent":8,
         "height":9,
         "chars":[
             ""
         ]
     },
     {
         "type":"bitmap",
         "file":"custom_ui:nationtags/lichtenstein.png",
         "ascent":8,
         "height":9,
         "chars":[
             ""
         ]
     },
     {
         "type":"bitmap",
         "file":"custom_ui:nationtags/lithuania.png",
         "ascent":8,
         "height":9,
         "chars":[
             ""
         ]
     },
     {
         "type":"bitmap",
         "file":"custom_ui:nationtags/luxembourg.png",
         "ascent":8,
         "height":9,
         "chars":[
             ""
         ]
     },
     {
         "type":"bitmap",
         "file":"custom_ui:nationtags/madagascar.png",
         "ascent":8,
         "height":9,
         "chars":[
             ""
         ]
     },
     {
         "type":"bitmap",
         "file":"custom_ui:nationtags/malawi.png",
         "ascent":8,
         "height":9,
         "chars":[
             ""
         ]
     },
     {
         "type":"bitmap",
         "file":"custom_ui:nationtags/malaysia.png",
         "ascent":8,
         "height":9,
         "chars":[
             ""
         ]
     },
     {
         "type":"bitmap",
         "file":"custom_ui:nationtags/mali.png",
         "ascent":8,
         "height":9,
         "chars":[
             ""
         ]
     },
     {
         "type":"bitmap",
         "file":"custom_ui:nationtags/malta.png",
         "ascent":8,
         "height":9,
         "chars":[
             ""
         ]
     },
     {
         "type":"bitmap",
         "file":"custom_ui:nationtags/mauritania.png",
         "ascent":8,
         "height":9,
         "chars":[
             ""
         ]
     },
     {
         "type":"bitmap",
         "file":"custom_ui:nationtags/mauritius.png",
         "ascent":8,
         "height":9,
         "chars":[
             ""
         ]
     },
     {
         "type":"bitmap",
         "file":"custom_ui:nationtags/mexico.png",
         "ascent":8,
         "height":9,
         "chars":[
             ""
         ]
     },
     {
         "type":"bitmap",
         "file":"custom_ui:nationtags/moldova.png",
         "ascent":8,
         "height":9,
         "chars":[
             ""
         ]
     },
     {
         "type":"bitmap",
         "file":"custom_ui:nationtags/mongolia.png",
         "ascent":8,
         "height":9,
         "chars":[
             ""
         ]
     },
     {
         "type":"bitmap",
         "file":"custom_ui:nationtags/morocco.png",
         "ascent":8,
         "height":9,
         "chars":[
             ""
         ]
     },
     {
         "type":"bitmap",
         "file":"custom_ui:nationtags/mozambique.png",
         "ascent":8,
         "height":9,
         "chars":[
             ""
         ]
     },
     {
         "type":"bitmap",
         "file":"custom_ui:nationtags/myanmar.png",
         "ascent":8,
         "height":9,
         "chars":[
             ""
         ]
     },
     {
         "type":"bitmap",
         "file":"custom_ui:nationtags/namibia.png",
         "ascent":8,
         "height":9,
         "chars":[
             ""
         ]
     },
     {
         "type":"bitmap",
         "file":"custom_ui:nationtags/netherlands.png",
         "ascent":8,
         "height":9,
         "chars":[
             ""
         ]
     },
     {
         "type":"bitmap",
         "file":"custom_ui:nationtags/newzealand.png",
         "ascent":8,
         "height":9,
         "chars":[
             ""
         ]
     },
     {
         "type":"bitmap",
         "file":"custom_ui:nationtags/nicaragua.png",
         "ascent":8,
         "height":9,
         "chars":[
             ""
         ]
     },
     {
         "type":"bitmap",
         "file":"custom_ui:nationtags/niger.png",
         "ascent":8,
         "height":9,
         "chars":[
             ""
         ]
     },
     {
         "type":"bitmap",
         "file":"custom_ui:nationtags/nigeria.png",
         "ascent":8,
         "height":9,
         "chars":[
             ""
         ]
     },
     {
         "type":"bitmap",
         "file":"custom_ui:nationtags/northkorea.png",
         "ascent":8,
         "height":9,
         "chars":[
             ""
         ]
     },
     {
         "type":"bitmap",
         "file":"custom_ui:nationtags/northmacedonia.png",
         "ascent":8,
         "height":9,
         "chars":[
             ""
         ]
     },
     {
         "type":"bitmap",
         "file":"custom_ui:nationtags/norway.png",
         "ascent":8,
         "height":9,
         "chars":[
             ""
         ]
     },
     {
         "type":"bitmap",
         "file":"custom_ui:nationtags/pakistan.png",
         "ascent":8,
         "height":9,
         "chars":[
             ""
         ]
     },
     {
         "type":"bitmap",
         "file":"custom_ui:nationtags/panama.png",
         "ascent":8,
         "height":9,
         "chars":[
             ""
         ]
     },
     {
         "type":"bitmap",
         "file":"custom_ui:nationtags/peru.png",
         "ascent":8,
         "height":9,
         "chars":[
             ""
         ]
     },
     {
         "type":"bitmap",
         "file":"custom_ui:nationtags/philippines.png",
         "ascent":8,
         "height":9,
         "chars":[
             ""
         ]
     },
     {
         "type":"bitmap",
         "file":"custom_ui:nationtags/poland.png",
         "ascent":8,
         "height":9,
         "chars":[
             ""
         ]
     },
     {
         "type":"bitmap",
         "file":"custom_ui:nationtags/portugal.png",
         "ascent":8,
         "height":9,
         "chars":[
             ""
         ]
     },
     {
         "type":"bitmap",
         "file":"custom_ui:nationtags/puertorico.png",
         "ascent":8,
         "height":9,
         "chars":[
             ""
         ]
     },
     {
         "type":"bitmap",
         "file":"custom_ui:nationtags/qatar.png",
         "ascent":8,
         "height":9,
         "chars":[
             ""
         ]
     },
     {
         "type":"bitmap",
         "file":"custom_ui:nationtags/romania.png",
         "ascent":8,
         "height":9,
         "chars":[
             ""
         ]
     },
     {
         "type":"bitmap",
         "file":"custom_ui:nationtags/russia.png",
         "ascent":8,
         "height":9,
         "chars":[
             ""
         ]
     },
     {
         "type":"bitmap",
         "file":"custom_ui:nationtags/rwanda.png",
         "ascent":8,
         "height":9,
         "chars":[
             ""
         ]
     },
     {
         "type":"bitmap",
         "file":"custom_ui:nationtags/saotome.png",
         "ascent":8,
         "height":9,
         "chars":[
             ""
         ]
     },
     {
         "type":"bitmap",
         "file":"custom_ui:nationtags/saudiarabia.png",
         "ascent":8,
         "height":9,
         "chars":[
             ""
         ]
     },
     {
         "type":"bitmap",
         "file":"custom_ui:nationtags/scotland.png",
         "ascent":8,
         "height":9,
         "chars":[
             ""
         ]
     },
     {
         "type":"bitmap",
         "file":"custom_ui:nationtags/senegal.png",
         "ascent":8,
         "height":9,
         "chars":[
             ""
         ]
     },
     {
         "type":"bitmap",
         "file":"custom_ui:nationtags/seychelles.png",
         "ascent":8,
         "height":9,
         "chars":[
             ""
         ]
     },
     {
         "type":"bitmap",
         "file":"custom_ui:nationtags/sierraleone.png",
         "ascent":8,
         "height":9,
         "chars":[
             ""
         ]
     },
     {
         "type":"bitmap",
         "file":"custom_ui:nationtags/singapore.png",
         "ascent":8,
         "height":9,
         "chars":[
             ""
         ]
     },
     {
         "type":"bitmap",
         "file":"custom_ui:nationtags/somalia.png",
         "ascent":8,
         "height":9,
         "chars":[
             ""
         ]
     },
     {
         "type":"bitmap",
         "file":"custom_ui:nationtags/southafrica.png",
         "ascent":8,
         "height":9,
         "chars":[
             ""
         ]
     },
     {
         "type":"bitmap",
         "file":"custom_ui:nationtags/southkorea.png",
         "ascent":8,
         "height":9,
         "chars":[
             ""
         ]
     },
     {
         "type":"bitmap",
         "file":"custom_ui:nationtags/southsudan.png",
         "ascent":8,
         "height":9,
         "chars":[
             ""
         ]
     },
     {
         "type":"bitmap",
         "file":"custom_ui:nationtags/spain.png",
         "ascent":8,
         "height":9,
         "chars":[
             ""
         ]
     },
     {
         "type":"bitmap",
         "file":"custom_ui:nationtags/sudan.png",
         "ascent":8,
         "height":9,
         "chars":[
             ""
         ]
     },
     {
         "type":"bitmap",
         "file":"custom_ui:nationtags/suriname.png",
         "ascent":8,
         "height":9,
         "chars":[
             ""
         ]
     },
     {
         "type":"bitmap",
         "file":"custom_ui:nationtags/sweden.png",
         "ascent":8,
         "height":9,
         "chars":[
             ""
         ]
     },
     {
         "type":"bitmap",
         "file":"custom_ui:nationtags/switzerland.png",
         "ascent":8,
         "height":9,
         "chars":[
             ""
         ]
     },
     {
         "type":"bitmap",
         "file":"custom_ui:nationtags/syria.png",
         "ascent":8,
         "height":9,
         "chars":[
             ""
         ]
     },
     {
         "type":"bitmap",
         "file":"custom_ui:nationtags/taiwan.png",
         "ascent":8,
         "height":9,
         "chars":[
             ""
         ]
     },
     {
         "type":"bitmap",
         "file":"custom_ui:nationtags/tajikistan.png",
         "ascent":8,
         "height":9,
         "chars":[
             ""
         ]
     },
     {
         "type":"bitmap",
         "file":"custom_ui:nationtags/tanzania.png",
         "ascent":8,
         "height":9,
         "chars":[
             ""
         ]
     },
     {
         "type":"bitmap",
         "file":"custom_ui:nationtags/thailand.png",
         "ascent":8,
         "height":9,
         "chars":[
             ""
         ]
     },
     {
         "type":"bitmap",
         "file":"custom_ui:nationtags/togo.png",
         "ascent":8,
         "height":9,
         "chars":[
             ""
         ]
     },
     {
         "type":"bitmap",
         "file":"custom_ui:nationtags/tunesia.png",
         "ascent":8,
         "height":9,
         "chars":[
             ""
         ]
     },
     {
         "type":"bitmap",
         "file":"custom_ui:nationtags/turkey.png",
         "ascent":8,
         "height":9,
         "chars":[
             ""
         ]
     },
     {
         "type":"bitmap",
         "file":"custom_ui:nationtags/turkmenistan.png",
         "ascent":8,
         "height":9,
         "chars":[
             ""
         ]
     },
     {
         "type":"bitmap",
         "file":"custom_ui:nationtags/uganda.png",
         "ascent":8,
         "height":9,
         "chars":[
             ""
         ]
     },
     {
         "type":"bitmap",
         "file":"custom_ui:nationtags/ukraine.png",
         "ascent":8,
         "height":9,
         "chars":[
             ""
         ]
     },
     {
         "type":"bitmap",
         "file":"custom_ui:nationtags/unitedarabemirates.png",
         "ascent":8,
         "height":9,
         "chars":[
             ""
         ]
     },
     {
         "type":"bitmap",
         "file":"custom_ui:nationtags/uruguay.png",
         "ascent":8,
         "height":9,
         "chars":[
             ""
         ]
     },
     {
         "type":"bitmap",
         "file":"custom_ui:nationtags/usa.png",
         "ascent":8,
         "height":9,
         "chars":[
             ""
         ]
     },
     {
         "type":"bitmap",
         "file":"custom_ui:nationtags/uzbekistan.png",
         "ascent":8,
         "height":9,
         "chars":[
             ""
         ]
     },
     {
         "type":"bitmap",
         "file":"custom_ui:nationtags/venezuela.png",
         "ascent":8,
         "height":9,
         "chars":[
             ""
         ]
     },
     {
         "type":"bitmap",
         "file":"custom_ui:nationtags/vietnam.png",
         "ascent":8,
         "height":9,
         "chars":[
             ""
         ]
     },
     {
         "type":"bitmap",
         "file":"custom_ui:nationtags/yemen.png",
         "ascent":8,
         "height":9,
         "chars":[
             ""
         ]
     },
     {
         "type":"bitmap",
         "file":"custom_ui:nationtags/zambia.png",
         "ascent":8,
         "height":9,
         "chars":[
             ""
         ]
     },
     {
         "type":"bitmap",
         "file":"custom_ui:nationtags/zimbabwe.png",
         "ascent":8,
         "height":9,
         "chars":[
             ""
         ]
     },





      {
         "file": "char/black.png",
         "chars": [
           "" 
         ],
         "height": 1,
         "ascent": -5000,
         "type": "bitmap"
       },
             {
                 "type": "bitmap",
                 "file": "kthirst:thirstmachinemenu.png",
                 "ascent": 13,
                 "height": 71,
                 "chars": [
                     "更"
                 ]
             },
             {
                 "type": "bitmap",
                 "file": "kthirst:thirstmachineprogress.png",
                 "ascent": -29,
                 "height": 4,
                 "chars": [
                     "車"
                 ]
             },
             {
                 "type": "bitmap",
                 "file": "ktools:thirst_0_0_full.png",
                 "ascent": -26,
                 "height": 9,
                 "chars": [
                     ""
                 ]
             },
             {
                 "type": "bitmap",
                 "file": "ktools:thirst_0_0_half.png",
                 "ascent": -26,
                 "height": 9,
                 "chars": [
                     ""
                 ]
             },
             {
                 "type": "bitmap",
                 "file": "ktools:thirst_0_0_empty.png",
                 "ascent": -26,
                 "height": 9,
                 "chars": [
                     ""
                 ]
             },
             {
                 "type": "bitmap",
                 "file": "ktools:thirst_0_0_full.png",
                 "ascent": -16,
                 "height": 9,
                 "chars": [
                     ""
                 ]
             },
             {
                 "type": "bitmap",
                 "file": "ktools:thirst_0_0_half.png",
                 "ascent": -16,
                 "height": 9,
                 "chars": [
                     ""
                 ]
             },
             {
                 "type": "bitmap",
                 "file": "ktools:thirst_0_0_empty.png",
                 "ascent": -16,
                 "height": 9,
                 "chars": [
                     ""
                 ]
             },
             {
                 "type": "bitmap",
                 "file": "ktools:thirst_0_0_full.png",
                 "ascent": -6,
                 "height": 9,
                 "chars": [
                     ""
                 ]
             },
             {
                 "type": "bitmap",
                 "file": "ktools:thirst_0_0_half.png",
                 "ascent": -6,
                 "height": 9,
                 "chars": [
                     ""
                 ]
             },
             {
                 "type": "bitmap",
                 "file": "ktools:thirst_0_0_empty.png",
                 "ascent": -6,
                 "height": 9,
                 "chars": [
                     ""
                 ]
             },
             {
                 "type": "bitmap",
                 "file": "ktools:thirst_0_0_full.png",
                 "ascent": 4,
                 "height": 9,
                 "chars": [
                     ""
                 ]
             },
             {
                 "type": "bitmap",
                 "file": "ktools:thirst_0_0_half.png",
                 "ascent": 4,
                 "height": 9,
                 "chars": [
                     ""
                 ]
             },
             {
                 "type": "bitmap",
                 "file": "ktools:thirst_0_0_empty.png",
                 "ascent": 4,
                 "height": 9,
                 "chars": [
                     ""
                 ]
             },
             {
                 "type": "bitmap",
                 "file": "ktools:thirst_0_0_full.png",
                 "ascent": 9,
                 "height": 9,
                 "chars": [
                     ""
                 ]
             },
             {
                 "type": "bitmap",
                 "file": "ktools:thirst_0_0_half.png",
                 "ascent": 9,
                 "height": 9,
                 "chars": [
                     ""
                 ]
             },
             {
                 "type": "bitmap",
                 "file": "ktools:thirst_0_0_empty.png",
                 "ascent": 9,
                 "height": 9,
                 "chars": [
                     ""
                 ]
             },
      {
         "file":"char/black.png",
         "chars":[
            ""
         ],
         "height":1,
         "ascent":-5000,
         "type":"bitmap"
      },
      {
         "type":"bitmap",
         "file":"custom_ui:screens/shift.png",
         "ascent":-32768,
         "height":48,
         "chars":[
            "\uE097"
         ]
      },
      {
         "type":"bitmap",
         "file":"custom_ui:screens/shift.png",
         "ascent":-32768,
         "height":-1013,
         "chars":[
            "\uE098"
         ]
      },
      {
         "type":"bitmap",
         "file":"custom_ui:screens/shift.png",
         "ascent":-32768,
         "height":-1536,
         "chars":[
            "\uE099"
         ]
      },
      {
         "type":"bitmap",
         "file":"custom_ui:screens/welcome-screen.png",
         "ascent":25,
         "height":256,
         "chars":[
            "\uE100"
         ]
      },
      {
         "type":"bitmap",
         "file":"custom_ui:screens/background.png",
         "ascent":256,
         "height":2500,
         "chars":[
            "\uE101"
         ]
      },
      {
         "type":"bitmap",
         "file":"space:space_split.png",
         "ascent":-32768,
         "height":-3,
         "chars":[
            ""
         ]
      },
      {
         "type":"bitmap",
         "file":"space:space_split.png",
         "ascent":-32768,
         "height":-1,
         "chars":[
            ""
         ]
      },
      {
         "type":"bitmap",
         "file":"space:space_split.png",
         "ascent":-32768,
         "height":-4,
         "chars":[
            ""
         ]
      },
      {
         "type":"bitmap",
         "file":"space:space_split.png",
         "ascent":-32768,
         "height":-5,
         "chars":[
            ""
         ]
      },
      {
         "type":"bitmap",
         "file":"space:space_split.png",
         "ascent":-32768,
         "height":-6,
         "chars":[
            ""
         ]
      },
      {
         "type":"bitmap",
         "file":"space:space_split.png",
         "ascent":-32768,
         "height":-7,
         "chars":[
            ""
         ]
      },
      {
         "type":"bitmap",
         "file":"space:space_split.png",
         "ascent":-32768,
         "height":-8,
         "chars":[
            ""
         ]
      },
      {
         "type":"bitmap",
         "file":"space:space_split.png",
         "ascent":-32768,
         "height":-115,
         "chars":[
            ""
         ]
      },
      {
         "type":"bitmap",
         "file":"space:space_split.png",
         "ascent":-32768,
         "height":-10,
         "chars":[
            ""
         ]
      },
      {
         "type":"bitmap",
         "file":"space:space_split.png",
         "ascent":-32768,
         "height":-18,
         "chars":[
            ""
         ]
      },
      {
         "type":"bitmap",
         "file":"space:space_split.png",
         "ascent":-32768,
         "height":-34,
         "chars":[
            ""
         ]
      },
      {
         "type":"bitmap",
         "file":"space:space_split.png",
         "ascent":-32768,
         "height":-66,
         "chars":[
            ""
         ]
      },
      {
         "type":"bitmap",
         "file":"space:space_split.png",
         "ascent":-32768,
         "height":-130,
         "chars":[
            ""
         ]
      }, 
      {
         "type":"bitmap",
         "file":"space:space_split.png",
         "ascent":-32768,
         "height":-144,
         "chars":[
            ""
         ]
      },
      {
         "type":"bitmap",
         "file":"space:space_split.png",
         "ascent":-32768,
         "height":-258,
         "chars":[
            ""
         ]
      },
      {
         "type":"bitmap",
         "file":"space:space_split.png",
         "ascent":-32768,
         "height":-514,
         "chars":[
            ""
         ]
      },
      {
         "type":"bitmap",
         "file":"space:space_split.png",
         "ascent":-32768,
         "height":-1026,
         "chars":[
            ""
         ]
      },
      {
         "type":"bitmap",
         "file":"space:space_nosplit.png",
         "ascent":-32768,
         "height":-327,
         "chars":[
            ""
         ]
      },
      {
       "type":"bitmap",
       "file":"space:space_nosplit.png",
       "ascent":-32768,
       "height":-3,
       "chars":[
          ""
       ]
    },
      {
         "type":"bitmap",
         "file":"space:space_nosplit.png",
         "ascent":-32768,
         "height":-4,
         "chars":[
            ""
         ]
      },
      {
         "type":"bitmap",
         "file":"space:space_nosplit.png",
         "ascent":-32768,
         "height":-5,
         "chars":[
            ""
         ]
      },
      {
         "type":"bitmap",
         "file":"space:space_nosplit.png",
         "ascent":-32768,
         "height":-6,
         "chars":[
            ""
         ]
      },
      {
         "type":"bitmap",
         "file":"space:space_nosplit.png",
         "ascent":-32768,
         "height":-7,
         "chars":[
            ""
         ]
      },
      {
         "type":"bitmap",
         "file":"space:space_nosplit.png",
         "ascent":-32768,
         "height":-8,
         "chars":[
            ""
         ]
      },
      {
         "type":"bitmap",
         "file":"space:space_nosplit.png",
         "ascent":-32768,
         "height":-9,
         "chars":[
            ""
         ]
      },
      {
         "type":"bitmap",
         "file":"space:space_nosplit.png",
         "ascent":-32768,
         "height":-10,
         "chars":[
            ""
         ]
      },
      {
         "type":"bitmap",
         "file":"space:space_nosplit.png",
         "ascent":-32768,
         "height":-18,
         "chars":[
            ""
         ]
      },
      {
         "type":"bitmap",
         "file":"space:space_nosplit.png",
         "ascent":-32768,
         "height":-34,
         "chars":[
            ""
         ]
      },
      {
         "type":"bitmap",
         "file":"space:space_nosplit.png",
         "ascent":-32768,
         "height":-66,
         "chars":[
            ""
         ]
      },
      {
         "type":"bitmap",
         "file":"space:space_nosplit.png",
         "ascent":-32768,
         "height":-130,
         "chars":[
            ""
         ]
      },
      {
         "type":"bitmap",
         "file":"space:space_nosplit.png",
         "ascent":-32768,
         "height":-258,
         "chars":[
            ""
         ]
      },
      {
         "type":"bitmap",
         "file":"space:space_nosplit.png",
         "ascent":-32768,
         "height":-514,
         "chars":[
            ""
         ]
      },
      {
         "type":"bitmap",
         "file":"space:space_nosplit.png",
         "ascent":-32768,
         "height":-1026,
         "chars":[
            ""
         ]
      },
      {
         "type":"bitmap",
         "file":"space:space_split.png",
         "ascent":-32768,
         "height":0,
         "chars":[
            ""
         ]
      },
      {
         "type":"bitmap",
         "file":"space:space_split.png",
         "ascent":-32768,
         "height":1,
         "chars":[
            ""
         ]
      },
      {
         "type":"bitmap",
         "file":"space:space_split.png",
         "ascent":-32768,
         "height":2,
         "chars":[
            ""
         ]
      },
      {
         "type":"bitmap",
         "file":"space:space_split.png",
         "ascent":-32768,
         "height":3,
         "chars":[
            ""
         ]
      },
      {
         "type":"bitmap",
         "file":"space:space_split.png",
         "ascent":-32768,
         "height":4,
         "chars":[
            ""
         ]
      },
      {
         "type":"bitmap",
         "file":"space:space_split.png",
         "ascent":-32768,
         "height":5,
         "chars":[
            ""
         ]
      },
      {
         "type":"bitmap",
         "file":"space:space_split.png",
         "ascent":-32768,
         "height":6,
         "chars":[
            ""
         ]
      },
      {
         "type":"bitmap",
         "file":"space:space_split.png",
         "ascent":-32768,
         "height":7,
         "chars":[
            ""
         ]
      },
      {
         "type":"bitmap",
         "file":"space:space_split.png",
         "ascent":-32768,
         "height":15,
         "chars":[
            ""
         ]
      },
      {
         "type":"bitmap",
         "file":"space:space_split.png",
         "ascent":-32768,
         "height":31,
         "chars":[
            ""
         ]
      },
      {
         "type":"bitmap",
         "file":"space:space_split.png",
         "ascent":-32768,
         "height":63,
         "chars":[
            ""
         ]
      },
      {
         "type":"bitmap",
         "file":"space:space_split.png",
         "ascent":-32768,
         "height":127,
         "chars":[
            ""
         ]
      },
      {
         "type":"bitmap",
         "file":"space:space_split.png",
         "ascent":-32768,
         "height":255,
         "chars":[
            ""
         ]
      },
      {
         "type":"bitmap",
         "file":"space:space_split.png",
         "ascent":-32768,
         "height":511,
         "chars":[
            ""
         ]
      },
      {
         "type":"bitmap",
         "file":"space:space_split.png",
         "ascent":-32768,
         "height":1023,
         "chars":[
            ""
         ]
      },
      {
         "type":"bitmap",
         "file":"space:space_nosplit.png",
         "ascent":-32768,
         "height":0,
         "chars":[
            ""
         ]
      },
      {
         "type":"bitmap",
         "file":"space:space_nosplit.png",
         "ascent":-32768,
         "height":1,
         "chars":[
            ""
         ]
      },
      {
         "type":"bitmap",
         "file":"space:space_nosplit.png",
         "ascent":-32768,
         "height":2,
         "chars":[
            ""
         ]
      },
      {
         "type":"bitmap",
         "file":"space:space_nosplit.png",
         "ascent":-32768,
         "height":3,
         "chars":[
            ""
         ]
      },
      {
         "type":"bitmap",
         "file":"space:space_nosplit.png",
         "ascent":-32768,
         "height":4,
         "chars":[
            ""
         ]
      },
      {
         "type":"bitmap",
         "file":"space:space_nosplit.png",
         "ascent":-32768,
         "height":5,
         "chars":[
            ""
         ]
      },
      {
         "type":"bitmap",
         "file":"space:space_nosplit.png",
         "ascent":-32768,
         "height":6,
         "chars":[
            ""
         ]
      },
      {
         "type":"bitmap",
         "file":"space:space_nosplit.png",
         "ascent":-32768,
         "height":7,
         "chars":[
            ""
         ]
      },
      {
         "type":"bitmap",
         "file":"space:space_nosplit.png",
         "ascent":-32768,
         "height":15,
         "chars":[
            ""
         ]
      },
      {
         "type":"bitmap",
         "file":"space:space_nosplit.png",
         "ascent":-32768,
         "height":31,
         "chars":[
            ""
         ]
      },
      {
         "type":"bitmap",
         "file":"space:space_nosplit.png",
         "ascent":-32768,
         "height":63,
         "chars":[
            ""
         ]
      },
      {
         "type":"bitmap",
         "file":"space:space_nosplit.png",
         "ascent":-32768,
         "height":127,
         "chars":[
            ""
         ]
      },
      {
         "type":"bitmap",
         "file":"space:space_nosplit.png",
         "ascent":-32768,
         "height":255,
         "chars":[
            ""
         ]
      },
      {
         "type":"bitmap",
         "file":"space:space_nosplit.png",
         "ascent":-32768,
         "height":511,
         "chars":[
            ""
         ]
      },
      {
         "type":"bitmap",
         "file":"space:space_nosplit.png",
         "ascent":-32768,
         "height":1023,
         "chars":[
            ""
         ]
      },
      {
         "file":"custom_ui:icons/pixel_split.png",
         "chars":[
            "‌"
         ],
         "height":0,
         "ascent":0,
         "type":"bitmap"
      },
      {
         "file":"custom_ui:icons/coin.png",
         "chars":[
            ""
         ],
         "ascent":8,
         "height":10,
         "type":"bitmap"
      },
      {
         "file":"custom_ui:icons/gem.png",
         "chars":[
            ""
         ],
         "ascent":8,
         "height":10,
         "type":"bitmap"
      },
      {
         "file":"custom_ui:icons/overworld.png",
         "chars":[
            ""
         ],
         "ascent":7,
         "height":12,
         "type":"bitmap"
      },
      {
         "file":"custom_ui:icons/pixel.png",
         "chars":[
            "꤂"
         ],
         "height":2,
         "ascent":-2,
         "type":"bitmap"
      },
      {
         "file":"custom_ui:icons/pixel_split.png",
         "chars":[
            "꤁"
         ],
         "height":-3,
         "ascent":-32768,
         "type":"bitmap"
      },
      {
         "file":"char/black.png",
         "chars":[
            ""
         ],
         "height":3,
         "ascent":-5000,
         "type":"bitmap"
      },
      {
         "file":"char/black.png",
         "chars":[
            ""
         ],
         "height":4,
         "ascent":-5000,
         "type":"bitmap"
      },
      {
         "file":"char/black.png",
         "chars":[
            ""
         ],
         "height":5,
         "ascent":-5000,
         "type":"bitmap"
      },
      {
         "file":"char/black.png",
         "chars":[
            ""
         ],
         "height":6,
         "ascent":-5000,
         "type":"bitmap"
      },
      {
         "file":"char/black.png",
         "chars":[
            ""
         ],
         "height":7,
         "ascent":-5000,
         "type":"bitmap"
      },
      {
         "file":"char/black.png",
         "chars":[
            ""
         ],
         "height":15,
         "ascent":-5000,
         "type":"bitmap"
      },
      {
         "file":"char/black.png",
         "chars":[
            ""
         ],
         "height":31,
         "ascent":-5000,
         "type":"bitmap"
      },
      {
         "file":"char/black.png",
         "chars":[
            ""
         ],
         "height":63,
         "ascent":-5000,
         "type":"bitmap"
      },
      {
         "file":"char/black.png",
         "chars":[
            ""
         ],
         "height":127,
         "ascent":-5000,
         "type":"bitmap"
      },
      {
         "file":"char/black.png",
         "chars":[
            ""
         ],
         "height":256,
         "ascent":-5000,
         "type":"bitmap"
      },
      {
         "file":"char/black.png",
         "chars":[
            ""
         ],
         "height":512,
         "ascent":-5000,
         "type":"bitmap"
      },
      {
         "file":"char/black.png",
         "chars":[
            ""
         ],
         "height":1024,
         "ascent":-5000,
         "type":"bitmap"
      },
      {
         "file":"char/black.png",
         "chars":[
            ""
         ],
         "height":-3,
         "ascent":-5000,
         "type":"bitmap"
      },
      {
         "file":"char/black.png",
         "chars":[
            ""
         ],
         "height":-4,
         "ascent":-5000,
         "type":"bitmap"
      },
      {
         "file":"char/black.png",
         "chars":[
            ""
         ],
         "height":-5,
         "ascent":-5000,
         "type":"bitmap"
      },
      {
         "file":"char/black.png",
         "chars":[
            ""
         ],
         "height":-6,
         "ascent":-5000,
         "type":"bitmap"
      },
      {
         "file":"char/black.png",
         "chars":[
            ""
         ],
         "height":-7,
         "ascent":-5000,
         "type":"bitmap"
      },
      {
         "file":"char/black.png",
         "chars":[
            ""
         ],
         "height":-8,
         "ascent":-5000,
         "type":"bitmap"
      },
      {
         "file":"char/black.png",
         "chars":[
            ""
         ],
         "height":-9,
         "ascent":-5000,
         "type":"bitmap"
      },
      {
         "file":"char/black.png",
         "chars":[
            ""
         ],
         "height":-10,
         "ascent":-5000,
         "type":"bitmap"
      },
      {
         "type":"space",
         "advances":{
            " ":4,
            "\uE200":-8
         }
      },
      {
         "file":"char/black.png",
         "chars":[
            ""
         ],
         "height":-18,
         "ascent":-5000,
         "type":"bitmap"
      },
      {
         "file":"char/black.png",
         "chars":[
            ""
         ],
         "height":-34,
         "ascent":-5000,
         "type":"bitmap"
      },
      {
         "file":"char/black.png",
         "chars":[
            ""
         ],
         "height":-66,
         "ascent":-5000,
         "type":"bitmap"
      },
      {
         "file":"char/black.png",
         "chars":[
            ""
         ],
         "height":-130,
         "ascent":-5000,
         "type":"bitmap"
      },
      {
         "file":"char/black.png",
         "chars":[
            ""
         ],
         "height":-259,
         "ascent":-5000,
         "type":"bitmap"
      },
      {
         "file":"char/black.png",
         "chars":[
            ""
         ],
         "height":-515,
         "ascent":-5000,
         "type":"bitmap"
      },
      {
         "file":"char/black.png",
         "chars":[
            ""
         ],
         "height":-1027,
         "ascent":-5000,
         "type":"bitmap"
      },
      {
       "file":"custom_ui:titles/menu_banner.png",
       "chars":[
          ""
       ],
       "height":236,
       "ascent":-10,
       "type":"bitmap"
      },
      {
       "file":"custom_ui:titles/survival.png",
       "chars":[
          ""
       ],
       "height":50,
       "ascent":15,
       "type":"bitmap"
      },
      {
         "file":"custom_ui:titles/survival.png",
         "chars":[
            "젵"
         ],
         "height":30,
         "ascent":15,
         "type":"bitmap"
      },
      {
         "file":"custom_ui:tags/npc.png",
         "chars":[
            ""
         ],
         "height":7,
         "ascent":7,
         "type":"bitmap"
      },
      {
         "file":"custom_ui:tags/afk.png",
         "chars":[
            ""
         ],
         "height":7,
         "ascent":7,
         "type":"bitmap"
      },
      {
         "file":"custom_ui:tags/wanted.png",
         "chars":[
            ""
         ],
         "height":7,
         "ascent":7,
         "type":"bitmap"
      },
      {
         "file":"custom_ui:tags/announcement.png",
         "chars":[
            ""
         ],
         "height":7,
         "ascent":7,
         "type":"bitmap"
      },
      {
         "file":"custom_ui:tags/locked.png",
         "chars":[
            ""
         ],
         "height":7,
         "ascent":7,
         "type":"bitmap"
      },
      {
         "file":"custom_ui:tags/unlocked.png",
         "chars":[
            ""
         ],
         "height":7,
         "ascent":7,
         "type":"bitmap"
      },
      {
         "file":"custom_ui:icons/clicks.png",
         "chars":[
            ""
         ],
         "height":8,
         "ascent":8,
         "type":"bitmap"
      },
      {
         "file":"custom_ui:icons/compass.png",
         "chars":[
            ""
         ],
         "height":12,
         "ascent":9,
         "type":"bitmap"
      },
      {
         "file":"custom_ui:icons/earth.png",
         "chars":[
            ""
         ],
         "height":12,
         "ascent":9,
         "type":"bitmap"
      },
      {
         "file":"custom_ui:icons/yes.png",
         "chars":[
            ""
         ],
         "height":14,
         "ascent":12,
         "type":"bitmap"
      },
      {
         "file":"custom_ui:icons/no.png",
         "chars":[
            ""
         ],
         "height":12,
         "ascent":9,
         "type":"bitmap"
      },
      {
         "file":"custom_ui:icons/gravekeeper.png",
         "chars":[
            ""
         ],
         "height":8,
         "ascent":8,
         "type":"bitmap"
      },
      {
         "file":"custom_ui:icons/shift.png",
         "chars":[
            ""
         ],
         "height":11,
         "ascent":8,
         "type":"bitmap"
      },
      {
         "file":"custom_ui:icons/exclamation_yellow.png",
         "chars":[
            ""
         ],
         "height":7,
         "ascent":7,
         "type":"bitmap"
      },
      {
         "file":"custom_ui:icons/exclamation_red.png",
         "chars":[
            ""
         ],
         "height":7,
         "ascent":7,
         "type":"bitmap"
      },
      {
         "file":"custom_ui:icons/exclamation_green.png",
         "chars":[
            ""
         ],
         "height":7,
         "ascent":7,
         "type":"bitmap"
      },
      {
         "file":"custom_ui:icons/exclamation_blue.png",
         "chars":[
            ""
         ],
         "height":7,
         "ascent":7,
         "type":"bitmap"
      },
      {
         "file":"custom_ui:icons/exclamation_purple.png",
         "chars":[
            ""
         ],
         "height":7,
         "ascent":7,
         "type":"bitmap"
      },
      {
         "file":"custom_ui:icons/speech.png",
         "chars":[
            ""
         ],
         "height":9,
         "ascent":8,
         "type":"bitmap"
      },
      {
         "file":"custom_ui:tags/tier_tags/common.png",
         "chars":[
            ""
         ],
         "height":7,
         "ascent":7,
         "type":"bitmap"
      },
      {
         "file":"custom_ui:tags/tier_tags/uncommon.png",
         "chars":[
            ""
         ],
         "height":7,
         "ascent":7,
         "type":"bitmap"
      },
      {
         "file":"custom_ui:tags/tier_tags/rare.png",
         "chars":[
            ""
         ],
         "height":7,
         "ascent":7,
         "type":"bitmap"
      },
      {
         "file":"custom_ui:tags/tier_tags/epic.png",
         "chars":[
            ""
         ],
         "height":7,
         "ascent":7,
         "type":"bitmap"
      },
      {
         "file":"custom_ui:tags/tier_tags/legendary.png",
         "chars":[
            ""
         ],
         "height":7,
         "ascent":7,
         "type":"bitmap"
      },
      {
         "file":"custom_ui:tags/tier_tags/mythical.png",
         "chars":[
            ""
         ],
         "height":7,
         "ascent":7,
         "type":"bitmap"
      },
      {
         "file":"custom_ui:custom_gui/menu_crate_preview.png",
         "chars":[
            "ꎆ"
         ],
         "height":256,
         "ascent":19,
         "type":"bitmap"
      },
      {
         "file":"custom_ui:custom_gui/menu_rewards.png",
         "chars":[
            "ꎈ"
         ],
         "height":256,
         "ascent":19,
         "type":"bitmap"
      },
      {
         "file":"custom_ui:custom_gui/menu_poses.png",
         "chars":[
            "ꎉ"
         ],
         "height":256,
         "ascent":19,
         "type":"bitmap"
      },
      {
         "file":"custom_ui:icons/compass_background.png",
         "chars":[
            "ꎏ"
         ],
         "height":9,
         "ascent":8,
         "type":"bitmap"
      },
      {
         "file":"custom_ui:custom_gui/kits/menu_kits.png",
         "chars":[
            "侐"
         ],
         "height":256,
         "ascent":19,
         "type":"bitmap"
      },
      {
         "file":"custom_ui:custom_gui/kits/menu_kits_preview.png",
         "chars":[
            ""
         ],
         "height":256,
         "ascent":19,
         "type":"bitmap"
      },
      {
         "file":"custom_ui:custom_gui/kits/menu_kits_buy.png",
         "chars":[
            "꣔"
         ],
         "height":256,
         "ascent":19,
         "type":"bitmap"
      },
      {
         "file":"custom_ui:custom_gui/menu_protection_shop.png",
         "chars":[
            "�"
         ],
         "height":256,
         "ascent":19,
         "type":"bitmap"
      },
      {
         "file":"custom_ui:custom_gui/upgrades/menu_upgrades.png",
         "chars":[
            ""
         ],
         "height":256,
         "ascent":19,
         "type":"bitmap"
      },
      {
         "file":"custom_ui:custom_gui/upgrades/menu_upgrades_homes.png",
         "chars":[
            ""
         ],
         "height":256,
         "ascent":19,
         "type":"bitmap"
      },
      {
         "file":"custom_ui:custom_gui/upgrades/menu_upgrades_auctions.png",
         "chars":[
            ""
         ],
         "height":256,
         "ascent":19,
         "type":"bitmap"
      },
      {
         "file":"custom_ui:custom_gui/upgrades/menu_upgrades_protection.png",
         "chars":[
            ""
         ],
         "height":256,
         "ascent":19,
         "type":"bitmap"
      },
      {
         "file":"custom_ui:custom_gui/jobs/menu_jobs.png",
         "chars":[
            "ꎧ"
         ],
         "height":256,
         "ascent":19,
         "type":"bitmap"
      },
      {
         "file":"custom_ui:custom_gui/jobs/menu_jobs_acceptwork.png",
         "chars":[
            ""
         ],
         "height":256,
         "ascent":19,
         "type":"bitmap"
      },
      {
         "file":"custom_ui:custom_gui/menu_warps.png",
         "chars":[
            "侅"
         ],
         "height":256,
         "ascent":19,
         "type":"bitmap"
      },
      {
         "file":"custom_ui:custom_gui/bounties/menu_bounties.png",
         "chars":[
            ""
         ],
         "height":256,
         "ascent":19,
         "type":"bitmap"
      },
      {
         "file":"custom_ui:custom_gui/bounties/menu_bounties_select.png",
         "chars":[
            ""
         ],
         "height":256,
         "ascent":19,
         "type":"bitmap"
      },
      {
         "file":"custom_ui:custom_gui/bounties/menu_bounties_addrem.png",
         "chars":[
            "ꎞ"
         ],
         "height":256,
         "ascent":19,
         "type":"bitmap"
      },
      {
         "file":"custom_ui:custom_gui/bounties/menu_bounties_yesno.png",
         "chars":[
            "ꎟ"
         ],
         "height":256,
         "ascent":19,
         "type":"bitmap"
      },
      {
         "file":"custom_ui:custom_gui/skills/menu_skills.png",
         "chars":[
            ""
         ],
         "height":256,
         "ascent":19,
         "type":"bitmap"
      },
      {
         "file":"custom_ui:custom_gui/skills/menu_skills_leveling.png",
         "chars":[
            ""
         ],
         "height":256,
         "ascent":19,
         "type":"bitmap"
      },
      {
         "file":"custom_ui:custom_gui/skills/menu_skills_sources.png",
         "chars":[
            ""
         ],
         "height":256,
         "ascent":19,
         "type":"bitmap"
      },
      {
         "file":"custom_ui:custom_gui/skills/menu_skills_leaderboards.png",
         "chars":[
            "ꎢ"
         ],
         "height":256,
         "ascent":19,
         "type":"bitmap"
      },
      {
         "file":"custom_ui:custom_gui/skills/menu_skills_abilities.png",
         "chars":[
            ""
         ],
         "height":256,
         "ascent":19,
         "type":"bitmap"
      },
      {
         "file":"custom_ui:custom_gui/skills/menu_skills_stats.png",
         "chars":[
            ""
         ],
         "height":256,
         "ascent":19,
         "type":"bitmap"
      },
      {
         "file":"custom_ui:custom_gui/enchantments/menu_enchantments.png",
         "chars":[
            ""
         ],
         "height":256,
         "ascent":19,
         "type":"bitmap"
      },
      {
         "file":"custom_ui:custom_gui/enchantments/menu_enchants_tinkerer.png",
         "chars":[
            "ꎍ"
         ],
         "height":256,
         "ascent":19,
         "type":"bitmap"
      },
      {
         "file":"custom_ui:custom_gui/enchantments/menu_enchants_blacksmith.png",
         "chars":[
            "ꎌ"
         ],
         "height":256,
         "ascent":19,
         "type":"bitmap"
      },
      {
         "file":"custom_ui:custom_gui/menu_menu.png",
         "chars":[
            ""
         ],
         "height":256,
         "ascent":19,
         "type":"bitmap"
      },
      {
         "file":"custom_ui:custom_gui/menu_menu_donator.png",
         "chars":[
            "ꎂ"
         ],
         "height":256,
         "ascent":19,
         "type":"bitmap"
      },
      {
         "file":"custom_ui:custom_gui/menu_rtp.png",
         "chars":[
            ""
         ],
         "height":256,
         "ascent":19,
         "type":"bitmap"
      },
      {
         "file":"custom_ui:custom_gui/menu_graves.png",
         "chars":[
            ""
         ],
         "height":256,
         "ascent":19,
         "type":"bitmap"
      },
      {
         "file":"custom_ui:custom_gui/shop/menu_shop.png",
         "chars":[
            "ꏃ"
         ],
         "height":256,
         "ascent":19,
         "type":"bitmap"
      },
      {
         "file":"custom_ui:custom_gui/shop/menu_shop_browse.png",
         "chars":[
            ""
         ],
         "height":256,
         "ascent":19,
         "type":"bitmap"
      },
      {
         "file":"custom_ui:custom_gui/shop/menu_shop_buysell.png",
         "chars":[
            "ꎡ"
         ],
         "height":256,
         "ascent":19,
         "type":"bitmap"
      },
      {
         "file":"custom_ui:custom_gui/auctions/menu_auctions.png",
         "chars":[
            "ꏁ"
         ],
         "height":256,
         "ascent":19,
         "type":"bitmap"
      },
      {
         "file":"custom_ui:custom_gui/auctions/menu_auctions_listings.png",
         "chars":[
            ""
         ],
         "height":256,
         "ascent":19,
         "type":"bitmap"
      },
      {
         "file":"custom_ui:custom_gui/auctions/menu_auctions_canceled.png",
         "chars":[
            ""
         ],
         "height":256,
         "ascent":19,
         "type":"bitmap"
      },
      {
         "file":"custom_ui:custom_gui/auctions/menu_auctions_buy.png",
         "chars":[
            ""
         ],
         "height":256,
         "ascent":19,
         "type":"bitmap"
      },
      {
         "file":"custom_ui:custom_gui/menu_merchant.png",
         "chars":[
            "ꏂ"
         ],
         "height":256,
         "ascent":19,
         "type":"bitmap"
      },
      {
         "file":"custom_ui:custom_gui/menu_servershop.png",
         "chars":[
            "ꎊ"
         ],
         "height":256,
         "ascent":19,
         "type":"bitmap"
      },
      {
         "file":"custom_ui:tags/store_ranks/vip_prefix.png",
         "chars":[
            ""
         ],
         "height":7,
         "ascent":7,
         "type":"bitmap"
      },
      {
         "file":"custom_ui:tags/store_ranks/hero_prefix.png",
         "chars":[
            ""
         ],
         "height":7,
         "ascent":7,
         "type":"bitmap"
      },
      {
         "file":"custom_ui:tags/store_ranks/god_prefix.png",
         "chars":[
            ""
         ],
         "height":7,
         "ascent":7,
         "type":"bitmap"
      },
      {
         "file":"custom_ui:tags/store_ranks/titan_prefix.png",
         "chars":[
            ""
         ],
         "height":7,
         "ascent":7,
         "type":"bitmap"
      },
      {
         "file":"custom_ui:tags/default_prefix.png",
         "chars":[
            ""
         ],
         "height":7,
         "ascent":7,
         "type":"bitmap"
      },
      {
         "file":"custom_ui:tags/staff_ranks/owner_prefix.png",
         "chars":[
            ""
         ],
         "height":7,
         "ascent":7,
         "type":"bitmap"
      },
      {
         "file":"custom_ui:tags/staff_ranks/admin_prefix.png",
         "chars":[
            ""
         ],
         "height":7,
         "ascent":7,
         "type":"bitmap"
      },
      {
         "file":"custom_ui:tags/staff_ranks/mod_prefix.png",
         "chars":[
            ""
         ],
         "height":7,
         "ascent":7,
         "type":"bitmap"
      },
      {
         "file":"custom_ui:tags/staff_ranks/manager_prefix.png",
         "chars":[
            ""
         ],
         "height":7,
         "ascent":7,
         "type":"bitmap"
      },
      {
         "file":"custom_ui:tags/media_prefix.png",
         "chars":[
            ""
         ],
         "height":7,
         "ascent":7,
         "type":"bitmap"
      },
      {
         "file":"custom_ui:tags/staff_ranks/dev_prefix.png",
         "chars":[
            ""
         ],
         "height":7,
         "ascent":7,
         "type":"bitmap"
      }
   ]
 }