{
	"parent": "minecraft:item/generated",
	"textures": {
		"layer0": "item/paper"
	},
	"overrides": [
		{"predicate": {"custom_model_data":13}, "model": "custom/checkmark"}, 
		{"predicate": {"custom_model_data":17}, "model": "custom/poses_button"},
		{"predicate": {"custom_model_data":18}, "model": "custom/add"},
		{"predicate": {"custom_model_data":19}, "model": "custom/remove"},	
		{"predicate": {"custom_model_data":20}, "model": "custom/discord_button"},		
		{"predicate": {"custom_model_data":21}, "model": "custom/items/crate_keys/epic_key"},		
		{"predicate": {"custom_model_data":22}, "model": "custom/items/crate_keys/frost_key"},		
		{"predicate": {"custom_model_data":23}, "model": "custom/items/crate_keys/kings_key"},		
		{"predicate": {"custom_model_data":26}, "model": "custom/switch_off"},
		{"predicate": {"custom_model_data":27}, "model": "custom/switch_on"},
		{
			"predicate": {
			  "custom_model_data": 441
			},
			"model": "item/lsd"
		  },
		  {
			"predicate": {
			  "custom_model_data": 448
			},
			"model": "item/longpapes"
		  },
		  {
			"predicate": {
			  "custom_model_data": 449
			},
			"model": "item/shortpape"
		  },
		  {
			"predicate": {
			  "custom_model_data": 458
			},
			"model": "item/xtc"
		  },
		  {
			"predicate": {
			  "custom_model_data": 467
			},
			"model": "item/drugtest"
		  },
		  {
			"predicate": {
			  "custom_model_data": 468
			},
			"model": "item/drugtest"
		  }
			]
	}