{
  "parent": "minecraft:item/generated",
  "textures": {
    "layer0": "minecraft:item/sugar"
  },
  "overrides": [
    {
      "predicate": {
        "custom_model_data": 440
      },
      "model": "item/hydrogen"
    },
    {
      "predicate": {
        "custom_model_data": 443
      },
      "model": "item/sodium"
    },
    {
      "predicate": {
        "custom_model_data": 456
      },
      "model": "item/cocaine"
    },
    {
      "predicate": {
        "custom_model_data": 459
      },
      "model": "item/isosafrole"
    },
    {
      "predicate": {
        "custom_model_data": 460
      },
      "model": "item/piperonal"
    },
    {
      "predicate": {
        "custom_model_data": 461
      },
      "model": "item/safrole"
    },
    {
      "predicate": {
        "custom_model_data": 463
      },
      "model": "item/speed"
    }
  ]
}
