{"textures":{"0":"modelengine:entity/wollyrhino"},"elements":[{"from":[6.0,5.5,8.0],"to":[10.0,10.5,9.0],"faces":{"east":{"uv":[0.0,5.375,0.125,6.0],"tintindex":-2,"rotation":0,"texture":"#0"},"south":{"uv":[0.75,5.375,1.25,6.0],"tintindex":-2,"rotation":0,"texture":"#0"},"north":{"uv":[0.125,5.375,0.625,6.0],"tintindex":-2,"rotation":0,"texture":"#0"},"west":{"uv":[0.625,5.375,0.75,6.0],"tintindex":-2,"rotation":0,"texture":"#0"},"up":{"uv":[0.625,5.375,0.125,5.25],"tintindex":-2,"rotation":0,"texture":"#0"},"down":{"uv":[1.125,5.25,0.625,5.375],"tintindex":-2,"rotation":0,"texture":"#0"}}}],"display":{"gui":{"rotation":[30,225,0]}}}