{"textures":{"0":"modelengine:entity/wollyrhino"},"elements":[{"from":[6.0,5.5,8.0],"to":[10.0,10.5,9.0],"faces":{"east":{"uv":[1.75,1.75,1.875,2.375],"tintindex":-2,"rotation":0,"texture":"#0"},"south":{"uv":[2.5,1.75,3.0,2.375],"tintindex":-2,"rotation":0,"texture":"#0"},"north":{"uv":[1.875,1.75,2.375,2.375],"tintindex":-2,"rotation":0,"texture":"#0"},"west":{"uv":[2.375,1.75,2.5,2.375],"tintindex":-2,"rotation":0,"texture":"#0"},"up":{"uv":[2.375,1.75,1.875,1.625],"tintindex":-2,"rotation":0,"texture":"#0"},"down":{"uv":[2.875,1.625,2.375,1.75],"tintindex":-2,"rotation":0,"texture":"#0"}}}],"display":{"gui":{"rotation":[30,225,0]}}}