{"textures":{"0":"modelengine:entity/wollyrhino"},"elements":[{"from":[-4.0,7.75,-3.25],"to":[20.0,30.75,20.75],"faces":{"east":{"uv":[0.0,3.0,3.0,5.25],"tintindex":-2,"rotation":0,"texture":"#0"},"south":{"uv":[9.0,3.0,12.0,5.25],"tintindex":-2,"rotation":0,"texture":"#0"},"north":{"uv":[3.0,3.0,6.0,5.25],"tintindex":-2,"rotation":0,"texture":"#0"},"west":{"uv":[6.0,3.0,9.0,5.25],"tintindex":-2,"rotation":0,"texture":"#0"},"up":{"uv":[6.0,3.0,3.0,0.0],"tintindex":-2,"rotation":0,"texture":"#0"},"down":{"uv":[9.0,0.0,6.0,3.0],"tintindex":-2,"rotation":0,"texture":"#0"}}},{"from":[-3.0,-14.25,-3.25],"to":[19.0,7.75,17.75],"faces":{"east":{"uv":[0.0,7.875,2.625,9.625],"tintindex":-2,"rotation":0,"texture":"#0"},"south":{"uv":[8.0,7.875,10.75,9.625],"tintindex":-2,"rotation":0,"texture":"#0"},"north":{"uv":[2.625,7.875,5.375,9.625],"tintindex":-2,"rotation":0,"texture":"#0"},"west":{"uv":[5.375,7.875,8.0,9.625],"tintindex":-2,"rotation":0,"texture":"#0"},"up":{"uv":[5.375,7.875,2.625,5.25],"tintindex":-2,"rotation":0,"texture":"#0"},"down":{"uv":[8.125,5.25,5.375,7.875],"tintindex":-2,"rotation":0,"texture":"#0"}}}],"display":{"gui":{"rotation":[30,225,0]}}}