{"textures":{"0":"modelengine:entity/yellowslime"},"elements":[{"from":[5.0,-15.0,5.0],"to":[11.0,-9.0,11.0],"faces":{"east":{"uv":[0.0,11.0,1.5,14.0],"tintindex":-2,"rotation":0,"texture":"#0"},"south":{"uv":[4.5,11.0,6.0,14.0],"tintindex":-2,"rotation":0,"texture":"#0"},"north":{"uv":[1.5,11.0,3.0,14.0],"tintindex":-2,"rotation":0,"texture":"#0"},"west":{"uv":[3.0,11.0,4.5,14.0],"tintindex":-2,"rotation":0,"texture":"#0"},"up":{"uv":[3.0,11.0,1.5,8.0],"tintindex":-2,"rotation":0,"texture":"#0"},"down":{"uv":[4.5,8.0,3.0,11.0],"tintindex":-2,"rotation":0,"texture":"#0"}}}],"display":{"gui":{"rotation":[30,225,0]}}}