{"textures":{"0":"modelengine:entity/yellowslime"},"elements":[{"from":[7.0,7.0,7.0],"to":[9.0,9.0,9.0],"faces":{"east":{"uv":[8.0,3.0,8.5,4.0],"tintindex":-2,"rotation":0,"texture":"#0"},"south":{"uv":[9.5,3.0,10.0,4.0],"tintindex":-2,"rotation":0,"texture":"#0"},"north":{"uv":[8.5,3.0,9.0,4.0],"tintindex":-2,"rotation":0,"texture":"#0"},"west":{"uv":[9.0,3.0,9.5,4.0],"tintindex":-2,"rotation":0,"texture":"#0"},"up":{"uv":[9.0,3.0,8.5,2.0],"tintindex":-2,"rotation":0,"texture":"#0"},"down":{"uv":[9.5,2.0,9.0,3.0],"tintindex":-2,"rotation":0,"texture":"#0"}}}],"display":{"gui":{"rotation":[30,225,0]}}}