{"textures":{"0":"modelengine:entity/tiger"},"elements":[{"from":[2.38,17.1,4.2799997],"to":[9.38,22.6,11.28],"faces":{"east":{"uv":[2.2,13.8,4.2000003,16.0],"tintindex":-2,"rotation":270,"texture":"#0"},"south":{"uv":[4.4,11.8,6.4,13.6],"tintindex":-2,"rotation":0,"texture":"#0"},"north":{"uv":[6.4,12.0,8.400001,13.8],"tintindex":-2,"rotation":0,"texture":"#0"},"west":{"uv":[6.4,13.8,8.400001,16.0],"tintindex":-2,"rotation":90,"texture":"#0"},"up":{"uv":[6.8,16.0,4.0,13.8],"tintindex":-2,"rotation":0,"texture":"#0"},"down":{"uv":[10.400001,14.0,8.2,15.8],"tintindex":-2,"rotation":0,"texture":"#0"}}},{"from":[2.5879998,9.232,4.804],"to":[9.587999,17.232,10.804],"faces":{"east":{"uv":[0.8,13.8,3.2,16.0],"tintindex":-2,"rotation":270,"texture":"#0"},"south":{"uv":[4.4,9.6,6.4,12.2],"tintindex":-2,"rotation":0,"texture":"#0"},"north":{"uv":[6.4,10.8,8.400001,13.6],"tintindex":-2,"rotation":0,"texture":"#0"},"west":{"uv":[8.0,13.8,10.400001,16.0],"tintindex":-2,"rotation":90,"texture":"#0"},"up":{"uv":[10.2,15.400001,8.2,13.8],"tintindex":-2,"rotation":0,"texture":"#0"},"down":{"uv":[12.8,13.8,10.8,16.0],"tintindex":-2,"rotation":0,"texture":"#0"}}}],"display":{"gui":{"rotation":[30,225,0]}}}