{"textures":{"0":"modelengine:entity/tiger"},"elements":[{"from":[4.6912,17.494696,0.920076],"to":[8.1088,29.700294,4.237676],"faces":{"east":{"uv":[7.2000003,7.4,7.8,9.2],"tintindex":-2,"rotation":0,"texture":"#0"},"south":{"uv":[7.2000003,7.4,7.8,9.2],"tintindex":-2,"rotation":0,"texture":"#0"},"north":{"uv":[7.2000003,7.4,7.8,9.2],"tintindex":-2,"rotation":0,"texture":"#0"},"west":{"uv":[7.2000003,7.4,7.8,9.2],"tintindex":-2,"rotation":0,"texture":"#0"},"up":{"uv":[7.2000003,6.8,7.8,7.4],"tintindex":-2,"rotation":0,"texture":"#0"},"down":{"uv":[7.8,6.8,8.400001,7.4],"tintindex":-2,"rotation":0,"texture":"#0"}},"rotation":{"origin":[8.0,25.908,-7.884001],"angle":45.0,"axis":"x"}}],"display":{"gui":{"rotation":[30,225,0]}}}