{"textures":{"0":"modelengine:entity/gorilla","particle":"#0"},"elements":[{"from":[2.8649998,21.825,-9.379999],"to":[13.135,24.195,-8.59],"faces":{"east":{"uv":[6.875,1.75,7.0,2.125],"tintindex":0,"rotation":0,"texture":"#0"},"south":{"uv":[8.75,1.75,10.375,2.125],"tintindex":0,"rotation":0,"texture":"#0"},"north":{"uv":[7.0,1.75,8.625,2.125],"tintindex":0,"rotation":0,"texture":"#0"},"west":{"uv":[8.625,1.75,8.75,2.125],"tintindex":0,"rotation":0,"texture":"#0"},"up":{"uv":[8.625,1.75,7.0,1.625],"tintindex":0,"rotation":0,"texture":"#0"},"down":{"uv":[10.25,1.625,8.625,1.75],"tintindex":0,"rotation":0,"texture":"#0"}}}],"display":{"head":{"rotation":[0.0,0.0,0.0]},"firstperson_righthand":{"rotation":[0.0,0.0,0.0]},"thirdperson_lefthand":{"rotation":[0.0,-0.0,-0.0]},"firstperson_lefthand":{"rotation":[0.0,-0.0,-0.0]},"fixed":{"rotation":[0.0,0.0,0.0]},"ground":{"rotation":[0.0,0.0,0.0]},"thirdperson_righthand":{"rotation":[0.0,0.0,0.0]},"gui":{"rotation":[-150.0,-45.0,180.0]}}}