{"textures":{"0":"modelengine:entity/gorilla","particle":"#0"},"elements":[{"from":[5.2349997,5.63,3.2600002],"to":[10.765,11.16,4.84],"faces":{"east":{"uv":[8.5,6.625,8.75,7.5],"tintindex":0,"rotation":0,"texture":"#0"},"south":{"uv":[9.875,6.625,10.75,7.5],"tintindex":0,"rotation":0,"texture":"#0"},"north":{"uv":[8.75,6.625,9.625,7.5],"tintindex":0,"rotation":0,"texture":"#0"},"west":{"uv":[9.625,6.625,9.875,7.5],"tintindex":0,"rotation":0,"texture":"#0"},"up":{"uv":[9.625,6.625,8.75,6.375],"tintindex":0,"rotation":0,"texture":"#0"},"down":{"uv":[10.5,6.375,9.625,6.625],"tintindex":0,"rotation":0,"texture":"#0"}}},{"from":[3.6550002,13.53,4.84],"to":[12.344999,16.69,11.950001],"faces":{"east":{"uv":[6.875,1.125,8.0,1.625],"tintindex":0,"rotation":0,"texture":"#0"},"south":{"uv":[10.5,1.125,11.875,1.625],"tintindex":0,"rotation":0,"texture":"#0"},"north":{"uv":[8.0,1.125,9.375,1.625],"tintindex":0,"rotation":0,"texture":"#0"},"west":{"uv":[9.375,1.125,10.5,1.625],"tintindex":0,"rotation":0,"texture":"#0"},"up":{"uv":[9.375,1.125,8.0,0.0],"tintindex":0,"rotation":0,"texture":"#0"},"down":{"uv":[10.75,0.0,9.375,1.125],"tintindex":0,"rotation":0,"texture":"#0"}}},{"from":[2.8649998,4.84,4.84],"to":[13.135,14.32,11.950001],"faces":{"east":{"uv":[0.0,8.0,1.125,9.5],"tintindex":0,"rotation":0,"texture":"#0"},"south":{"uv":[3.875,8.0,5.5,9.5],"tintindex":0,"rotation":0,"texture":"#0"},"north":{"uv":[1.125,8.0,2.75,9.5],"tintindex":0,"rotation":0,"texture":"#0"},"west":{"uv":[2.75,8.0,3.875,9.5],"tintindex":0,"rotation":0,"texture":"#0"},"up":{"uv":[2.75,8.0,1.125,6.875],"tintindex":0,"rotation":0,"texture":"#0"},"down":{"uv":[4.375,6.875,2.75,8.0],"tintindex":0,"rotation":0,"texture":"#0"}}},{"from":[3.6550002,16.69,4.84],"to":[12.344999,18.27,11.950001],"faces":{"east":{"uv":[10.75,1.625,11.875,1.875],"tintindex":0,"rotation":0,"texture":"#0"},"south":{"uv":[14.375,1.625,15.75,1.875],"tintindex":0,"rotation":0,"texture":"#0"},"north":{"uv":[11.875,1.625,13.25,1.875],"tintindex":0,"rotation":0,"texture":"#0"},"west":{"uv":[13.25,1.625,14.375,1.875],"tintindex":0,"rotation":0,"texture":"#0"},"up":{"uv":[13.25,1.625,11.875,0.5],"tintindex":0,"rotation":0,"texture":"#0"},"down":{"uv":[14.625,0.5,13.25,1.625],"tintindex":0,"rotation":0,"texture":"#0"}}}],"display":{"head":{"rotation":[0.0,0.0,0.0]},"firstperson_righthand":{"rotation":[0.0,0.0,0.0]},"thirdperson_lefthand":{"rotation":[0.0,-0.0,-0.0]},"firstperson_lefthand":{"rotation":[0.0,-0.0,-0.0]},"fixed":{"rotation":[0.0,0.0,0.0]},"ground":{"rotation":[0.0,0.0,0.0]},"thirdperson_righthand":{"rotation":[0.0,0.0,0.0]},"gui":{"rotation":[-150.0,-45.0,180.0]}}}