{"textures":{"0":"modelengine:entity/gorilla","particle":"#0"},"elements":[{"from":[5.6299996,0.88999987,5.6299996],"to":[10.37,8.0,10.369999],"faces":{"east":{"uv":[0.0,10.25,0.75,11.375],"tintindex":0,"rotation":0,"texture":"#0"},"south":{"uv":[2.25,10.25,3.0,11.375],"tintindex":0,"rotation":0,"texture":"#0"},"north":{"uv":[0.75,10.25,1.5,11.375],"tintindex":0,"rotation":0,"texture":"#0"},"west":{"uv":[1.5,10.25,2.25,11.375],"tintindex":0,"rotation":0,"texture":"#0"},"up":{"uv":[1.5,10.25,0.75,9.5],"tintindex":0,"rotation":0,"texture":"#0"},"down":{"uv":[2.25,9.5,1.5,10.25],"tintindex":0,"rotation":0,"texture":"#0"}}}],"display":{"head":{"rotation":[0.0,0.0,0.0]},"firstperson_righthand":{"rotation":[0.0,0.0,0.0]},"thirdperson_lefthand":{"rotation":[0.0,-0.0,-0.0]},"firstperson_lefthand":{"rotation":[0.0,-0.0,-0.0]},"fixed":{"rotation":[0.0,0.0,0.0]},"ground":{"rotation":[0.0,0.0,0.0]},"thirdperson_righthand":{"rotation":[0.0,0.0,0.0]},"gui":{"rotation":[-150.0,-45.0,180.0]}}}