{"textures":{"0":"modelengine:entity/gorilla","particle":"#0"},"elements":[{"from":[0.4949999,-2.2700005,2.8649998],"to":[15.505,4.0499997,13.135],"faces":{"east":{"uv":[0.0,5.875,1.625,6.875],"tintindex":0,"rotation":0,"texture":"#0"},"south":{"uv":[5.625,5.875,8.0,6.875],"tintindex":0,"rotation":0,"texture":"#0"},"north":{"uv":[1.625,5.875,4.0,6.875],"tintindex":0,"rotation":0,"texture":"#0"},"west":{"uv":[4.0,5.875,5.625,6.875],"tintindex":0,"rotation":0,"texture":"#0"},"up":{"uv":[4.0,5.875,1.625,4.25],"tintindex":0,"rotation":0,"texture":"#0"},"down":{"uv":[6.375,4.25,4.0,5.875],"tintindex":0,"rotation":0,"texture":"#0"}}}],"display":{"head":{"rotation":[0.0,0.0,0.0]},"firstperson_righthand":{"rotation":[0.0,0.0,0.0]},"thirdperson_lefthand":{"rotation":[0.0,-0.0,-0.0]},"firstperson_lefthand":{"rotation":[0.0,-0.0,-0.0]},"fixed":{"rotation":[0.0,0.0,0.0]},"ground":{"rotation":[0.0,0.0,0.0]},"thirdperson_righthand":{"rotation":[0.0,0.0,0.0]},"gui":{"rotation":[-150.0,-45.0,180.0]}}}