{"textures":{"0":"modelengine:entity/gorilla","particle":"#0"},"elements":[{"from":[0.4949999,15.110001,4.4449997],"to":[15.505,28.54,17.875],"faces":{"east":{"uv":[0.0,2.125,2.125,4.25],"tintindex":0,"rotation":0,"texture":"#0"},"south":{"uv":[6.625,2.125,9.0,4.25],"tintindex":0,"rotation":0,"texture":"#0"},"north":{"uv":[2.125,2.125,4.5,4.25],"tintindex":0,"rotation":0,"texture":"#0"},"west":{"uv":[4.5,2.125,6.625,4.25],"tintindex":0,"rotation":0,"texture":"#0"},"up":{"uv":[4.5,2.125,2.125,0.0],"tintindex":0,"rotation":0,"texture":"#0"},"down":{"uv":[6.875,0.0,4.5,2.125],"tintindex":0,"rotation":0,"texture":"#0"}}}],"display":{"head":{"rotation":[0.0,0.0,0.0]},"firstperson_righthand":{"rotation":[0.0,0.0,0.0]},"thirdperson_lefthand":{"rotation":[0.0,-0.0,-0.0]},"firstperson_lefthand":{"rotation":[0.0,-0.0,-0.0]},"fixed":{"rotation":[0.0,0.0,0.0]},"ground":{"rotation":[0.0,0.0,0.0]},"thirdperson_righthand":{"rotation":[0.0,0.0,0.0]},"gui":{"rotation":[-150.0,-45.0,180.0]}}}