{
  "sources": [
    {
      "source": "entity",
      "prefix": "entity/",
      "type": "directory"
    },
    {
      "pattern": {
        "namespace": "minecraft",
        "path": "entity/fishing_hook"
      },
      "type": "filter"
    },
    {
      "resource": "tfc:textures/entity/animal/crocodile",
      "sprite": "tfc:textures/entity/animal/crocodile",
      "type": "single"
    },
        {
            "type": "directory",
            "source": "block",
            "prefix": "block/"
        },
        {
            "type": "directory",
            "source": "items",
            "prefix": "items/"
        },
        {
            "type": "directory",
            "source": "item",
            "prefix": "item/"
        },
        {
            "type": "directory",
            "source": "custom",
            "prefix": "custom/"
        },
        {
            "type": "directory",
            "source": "entity/conduit",
            "prefix": "entity/conduit/"
        },
        {
            "type": "single",
            "resource": "entity/bell/bell_body"
        },
        {
            "type": "single",
            "resource": "entity/enchanting_table_book"
        }
  ]
}