{"textures":{"0":"modelengine:entity/bison","particle":"#0"},"elements":[{"from":[1.0,3.5,1.5],"to":[15.0,12.5,14.5],"faces":{"east":{"uv":[4.5,5.0,7.0,7.666667],"tintindex":0,"rotation":0,"texture":"#0"},"south":{"uv":[12.5,4.666667,15.5,7.666667],"tintindex":0,"rotation":0,"texture":"#0"},"north":{"uv":[7.0,4.666667,10.0,7.666667],"tintindex":0,"rotation":0,"texture":"#0"},"west":{"uv":[10.0,4.666667,12.5,7.666667],"tintindex":0,"rotation":0,"texture":"#0"},"up":{"uv":[10.0,4.666667,7.0,1.3333334],"tintindex":0,"rotation":0,"texture":"#0"},"down":{"uv":[13.0,1.3333334,10.0,4.666667],"tintindex":0,"rotation":0,"texture":"#0"}}}],"display":{"head":{"rotation":[0.0,0.0,0.0]},"firstperson_righthand":{"rotation":[0.0,0.0,0.0]},"thirdperson_lefthand":{"rotation":[0.0,-0.0,-0.0]},"firstperson_lefthand":{"rotation":[0.0,-0.0,-0.0]},"fixed":{"rotation":[0.0,0.0,0.0]},"ground":{"rotation":[0.0,0.0,0.0]},"thirdperson_righthand":{"rotation":[0.0,0.0,0.0]},"gui":{"rotation":[-150.0,-45.0,180.0]}}}