{"textures":{"0":"modelengine:entity/bison","particle":"#0"},"elements":[{"from":[4.0,4.1522408,1.7653675],"to":[12.0,11.152241,8.765367],"faces":{"east":{"uv":[3.25,11.333334,6.0,14.333334],"tintindex":0,"rotation":0,"texture":"#0"},"south":{"uv":[12.25,11.333334,15.75,14.333334],"tintindex":0,"rotation":0,"texture":"#0"},"north":{"uv":[6.0,11.333334,9.5,14.333334],"tintindex":0,"rotation":0,"texture":"#0"},"west":{"uv":[9.5,11.333334,12.25,14.333334],"tintindex":0,"rotation":0,"texture":"#0"},"up":{"uv":[9.5,11.333334,6.0,7.666667],"tintindex":0,"rotation":0,"texture":"#0"},"down":{"uv":[13.0,7.666667,9.5,11.333334],"tintindex":0,"rotation":0,"texture":"#0"}}},{"from":[3.0,5.1522408,4.7653675],"to":[4.0,9.152241,5.7653666],"faces":{"east":{"uv":[5.5,0.33333334,5.75,1.3333334],"tintindex":0,"rotation":0,"texture":"#0"},"south":{"uv":[6.25,0.33333334,6.5,1.3333334],"tintindex":0,"rotation":0,"texture":"#0"},"north":{"uv":[5.75,0.33333334,6.0,1.3333334],"tintindex":0,"rotation":0,"texture":"#0"},"west":{"uv":[6.0,0.33333334,6.25,1.3333334],"tintindex":0,"rotation":0,"texture":"#0"},"up":{"uv":[6.0,0.33333334,5.75,0.0],"tintindex":0,"rotation":0,"texture":"#0"},"down":{"uv":[6.25,0.0,6.0,0.33333334],"tintindex":0,"rotation":0,"texture":"#0"}}},{"from":[6.0,-3.0782013,3.6068535],"to":[10.0,-0.078201294,7.6068544],"faces":{"east":{"uv":[0.0,15.0,0.75,16.0],"tintindex":0,"rotation":0,"texture":"#0"},"south":{"uv":[2.5,15.0,3.5,16.0],"tintindex":0,"rotation":0,"texture":"#0"},"north":{"uv":[0.75,15.0,1.75,16.0],"tintindex":0,"rotation":0,"texture":"#0"},"west":{"uv":[1.75,15.0,2.5,16.0],"tintindex":0,"rotation":0,"texture":"#0"},"up":{"uv":[1.75,15.0,0.75,14.0],"tintindex":0,"rotation":0,"texture":"#0"},"down":{"uv":[2.75,14.0,1.75,15.0],"tintindex":0,"rotation":0,"texture":"#0"}}},{"from":[5.0,-0.84775925,2.7653675],"to":[11.0,10.152241,8.765367],"faces":{"east":{"uv":[0.0,2.0,1.5,5.0],"tintindex":0,"rotation":0,"texture":"#0"},"south":{"uv":[5.0,2.0,7.0,5.0],"tintindex":0,"rotation":0,"texture":"#0"},"north":{"uv":[1.5,2.0,3.5,5.0],"tintindex":0,"rotation":0,"texture":"#0"},"west":{"uv":[3.5,2.0,5.0,5.0],"tintindex":0,"rotation":0,"texture":"#0"},"up":{"uv":[3.5,2.0,1.5,0.0],"tintindex":0,"rotation":0,"texture":"#0"},"down":{"uv":[5.5,0.0,3.5,2.0],"tintindex":0,"rotation":0,"texture":"#0"}}},{"from":[12.0,5.1522408,4.7653675],"to":[13.0,9.152241,5.7653666],"faces":{"east":{"uv":[5.5,0.33333334,5.75,1.3333334],"tintindex":0,"rotation":0,"texture":"#0"},"south":{"uv":[6.25,0.33333334,6.5,1.3333334],"tintindex":0,"rotation":0,"texture":"#0"},"north":{"uv":[5.75,0.33333334,6.0,1.3333334],"tintindex":0,"rotation":0,"texture":"#0"},"west":{"uv":[6.0,0.33333334,6.25,1.3333334],"tintindex":0,"rotation":0,"texture":"#0"},"up":{"uv":[6.0,0.33333334,5.75,0.0],"tintindex":0,"rotation":0,"texture":"#0"},"down":{"uv":[6.25,0.0,6.0,0.33333334],"tintindex":0,"rotation":0,"texture":"#0"}}}],"display":{"head":{"rotation":[0.0,0.0,0.0]},"firstperson_righthand":{"rotation":[0.0,0.0,0.0]},"thirdperson_lefthand":{"rotation":[0.0,-0.0,-0.0]},"firstperson_lefthand":{"rotation":[0.0,-0.0,-0.0]},"fixed":{"rotation":[0.0,0.0,0.0]},"ground":{"rotation":[0.0,0.0,0.0]},"thirdperson_righthand":{"rotation":[0.0,0.0,0.0]},"gui":{"rotation":[-150.0,-45.0,180.0]}}}