{"textures":{"0":"modelengine:entity/bison","particle":"#0"},"elements":[{"from":[7.0,0.15224075,12.2346325],"to":[9.0,7.1522408,12.2346325],"faces":{"south":{"uv":[2.75,10.666667,3.25,13.333334],"tintindex":0,"rotation":0,"texture":"#0"},"north":{"uv":[2.25,10.666667,2.75,13.333334],"tintindex":0,"rotation":0,"texture":"#0"}},"rotation":{"origin":[8.0,-3.0,10.0],"angle":-22.5,"axis":"x"}}],"display":{"head":{"rotation":[0.0,0.0,0.0]},"firstperson_righthand":{"rotation":[0.0,0.0,0.0]},"thirdperson_lefthand":{"rotation":[0.0,-0.0,-0.0]},"firstperson_lefthand":{"rotation":[0.0,-0.0,-0.0]},"fixed":{"rotation":[0.0,0.0,0.0]},"ground":{"rotation":[0.0,0.0,0.0]},"thirdperson_righthand":{"rotation":[0.0,0.0,0.0]},"gui":{"rotation":[-150.0,-45.0,180.0]}}}