{"textures":{"0":"modelengine:entity/tiger"},"elements":[{"from":[5.5,3.3157272,5.9456806],"to":[9.5,4.315727,9.945681],"faces":{"east":{"uv":[10.0,8.400001,10.8,9.400001],"tintindex":-2,"rotation":0,"texture":"#0"},"south":{"uv":[10.0,8.400001,10.8,9.400001],"tintindex":-2,"rotation":0,"texture":"#0"},"north":{"uv":[10.0,8.400001,10.8,9.400001],"tintindex":-2,"rotation":0,"texture":"#0"},"west":{"uv":[10.0,8.400001,10.8,9.400001],"tintindex":-2,"rotation":0,"texture":"#0"},"up":{"uv":[10.0,8.400001,10.8,9.400001],"tintindex":-2,"rotation":0,"texture":"#0"},"down":{"uv":[10.0,8.400001,10.8,9.400001],"tintindex":-2,"rotation":0,"texture":"#0"}}},{"from":[4.8,3.3157272,5.4456806],"to":[10.3,5.015727,10.445681],"faces":{"east":{"uv":[11.2,9.2,12.0,9.400001],"tintindex":-2,"rotation":0,"texture":"#0"},"north":{"uv":[12.0,9.0,13.0,9.400001],"tintindex":-2,"rotation":0,"texture":"#0"},"west":{"uv":[13.0,9.2,13.8,9.400001],"tintindex":-2,"rotation":0,"texture":"#0"}}},{"from":[4.5,0.31572723,4.9456806],"to":[10.5,3.3157272,9.945681],"faces":{"east":{"uv":[0.4,13.2,1.6,13.8],"tintindex":-2,"rotation":0,"texture":"#0"},"south":{"uv":[10.6,2.0,11.6,2.8],"tintindex":-2,"rotation":0,"texture":"#0"},"north":{"uv":[1.8000001,13.2,3.6000001,13.8],"tintindex":-2,"rotation":0,"texture":"#0"},"west":{"uv":[3.2,13.2,4.4,13.8],"tintindex":-2,"rotation":0,"texture":"#0"},"up":{"uv":[9.2,8.400001,10.0,9.400001],"tintindex":-2,"rotation":0,"texture":"#0"},"down":{"uv":[3.8,12.0,3.0,12.6],"tintindex":-2,"rotation":0,"texture":"#0"}}}],"display":{"gui":{"rotation":[30,225,0]}}}