{"textures":{"0":"modelengine:entity/tiger"},"elements":[{"from":[3.88,-2.1999998,5.76],"to":[9.360001,8.0,11.24],"faces":{"east":{"uv":[0.0,7.2000003,1.0,9.400001],"tintindex":-2,"rotation":0,"texture":"#0"},"south":{"uv":[0.0,7.2000003,0.8,9.400001],"tintindex":-2,"rotation":0,"texture":"#0"},"north":{"uv":[1.0,7.2000003,2.4,9.400001],"tintindex":-2,"rotation":0,"texture":"#0"},"west":{"uv":[2.6000001,7.2000003,3.6000001,9.400001],"tintindex":-2,"rotation":0,"texture":"#0"},"up":{"uv":[1.8000001,7.2000003,1.0,6.2000003],"tintindex":-2,"rotation":0,"texture":"#0"},"down":{"uv":[2.6000001,6.2000003,1.8000001,7.2000003],"tintindex":-2,"rotation":0,"texture":"#0"}}}],"display":{"gui":{"rotation":[30,225,0]}}}