{
	"parent": "minecraft:item/generated",
	"textures": {
		"layer0": "item/paper"
	},
	"overrides": [
		{"predicate": {"custom_model_data":16}, "model": "custom/vehicle_key"}, 
		{"predicate": {"custom_model_data":24}, "model": "custom/power_key"}, 
		{"predicate": {"custom_model_data":25}, "model": "custom/vote_key"}, 
		{"predicate": {"custom_model_data":13}, "model": "custom/checkmark"}, 
		{"predicate": {"custom_model_data":17}, "model": "custom/poses_button"},
		{"predicate": {"custom_model_data":18}, "model": "custom/add"},
		{"predicate": {"custom_model_data":19}, "model": "custom/remove"},	
		{"predicate": {"custom_model_data":20}, "model": "custom/discord_button"},		
		{"predicate": {"custom_model_data":21}, "model": "custom/epic_key"},		
		{"predicate": {"custom_model_data":22}, "model": "custom/frost_key"},		
		{"predicate": {"custom_model_data":23}, "model": "custom/kings_key"},		
		{"predicate": {"custom_model_data":26}, "model": "custom/switch_off"},
		{"predicate": {"custom_model_data":27}, "model": "custom/switch_on"},		
		{"predicate": {"custom_model_data":28}, "model": "custom/rewards_button"},		
		{"predicate": {"custom_model_data":29}, "model": "custom/upgrades_button"},		
		{"predicate": {"custom_model_data":30}, "model": "custom/poses_button"},	
		{"predicate": {"custom_model_data":31}, "model": "custom/store_button"},		
		{"predicate": {"custom_model_data":32}, "model": "custom/tab_button_on"},		
		{"predicate": {"custom_model_data":33}, "model": "custom/tab_button_off"},
		{"predicate": {"custom_model_data":34}, "model": "custom/bar_button_on"},		
		{"predicate": {"custom_model_data":35}, "model": "custom/bar_button_off"},	
		{"predicate": {"custom_model_data":36}, "model": "custom/close_button"},	
		{"predicate": {"custom_model_data":37}, "model": "custom/red_left_button"},	
		{"predicate": {"custom_model_data":38}, "model": "custom/right_button"},	
		{"predicate": {"custom_model_data":39}, "model": "custom/left_button"},	
		{"predicate": {"custom_model_data":40}, "model": "custom/blank"}
	]
	}