{"textures":{"0":"modelengine:entity/bears"},"elements":[{"from":[6.275,3.6529999,5.4470005],"to":[9.725,5.033,6.8270006],"faces":{"east":{"uv":[13.375,10.0,13.625,10.25],"tintindex":-2,"rotation":0,"texture":"#0"},"south":{"uv":[14.1875,10.0,14.5,10.25],"tintindex":-2,"rotation":0,"texture":"#0"},"north":{"uv":[13.625,10.0,13.9375,10.25],"tintindex":-2,"rotation":0,"texture":"#0"},"west":{"uv":[13.9375,10.0,14.1875,10.25],"tintindex":-2,"rotation":0,"texture":"#0"},"up":{"uv":[13.9375,9.75,13.625,9.25],"tintindex":-2,"rotation":0,"texture":"#0"},"down":{"uv":[14.25,9.25,13.9375,9.75],"tintindex":-2,"rotation":0,"texture":"#0"}}},{"from":[10.76,9.863,8.897],"to":[12.83,12.623,9.587001],"faces":{"east":{"uv":[10.8125,9.375,10.875,9.875],"tintindex":-2,"rotation":0,"texture":"#0"},"south":{"uv":[11.125,9.375,11.3125,9.875],"tintindex":-2,"rotation":0,"texture":"#0"},"north":{"uv":[10.875,9.375,11.0625,9.875],"tintindex":-2,"rotation":0,"texture":"#0"},"west":{"uv":[11.0625,9.375,11.125,9.875],"tintindex":-2,"rotation":0,"texture":"#0"},"up":{"uv":[11.0625,9.375,10.875,9.25],"tintindex":-2,"rotation":0,"texture":"#0"},"down":{"uv":[11.25,9.25,11.0625,9.375],"tintindex":-2,"rotation":0,"texture":"#0"}}},{"from":[3.17,9.863,8.897],"to":[5.24,12.623,9.587001],"faces":{"east":{"uv":[10.8125,6.625,10.875,7.125],"tintindex":-2,"rotation":0,"texture":"#0"},"south":{"uv":[11.125,6.625,11.3125,7.125],"tintindex":-2,"rotation":0,"texture":"#0"},"north":{"uv":[10.875,6.625,11.0625,7.125],"tintindex":-2,"rotation":0,"texture":"#0"},"west":{"uv":[11.0625,6.625,11.125,7.125],"tintindex":-2,"rotation":0,"texture":"#0"},"up":{"uv":[11.0625,6.625,10.875,6.5],"tintindex":-2,"rotation":0,"texture":"#0"},"down":{"uv":[11.25,6.5,11.0625,6.625],"tintindex":-2,"rotation":0,"texture":"#0"}}},{"from":[4.205,3.6529999,6.8270006],"to":[11.795,11.243,13.037001],"faces":{"east":{"uv":[13.5,12.5,14.0625,13.875],"tintindex":-2,"rotation":0,"texture":"#0"},"south":{"uv":[15.3125,12.5,16.0,13.875],"tintindex":-2,"rotation":0,"texture":"#0"},"north":{"uv":[14.0625,12.5,14.75,13.875],"tintindex":-2,"rotation":0,"texture":"#0"},"west":{"uv":[14.75,12.5,15.3125,13.875],"tintindex":-2,"rotation":0,"texture":"#0"},"up":{"uv":[14.75,12.5,14.0625,11.375],"tintindex":-2,"rotation":0,"texture":"#0"},"down":{"uv":[15.4375,11.375,14.75,12.5],"tintindex":-2,"rotation":0,"texture":"#0"}}},{"from":[6.275,5.033,4.0670004],"to":[9.725,6.413,6.8270006],"faces":{"east":{"uv":[13.375,9.75,13.625,10.0],"tintindex":-2,"rotation":0,"texture":"#0"},"south":{"uv":[14.1875,9.75,14.5,10.0],"tintindex":-2,"rotation":0,"texture":"#0"},"north":{"uv":[13.625,9.75,13.9375,10.0],"tintindex":-2,"rotation":0,"texture":"#0"},"west":{"uv":[13.9375,9.75,14.1875,10.0],"tintindex":-2,"rotation":0,"texture":"#0"},"up":{"uv":[13.9375,9.75,13.625,9.25],"tintindex":-2,"rotation":0,"texture":"#0"},"down":{"uv":[14.25,9.25,13.9375,9.75],"tintindex":-2,"rotation":0,"texture":"#0"}}}],"display":{"gui":{"rotation":[30,225,0]}}}