{
    "brush": [
        {
            "custom_model_data": 12,
            "sprite": "textures/item_icons/playerbook"
        }
    ],
    "paper": [
        {
            "custom_model_data": 21,
            "sprite": "textures/item_icons/epic_key"
        }
    ],    
    "paper": [
        {
            "custom_model_data": 21,
            "sprite": "textures/item_icons/frost_key"
        }
    ],    
    "paper": [
        {
            "custom_model_data": 22,
            "sprite": "textures/item_icons/kings_key"
        }
    ]            
}    
