{"textures":{"0":"modelengine:entity/neanderthal","particle":"#0"},"elements":[{"from":[5.9,-4.0,6.0],"to":[9.9,8.0,10.0],"faces":{"east":{"uv":[3.0,5.0,2.0,8.0],"tintindex":0,"rotation":0,"texture":"#0"},"south":{"uv":[4.0,5.0,3.0,8.0],"tintindex":0,"rotation":0,"texture":"#0"},"north":{"uv":[2.0,5.0,1.0,8.0],"tintindex":0,"rotation":0,"texture":"#0"},"west":{"uv":[1.0,5.0,0.0,8.0],"tintindex":0,"rotation":0,"texture":"#0"},"up":{"uv":[1.0,5.0,2.0,4.0],"tintindex":0,"rotation":0,"texture":"#0"},"down":{"uv":[2.0,4.0,3.0,5.0],"tintindex":0,"rotation":0,"texture":"#0"}}}],"display":{"head":{"rotation":[0.0,0.0,0.0]},"firstperson_righthand":{"rotation":[0.0,0.0,0.0]},"thirdperson_lefthand":{"rotation":[0.0,-0.0,-0.0]},"firstperson_lefthand":{"rotation":[0.0,-0.0,-0.0]},"fixed":{"rotation":[0.0,0.0,0.0]},"ground":{"rotation":[0.0,0.0,0.0]},"thirdperson_righthand":{"rotation":[0.0,0.0,0.0]},"gui":{"rotation":[-150.0,-45.0,180.0]}}}