{"textures":{"0":"modelengine:entity/wandering_trader"},"elements":[{"from":[5.6000004,12.0,7.5],"to":[10.6,15.0,8.5],"faces":{"east":{"uv":[15.375,0.0,15.5,0.375],"tintindex":-2,"rotation":0,"texture":"#0"},"south":{"uv":[14.875,0.0,15.5,0.375],"tintindex":-2,"rotation":0,"texture":"#0"},"north":{"uv":[15.5,0.0,14.875,0.375],"tintindex":-2,"rotation":0,"texture":"#0"},"west":{"uv":[14.875,0.0,15.0,0.375],"tintindex":-2,"rotation":0,"texture":"#0"},"up":{"uv":[14.875,0.0,15.5,0.125],"tintindex":-2,"rotation":0,"texture":"#0"},"down":{"uv":[14.875,0.25,15.5,0.375],"tintindex":-2,"rotation":0,"texture":"#0"}}},{"from":[10.6,10.0,7.5],"to":[13.6,14.0,8.5],"faces":{"east":{"uv":[15.75,0.125,15.875,0.625],"tintindex":-2,"rotation":0,"texture":"#0"},"south":{"uv":[15.5,0.125,15.875,0.625],"tintindex":-2,"rotation":0,"texture":"#0"},"north":{"uv":[15.875,0.125,15.5,0.625],"tintindex":-2,"rotation":0,"texture":"#0"},"west":{"uv":[15.5,0.125,15.625,0.625],"tintindex":-2,"rotation":0,"texture":"#0"},"up":{"uv":[15.5,0.125,15.875,0.25],"tintindex":-2,"rotation":0,"texture":"#0"},"down":{"uv":[15.5,0.5,15.875,0.625],"tintindex":-2,"rotation":0,"texture":"#0"}}},{"from":[1.6000004,2.0,7.5],"to":[2.6000004,4.0,8.5],"faces":{"east":{"uv":[14.375,1.375,14.5,1.625],"tintindex":-2,"rotation":0,"texture":"#0"},"south":{"uv":[14.375,1.375,14.5,1.625],"tintindex":-2,"rotation":0,"texture":"#0"},"north":{"uv":[14.5,1.375,14.375,1.625],"tintindex":-2,"rotation":0,"texture":"#0"},"west":{"uv":[14.375,1.375,14.5,1.625],"tintindex":-2,"rotation":0,"texture":"#0"},"up":{"uv":[14.375,1.375,14.5,1.5],"tintindex":-2,"rotation":0,"texture":"#0"},"down":{"uv":[14.375,1.5,14.5,1.625],"tintindex":-2,"rotation":0,"texture":"#0"}}},{"from":[5.6000004,5.0,7.5],"to":[6.6000004,8.0,8.5],"faces":{"east":{"uv":[14.875,0.875,15.0,1.25],"tintindex":-2,"rotation":0,"texture":"#0"},"south":{"uv":[14.875,0.875,15.0,1.25],"tintindex":-2,"rotation":0,"texture":"#0"},"north":{"uv":[15.0,0.875,14.875,1.25],"tintindex":-2,"rotation":0,"texture":"#0"},"west":{"uv":[14.875,0.875,15.0,1.25],"tintindex":-2,"rotation":0,"texture":"#0"},"up":{"uv":[14.875,0.875,15.0,1.0],"tintindex":-2,"rotation":0,"texture":"#0"},"down":{"uv":[14.875,1.125,15.0,1.25],"tintindex":-2,"rotation":0,"texture":"#0"}}},{"from":[6.6000004,6.0,7.5],"to":[7.6000004,9.0,8.5],"faces":{"east":{"uv":[15.0,0.75,15.125,1.125],"tintindex":-2,"rotation":0,"texture":"#0"},"south":{"uv":[15.0,0.75,15.125,1.125],"tintindex":-2,"rotation":0,"texture":"#0"},"north":{"uv":[15.125,0.75,15.0,1.125],"tintindex":-2,"rotation":0,"texture":"#0"},"west":{"uv":[15.0,0.75,15.125,1.125],"tintindex":-2,"rotation":0,"texture":"#0"},"up":{"uv":[15.0,0.75,15.125,0.875],"tintindex":-2,"rotation":0,"texture":"#0"},"down":{"uv":[15.0,1.0,15.125,1.125],"tintindex":-2,"rotation":0,"texture":"#0"}}},{"from":[8.6,8.0,7.5],"to":[9.6,11.0,8.5],"faces":{"east":{"uv":[15.25,0.5,15.375,0.875],"tintindex":-2,"rotation":0,"texture":"#0"},"south":{"uv":[15.25,0.5,15.375,0.875],"tintindex":-2,"rotation":0,"texture":"#0"},"north":{"uv":[15.375,0.5,15.25,0.875],"tintindex":-2,"rotation":0,"texture":"#0"},"west":{"uv":[15.25,0.5,15.375,0.875],"tintindex":-2,"rotation":0,"texture":"#0"},"up":{"uv":[15.25,0.5,15.375,0.625],"tintindex":-2,"rotation":0,"texture":"#0"},"down":{"uv":[15.25,0.75,15.375,0.875],"tintindex":-2,"rotation":0,"texture":"#0"}}},{"from":[13.6,6.0,7.5],"to":[14.6,11.0,8.5],"faces":{"east":{"uv":[15.875,0.5,16.0,1.125],"tintindex":-2,"rotation":0,"texture":"#0"},"south":{"uv":[15.875,0.5,16.0,1.125],"tintindex":-2,"rotation":0,"texture":"#0"},"north":{"uv":[16.0,0.5,15.875,1.125],"tintindex":-2,"rotation":0,"texture":"#0"},"west":{"uv":[15.875,0.5,16.0,1.125],"tintindex":-2,"rotation":0,"texture":"#0"},"up":{"uv":[15.875,0.5,16.0,0.625],"tintindex":-2,"rotation":0,"texture":"#0"},"down":{"uv":[15.875,1.0,16.0,1.125],"tintindex":-2,"rotation":0,"texture":"#0"}}},{"from":[4.6000004,13.0,7.5],"to":[5.6000004,14.0,8.5],"faces":{"east":{"uv":[14.75,0.125,14.875,0.25],"tintindex":-2,"rotation":0,"texture":"#0"},"south":{"uv":[14.75,0.125,14.875,0.25],"tintindex":-2,"rotation":0,"texture":"#0"},"north":{"uv":[14.875,0.125,14.75,0.25],"tintindex":-2,"rotation":0,"texture":"#0"},"west":{"uv":[14.75,0.125,14.875,0.25],"tintindex":-2,"rotation":0,"texture":"#0"},"up":{"uv":[14.75,0.125,14.875,0.25],"tintindex":-2,"rotation":0,"texture":"#0"},"down":{"uv":[14.75,0.125,14.875,0.25],"tintindex":-2,"rotation":0,"texture":"#0"}}},{"from":[3.6000004,3.0,7.5],"to":[4.6000004,6.0,8.5],"faces":{"east":{"uv":[14.625,1.125,14.75,1.5],"tintindex":-2,"rotation":0,"texture":"#0"},"south":{"uv":[14.625,1.125,14.75,1.5],"tintindex":-2,"rotation":0,"texture":"#0"},"north":{"uv":[14.75,1.125,14.625,1.5],"tintindex":-2,"rotation":0,"texture":"#0"},"west":{"uv":[14.625,1.125,14.75,1.5],"tintindex":-2,"rotation":0,"texture":"#0"},"up":{"uv":[14.625,1.125,14.75,1.25],"tintindex":-2,"rotation":0,"texture":"#0"},"down":{"uv":[14.625,1.375,14.75,1.5],"tintindex":-2,"rotation":0,"texture":"#0"}}},{"from":[9.6,9.0,7.5],"to":[10.6,12.0,8.5],"faces":{"east":{"uv":[15.375,0.375,15.5,0.75],"tintindex":-2,"rotation":0,"texture":"#0"},"south":{"uv":[15.375,0.375,15.5,0.75],"tintindex":-2,"rotation":0,"texture":"#0"},"north":{"uv":[15.5,0.375,15.375,0.75],"tintindex":-2,"rotation":0,"texture":"#0"},"west":{"uv":[15.375,0.375,15.5,0.75],"tintindex":-2,"rotation":0,"texture":"#0"},"up":{"uv":[15.375,0.375,15.5,0.5],"tintindex":-2,"rotation":0,"texture":"#0"},"down":{"uv":[15.375,0.625,15.5,0.75],"tintindex":-2,"rotation":0,"texture":"#0"}}},{"from":[2.6000004,2.0,7.5],"to":[3.6000004,5.0,8.5],"faces":{"east":{"uv":[14.5,1.25,14.625,1.625],"tintindex":-2,"rotation":0,"texture":"#0"},"south":{"uv":[14.5,1.25,14.625,1.625],"tintindex":-2,"rotation":0,"texture":"#0"},"north":{"uv":[14.625,1.25,14.5,1.625],"tintindex":-2,"rotation":0,"texture":"#0"},"west":{"uv":[14.5,1.25,14.625,1.625],"tintindex":-2,"rotation":0,"texture":"#0"},"up":{"uv":[14.5,1.25,14.625,1.375],"tintindex":-2,"rotation":0,"texture":"#0"},"down":{"uv":[14.5,1.5,14.625,1.625],"tintindex":-2,"rotation":0,"texture":"#0"}}},{"from":[7.6000004,7.0,7.5],"to":[8.6,10.0,8.5],"faces":{"east":{"uv":[15.125,0.625,15.25,1.0],"tintindex":-2,"rotation":0,"texture":"#0"},"south":{"uv":[15.125,0.625,15.25,1.0],"tintindex":-2,"rotation":0,"texture":"#0"},"north":{"uv":[15.25,0.625,15.125,1.0],"tintindex":-2,"rotation":0,"texture":"#0"},"west":{"uv":[15.125,0.625,15.25,1.0],"tintindex":-2,"rotation":0,"texture":"#0"},"up":{"uv":[15.125,0.625,15.25,0.75],"tintindex":-2,"rotation":0,"texture":"#0"},"down":{"uv":[15.125,0.875,15.25,1.0],"tintindex":-2,"rotation":0,"texture":"#0"}}},{"from":[4.6000004,4.0,7.5],"to":[5.6000004,7.0,8.5],"faces":{"east":{"uv":[14.75,1.0,14.875,1.375],"tintindex":-2,"rotation":0,"texture":"#0"},"south":{"uv":[14.75,1.0,14.875,1.375],"tintindex":-2,"rotation":0,"texture":"#0"},"north":{"uv":[14.875,1.0,14.75,1.375],"tintindex":-2,"rotation":0,"texture":"#0"},"west":{"uv":[14.75,1.0,14.875,1.375],"tintindex":-2,"rotation":0,"texture":"#0"},"up":{"uv":[14.75,1.0,14.875,1.125],"tintindex":-2,"rotation":0,"texture":"#0"},"down":{"uv":[14.75,1.25,14.875,1.375],"tintindex":-2,"rotation":0,"texture":"#0"}}},{"from":[12.6,5.0,7.5],"to":[13.6,6.0,8.5],"faces":{"east":{"uv":[15.75,1.125,15.875,1.25],"tintindex":-2,"rotation":0,"texture":"#0"},"south":{"uv":[15.75,1.125,15.875,1.25],"tintindex":-2,"rotation":0,"texture":"#0"},"north":{"uv":[15.875,1.125,15.75,1.25],"tintindex":-2,"rotation":0,"texture":"#0"},"west":{"uv":[15.75,1.125,15.875,1.25],"tintindex":-2,"rotation":0,"texture":"#0"},"up":{"uv":[15.75,1.125,15.875,1.25],"tintindex":-2,"rotation":0,"texture":"#0"},"down":{"uv":[15.75,1.125,15.875,1.25],"tintindex":-2,"rotation":0,"texture":"#0"}}},{"from":[11.6,6.0,7.5],"to":[13.6,10.0,8.5],"faces":{"east":{"uv":[15.75,0.625,15.875,1.125],"tintindex":-2,"rotation":0,"texture":"#0"},"south":{"uv":[15.625,0.625,15.875,1.125],"tintindex":-2,"rotation":0,"texture":"#0"},"north":{"uv":[15.875,0.625,15.625,1.125],"tintindex":-2,"rotation":0,"texture":"#0"},"west":{"uv":[15.625,0.625,15.75,1.125],"tintindex":-2,"rotation":0,"texture":"#0"},"up":{"uv":[15.625,0.625,15.875,0.75],"tintindex":-2,"rotation":0,"texture":"#0"},"down":{"uv":[15.625,1.0,15.875,1.125],"tintindex":-2,"rotation":0,"texture":"#0"}}}],"display":{"gui":{"rotation":[30,225,0]}}}