{"textures":{"0":"tfc:textures/entity/animal/crocodile"},"elements":[{"from":[5.4,7.4778996,-10.134218],"to":[10.4,9.4779,-10.134218],"faces":{"south":{"uv":[10.875,11.625,11.5,11.875],"tintindex":-2,"rotation":0,"texture":"#0"},"north":{"uv":[10.25,11.625,10.875,11.875],"tintindex":-2,"rotation":0,"texture":"#0"}}},{"from":[3.5,8.9779,1.9657803],"to":[12.5,11.9779,11.96578],"faces":{"east":{"uv":[9.125,8.5,10.375,8.875],"tintindex":-2,"rotation":0,"texture":"#0"},"south":{"uv":[12.75,8.5,13.875,8.875],"tintindex":-2,"rotation":0,"texture":"#0"},"north":{"uv":[10.375,8.5,11.5,8.875],"tintindex":-2,"rotation":0,"texture":"#0"},"west":{"uv":[11.5,8.5,12.75,8.875],"tintindex":-2,"rotation":0,"texture":"#0"},"up":{"uv":[11.5,8.5,10.375,7.25],"tintindex":-2,"rotation":0,"texture":"#0"},"down":{"uv":[12.625,7.25,11.5,8.5],"tintindex":-2,"rotation":0,"texture":"#0"}}},{"from":[4.0,12.0,4.0],"to":[12.0,13.0,9.0],"faces":{"east":{"uv":[8.25,4.125,8.875,4.25],"tintindex":-2,"rotation":0,"texture":"#0"},"south":{"uv":[10.5,4.125,11.5,4.25],"tintindex":-2,"rotation":0,"texture":"#0"},"north":{"uv":[8.875,4.125,9.875,4.25],"tintindex":-2,"rotation":0,"texture":"#0"},"west":{"uv":[9.875,4.125,10.5,4.25],"tintindex":-2,"rotation":0,"texture":"#0"},"up":{"uv":[9.875,4.125,8.875,3.5],"tintindex":-2,"rotation":0,"texture":"#0"},"down":{"uv":[10.875,3.5,9.875,4.125],"tintindex":-2,"rotation":0,"texture":"#0"}}},{"from":[5.5,9.0,-10.0],"to":[10.5,12.0,2.0],"faces":{"east":{"uv":[0.875,5.625,2.375,6.0],"tintindex":-2,"rotation":0,"texture":"#0"},"south":{"uv":[4.5,5.625,5.125,6.0],"tintindex":-2,"rotation":0,"texture":"#0"},"north":{"uv":[2.375,5.625,3.0,6.0],"tintindex":-2,"rotation":0,"texture":"#0"},"west":{"uv":[3.0,5.625,4.5,6.0],"tintindex":-2,"rotation":0,"texture":"#0"},"up":{"uv":[3.0,5.625,2.375,4.125],"tintindex":-2,"rotation":0,"texture":"#0"},"down":{"uv":[3.625,4.125,3.0,5.625],"tintindex":-2,"rotation":0,"texture":"#0"}}}],"display":{"gui":{"rotation":[30,225,0]}}}