{
    "model": {
        "type": "range_dispatch",
        "property": "custom_model_data",
        "fallback": {
            "type": "model",
            "model": "item/bread"
        },
        "entries": [
            {
                "threshold": 1212,
                "model": {
                    "type": "model",
                    "model": "custom/sambousa"
                }
            },
            {
                "threshold": 1213,
                "model": {
                    "type": "model",
                    "model": "custom/soup"
                }
            },
            {
                "threshold": 1214,
                "model": {
                    "type": "model",
                    "model": "custom/dates"
                }
            }
        ]
    }
}