{
    "model": {
        "type": "range_dispatch",
        "property": "custom_model_data",
        "fallback": {
            "type": "model",
            "model": "item/paper"
        },
        "entries": [
            {
                "threshold": 13,
                "model": {
                    "type": "model",
                    "model": "custom/checkmark"
                }
            },
            {
                "threshold": 17,
                "model": {
                    "type": "model",
                    "model": "custom/poses_button"
                }
            },
            {
                "threshold": 18,
                "model": {
                    "type": "model",
                    "model": "custom/add"
                }
            },
            {
                "threshold": 19,
                "model": {
                    "type": "model",
                    "model": "custom/remove"
                }
            },
            {
                "threshold": 20,
                "model": {
                    "type": "model",
                    "model": "custom/discord_button"
                }
            },
            {
                "threshold": 21,
                "model": {
                    "type": "model",
                    "model": "custom/items/crate_keys/epic_key"
                }
            },
            {
                "threshold": 22,
                "model": {
                    "type": "model",
                    "model": "custom/items/crate_keys/frost_key"
                }
            },
            {
                "threshold": 23,
                "model": {
                    "type": "model",
                    "model": "custom/items/crate_keys/kings_key"
                }
            },
            {
                "threshold": 26,
                "model": {
                    "type": "model",
                    "model": "custom/switch_off"
                }
            },
            {
                "threshold": 27,
                "model": {
                    "type": "model",
                    "model": "custom/switch_on"
                }
            },
            {
                "threshold": 28,
                "model": {
                    "type": "model",
                    "model": "custom/rewards_button"
                }
            },
            {
                "threshold": 29,
                "model": {
                    "type": "model",
                    "model": "custom/upgrades_button"
                }
            },
            {
                "threshold": 30,
                "model": {
                    "type": "model",
                    "model": "custom/poses_button"
                }
            },
            {
                "threshold": 31,
                "model": {
                    "type": "model",
                    "model": "custom/store_button"
                }
            },
            {
                "threshold": 32,
                "model": {
                    "type": "model",
                    "model": "custom/tab_button_on"
                }
            },
            {
                "threshold": 33,
                "model": {
                    "type": "model",
                    "model": "custom/tab_button_off"
                }
            },
            {
                "threshold": 34,
                "model": {
                    "type": "model",
                    "model": "custom/bar_button_on"
                }
            },
            {
                "threshold": 35,
                "model": {
                    "type": "model",
                    "model": "custom/bar_button_off"
                }
            },
            {
                "threshold": 37,
                "model": {
                    "type": "model",
                    "model": "custom/red_left_button"
                }
            },
            {
                "threshold": 97,
                "model": {
                    "type": "model",
                    "model": "custom/pet_icon"
                }
            }
        ]
    }
}