{"textures":{"0":"modelengine:entity/wollymammoth"},"elements":[{"from":[3.333333,14.5,8.833333],"to":[12.666667,22.833334,20.166668],"faces":{"east":{"uv":[0.0,4.0,1.6875,8.375],"tintindex":-2,"rotation":0,"texture":"#0"},"south":{"uv":[0.0,4.5,1.75,9.125],"tintindex":-2,"rotation":0,"texture":"#0"},"north":{"uv":[1.6875,4.0,4.0,8.0],"tintindex":-2,"rotation":0,"texture":"#0"},"west":{"uv":[0.0,4.0,1.6875,8.375],"tintindex":-2,"rotation":0,"texture":"#0"},"up":{"uv":[0.0,4.0,1.75,8.625],"tintindex":-2,"rotation":0,"texture":"#0"},"down":{"uv":[0.0,4.0,1.75,8.625],"tintindex":-2,"rotation":0,"texture":"#0"}}},{"from":[3.0,5.1666665,7.8333335],"to":[13.666667,14.833334,19.833334],"faces":{"east":{"uv":[4.125,10.0,5.9375,14.5],"tintindex":-2,"rotation":0,"texture":"#0"},"south":{"uv":[2.0,4.25,3.75,8.75],"tintindex":-2,"rotation":0,"texture":"#0"},"north":{"uv":[2.25,10.0,3.75,16.0],"tintindex":-2,"rotation":0,"texture":"#0"},"west":{"uv":[0.0,10.0,2.1875,14.5],"tintindex":-2,"rotation":0,"texture":"#0"},"up":{"uv":[3.75,4.0,2.0,0.25],"tintindex":-2,"rotation":0,"texture":"#0"},"down":{"uv":[5.5,0.375,3.75,4.0],"tintindex":-2,"rotation":0,"texture":"#0"}}},{"from":[2.6666665,4.6666665,9.833333],"to":[14.0,16.0,20.5],"faces":{"east":{"uv":[13.0,11.125,16.0,14.75],"tintindex":-2,"rotation":270,"texture":"#0"},"south":{"uv":[14.0625,11.25,16.0,12.625],"tintindex":-2,"rotation":90,"texture":"#0"},"west":{"uv":[13.0,11.25,16.0,14.875],"tintindex":-2,"rotation":90,"texture":"#0"},"up":{"uv":[13.0,11.25,16.0,14.875],"tintindex":-2,"rotation":180,"texture":"#0"},"down":{"uv":[13.0,11.25,16.0,14.875],"tintindex":-2,"rotation":0,"texture":"#0"}}},{"from":[3.0,16.0,14.5],"to":[13.666667,21.0,20.5],"faces":{"east":{"uv":[13.0,11.125,16.0,14.75],"tintindex":-2,"rotation":270,"texture":"#0"},"south":{"uv":[14.0625,11.25,16.0,12.625],"tintindex":-2,"rotation":90,"texture":"#0"},"west":{"uv":[13.0,11.25,16.0,14.875],"tintindex":-2,"rotation":90,"texture":"#0"},"up":{"uv":[13.0,11.25,16.0,14.875],"tintindex":-2,"rotation":180,"texture":"#0"},"down":{"uv":[13.0,11.25,16.0,14.875],"tintindex":-2,"rotation":0,"texture":"#0"}}},{"from":[5.6666665,12.235132,18.930786],"to":[9.666667,25.568466,20.930786],"faces":{"east":{"uv":[13.3125,11.5,15.0625,13.125],"tintindex":-2,"rotation":0,"texture":"#0"},"south":{"uv":[13.3125,11.5,15.0625,13.125],"tintindex":-2,"rotation":0,"texture":"#0"},"north":{"uv":[13.3125,11.5,15.0625,13.125],"tintindex":-2,"rotation":0,"texture":"#0"},"west":{"uv":[13.3125,11.5,15.0625,13.125],"tintindex":-2,"rotation":0,"texture":"#0"},"up":{"uv":[13.3125,11.5,15.0625,13.125],"tintindex":-2,"rotation":0,"texture":"#0"},"down":{"uv":[13.3125,11.5,15.0625,13.125],"tintindex":-2,"rotation":0,"texture":"#0"}},"rotation":{"origin":[7.914388,19.765526,14.205404],"angle":22.5,"axis":"x"}},{"from":[4.6666665,21.5,10.833334],"to":[11.333334,23.166668,13.833334],"faces":{"east":{"uv":[3.75,10.0,3.8125,13.5],"tintindex":-2,"rotation":0,"texture":"#0"},"south":{"uv":[3.75,10.0,3.8125,13.5],"tintindex":-2,"rotation":0,"texture":"#0"},"north":{"uv":[3.75,10.0,3.8125,13.5],"tintindex":-2,"rotation":0,"texture":"#0"},"west":{"uv":[3.75,10.0,3.8125,13.5],"tintindex":-2,"rotation":0,"texture":"#0"},"up":{"uv":[3.75,10.0,5.0,11.125],"tintindex":-2,"rotation":0,"texture":"#0"},"down":{"uv":[3.75,10.0,3.8125,13.5],"tintindex":-2,"rotation":0,"texture":"#0"}}}],"display":{"gui":{"rotation":[30,225,0]}}}