{"textures":{"0":"modelengine:entity/wollymammoth"},"elements":[{"from":[12.256835,-12.116211,2.2965727],"to":[27.256834,9.883789,20.296574],"faces":{"east":{"uv":[12.5,1.375,13.1875,4.125],"tintindex":-2,"rotation":0,"texture":"#0"},"south":{"uv":[12.5,1.375,13.1875,4.125],"tintindex":-2,"rotation":0,"texture":"#0"},"north":{"uv":[12.5,1.375,13.1875,4.125],"tintindex":-2,"rotation":0,"texture":"#0"},"west":{"uv":[12.5,1.375,13.1875,4.125],"tintindex":-2,"rotation":0,"texture":"#0"},"up":{"uv":[12.5,1.375,13.1875,4.125],"tintindex":-2,"rotation":0,"texture":"#0"},"down":{"uv":[12.5,1.375,13.1875,4.125],"tintindex":-2,"rotation":0,"texture":"#0"}}},{"from":[11.256835,-15.116211,0.2965727],"to":[29.256834,12.883789,21.296574],"faces":{"east":{"uv":[13.0,11.375,16.0,15.0],"tintindex":-2,"rotation":0,"texture":"#0"},"south":{"uv":[13.0,11.25,16.0,14.75],"tintindex":-2,"rotation":0,"texture":"#0"},"north":{"uv":[13.0,11.25,16.0,14.875],"tintindex":-2,"rotation":0,"texture":"#0"},"west":{"uv":[13.0,11.25,16.0,14.875],"tintindex":-2,"rotation":0,"texture":"#0"},"up":{"uv":[14.0,11.25,16.0,12.75],"tintindex":-2,"rotation":180,"texture":"#0"}}}],"display":{"gui":{"rotation":[30,225,0]}}}