{"textures":{"0":"modelengine:entity/wollymammoth"},"elements":[{"from":[4.5,-4.477212,6.7395287],"to":[11.5,4.522789,11.239528],"faces":{"east":{"uv":[11.5,8.625,11.9375,10.625],"tintindex":-2,"rotation":0,"texture":"#0"},"south":{"uv":[11.5,8.625,11.9375,10.625],"tintindex":-2,"rotation":0,"texture":"#0"},"north":{"uv":[11.5,8.625,11.9375,10.625],"tintindex":-2,"rotation":0,"texture":"#0"},"west":{"uv":[11.5,8.625,11.9375,10.625],"tintindex":-2,"rotation":0,"texture":"#0"},"up":{"uv":[11.5,10.375,11.9375,10.75],"tintindex":-2,"rotation":0,"texture":"#0"},"down":{"uv":[11.5,10.125,11.9375,10.875],"tintindex":-2,"rotation":0,"texture":"#0"}}}],"display":{"gui":{"rotation":[30,225,0]}}}