{"textures":{"0":"tfc:textures/entity/animal/crocodile"},"elements":[{"from":[3.0,14.25,0.0],"to":[3.0,15.25,18.0],"faces":{"east":{"uv":[0.0,6.125,2.25,6.25],"tintindex":-2,"rotation":0,"texture":"#0"},"west":{"uv":[2.25,6.125,4.5,6.25],"tintindex":-2,"rotation":0,"texture":"#0"}}},{"from":[1.0,4.25,0.0],"to":[15.0,14.25,21.0],"faces":{"east":{"uv":[0.0,2.625,2.625,3.875],"tintindex":-2,"rotation":0,"texture":"#0"},"south":{"uv":[7.0,2.625,8.75,3.875],"tintindex":-2,"rotation":0,"texture":"#0"},"north":{"uv":[2.625,2.625,4.375,3.875],"tintindex":-2,"rotation":0,"texture":"#0"},"west":{"uv":[4.375,2.625,7.0,3.875],"tintindex":-2,"rotation":0,"texture":"#0"},"up":{"uv":[4.375,2.625,2.625,0.0],"tintindex":-2,"rotation":0,"texture":"#0"},"down":{"uv":[6.125,0.0,4.375,2.625],"tintindex":-2,"rotation":0,"texture":"#0"}}},{"from":[13.0,14.25,0.0],"to":[13.0,15.25,18.0],"faces":{"east":{"uv":[0.0,6.25,2.25,6.375],"tintindex":-2,"rotation":0,"texture":"#0"},"west":{"uv":[2.25,6.25,4.5,6.375],"tintindex":-2,"rotation":0,"texture":"#0"}}}],"display":{"gui":{"rotation":[30,225,0]}}}