{"textures":{"0":"tfc:textures/entity/animal/crocodile"},"elements":[{"from":[7.9,6.9778996,1.0],"to":[7.9,8.9779,17.0],"faces":{"east":{"uv":[10.375,12.625,12.375,12.875],"tintindex":-2,"rotation":0,"texture":"#0"},"west":{"uv":[12.375,12.625,14.375,12.875],"tintindex":-2,"rotation":0,"texture":"#0"}}},{"from":[13.1,6.9778996,1.0],"to":[13.1,8.9779,17.0],"faces":{"east":{"uv":[10.375,12.625,12.375,12.875],"tintindex":-2,"rotation":0,"texture":"#0"},"west":{"uv":[12.375,12.625,14.375,12.875],"tintindex":-2,"rotation":0,"texture":"#0"}}}],"display":{"gui":{"rotation":[30,225,0]}}}