{"textures":{"0":"tfc:textures/entity/animal/crocodile"},"elements":[{"from":[4.0,6.1,11.0],"to":[12.0,13.1,26.0],"faces":{"east":{"uv":[0.0,12.25,1.875,13.125],"tintindex":-2,"rotation":0,"texture":"#0"},"south":{"uv":[4.75,12.25,5.75,13.125],"tintindex":-2,"rotation":0,"texture":"#0"},"north":{"uv":[1.875,12.25,2.875,13.125],"tintindex":-2,"rotation":0,"texture":"#0"},"west":{"uv":[2.875,12.25,4.75,13.125],"tintindex":-2,"rotation":0,"texture":"#0"},"up":{"uv":[2.875,12.25,1.875,10.375],"tintindex":-2,"rotation":0,"texture":"#0"},"down":{"uv":[3.875,10.375,2.875,12.25],"tintindex":-2,"rotation":0,"texture":"#0"}}},{"from":[10.0,13.0,13.0],"to":[10.0,14.0,25.0],"faces":{"east":{"uv":[-0.375,1.25,1.125,1.375],"tintindex":-2,"rotation":0,"texture":"#0"},"west":{"uv":[1.125,1.25,2.625,1.375],"tintindex":-2,"rotation":0,"texture":"#0"}}},{"from":[6.0,13.0,13.0],"to":[6.0,14.0,25.0],"faces":{"east":{"uv":[-0.375,1.125,1.125,1.25],"tintindex":-2,"rotation":0,"texture":"#0"},"west":{"uv":[1.125,1.125,2.625,1.25],"tintindex":-2,"rotation":0,"texture":"#0"}}}],"display":{"gui":{"rotation":[30,225,0]}}}