{"overrides":[{"predicate":{"custom_model_data":1},"model":"modelengine:black_bear/head_grizzly"},{"predicate":{"custom_model_data":2},"model":"modelengine:black_bear/leg1_grizzly"},{"predicate":{"custom_model_data":3},"model":"modelengine:black_bear/leg4_grizzly"},{"predicate":{"custom_model_data":4},"model":"modelengine:black_bear/leg2_grizzly"},{"predicate":{"custom_model_data":5},"model":"modelengine:black_bear/leg3_grizzly"},{"predicate":{"custom_model_data":6},"model":"modelengine:black_bear/head_grizzly2"},{"predicate":{"custom_model_data":7},"model":"modelengine:black_bear/rotation_grizzly"},{"predicate":{"custom_model_data":8},"model":"modelengine:crocodile/tail1"},{"predicate":{"custom_model_data":9},"model":"modelengine:crocodile/right_front_leg"},{"predicate":{"custom_model_data":10},"model":"modelengine:crocodile/right_hind_leg"},{"predicate":{"custom_model_data":11},"model":"modelengine:crocodile/bone"},{"predicate":{"custom_model_data":12},"model":"modelengine:crocodile/left_hind_leg"},{"predicate":{"custom_model_data":13},"model":"modelengine:crocodile/body"},{"predicate":{"custom_model_data":14},"model":"modelengine:crocodile/left_front_leg"},{"predicate":{"custom_model_data":15},"model":"modelengine:crocodile/bone5"},{"predicate":{"custom_model_data":16},"model":"modelengine:crocodile/bone4"},{"predicate":{"custom_model_data":17},"model":"modelengine:crocodile/bone3"},{"predicate":{"custom_model_data":18},"model":"modelengine:crocodile/bone2"},{"predicate":{"custom_model_data":19},"model":"modelengine:crocodile/bone6"},{"predicate":{"custom_model_data":20},"model":"modelengine:elephant/body_normal"},{"predicate":{"custom_model_data":21},"model":"modelengine:elephant/tail"},{"predicate":{"custom_model_data":22},"model":"modelengine:elephant/front_left"},{"predicate":{"custom_model_data":23},"model":"modelengine:elephant/back_right"},{"predicate":{"custom_model_data":24},"model":"modelengine:elephant/head2"},{"predicate":{"custom_model_data":25},"model":"modelengine:elephant/front_right"},{"predicate":{"custom_model_data":26},"model":"modelengine:elephant/back_left"},{"predicate":{"custom_model_data":27},"model":"modelengine:elephant/horn_mirror"},{"predicate":{"custom_model_data":28},"model":"modelengine:elephant/horn_mirror2"},{"predicate":{"custom_model_data":29},"model":"modelengine:elephant/trunk"},{"predicate":{"custom_model_data":30},"model":"modelengine:elephant/right_ear"},{"predicate":{"custom_model_data":31},"model":"modelengine:elephant/left_ear"},{"predicate":{"custom_model_data":32},"model":"modelengine:elephant/trunk_lower"},{"predicate":{"custom_model_data":33},"model":"modelengine:gazelle/body"},{"predicate":{"custom_model_data":34},"model":"modelengine:gazelle/legfl"},{"predicate":{"custom_model_data":35},"model":"modelengine:gazelle/legbl"},{"predicate":{"custom_model_data":36},"model":"modelengine:gazelle/legfr"},{"predicate":{"custom_model_data":37},"model":"modelengine:gazelle/legbr"},{"predicate":{"custom_model_data":38},"model":"modelengine:gazelle/taila"},{"predicate":{"custom_model_data":39},"model":"modelengine:gazelle/necka"},{"predicate":{"custom_model_data":40},"model":"modelengine:gazelle/bone2"},{"predicate":{"custom_model_data":41},"model":"modelengine:gazelle/earla"},{"predicate":{"custom_model_data":42},"model":"modelengine:gazelle/earra"},{"predicate":{"custom_model_data":43},"model":"modelengine:gazelle/bone"},{"predicate":{"custom_model_data":44},"model":"modelengine:gazelle/bone3"},{"predicate":{"custom_model_data":45},"model":"modelengine:gazelle/bone7"},{"predicate":{"custom_model_data":46},"model":"modelengine:gazelle/bone8"},{"predicate":{"custom_model_data":47},"model":"modelengine:gazelle/bone5"},{"predicate":{"custom_model_data":48},"model":"modelengine:gazelle/bone4"},{"predicate":{"custom_model_data":49},"model":"modelengine:gazelle/bone6"},{"predicate":{"custom_model_data":50},"model":"modelengine:greatwhite/head"},{"predicate":{"custom_model_data":51},"model":"modelengine:greatwhite/tail"},{"predicate":{"custom_model_data":52},"model":"modelengine:greatwhite/bone5"},{"predicate":{"custom_model_data":53},"model":"modelengine:greatwhite/bone6"},{"predicate":{"custom_model_data":54},"model":"modelengine:greatwhite/body"},{"predicate":{"custom_model_data":55},"model":"modelengine:greatwhite/bone3"},{"predicate":{"custom_model_data":56},"model":"modelengine:greatwhite/bone10"},{"predicate":{"custom_model_data":57},"model":"modelengine:greatwhite/bone11"},{"predicate":{"custom_model_data":58},"model":"modelengine:greatwhite/bone7"},{"predicate":{"custom_model_data":59},"model":"modelengine:greatwhite/bone9"},{"predicate":{"custom_model_data":60},"model":"modelengine:greatwhite/bone8"},{"predicate":{"custom_model_data":61},"model":"modelengine:greatwhite/bone4"},{"predicate":{"custom_model_data":62},"model":"modelengine:grizzly_bear/head_grizzly"},{"predicate":{"custom_model_data":63},"model":"modelengine:grizzly_bear/leg1_grizzly"},{"predicate":{"custom_model_data":64},"model":"modelengine:grizzly_bear/leg4_grizzly"},{"predicate":{"custom_model_data":65},"model":"modelengine:grizzly_bear/leg2_grizzly"},{"predicate":{"custom_model_data":66},"model":"modelengine:grizzly_bear/leg3_grizzly"},{"predicate":{"custom_model_data":67},"model":"modelengine:grizzly_bear/head_grizzly2"},{"predicate":{"custom_model_data":68},"model":"modelengine:grizzly_bear/rotation_grizzly"},{"predicate":{"custom_model_data":69},"model":"modelengine:hippo/front_right_leg"},{"predicate":{"custom_model_data":70},"model":"modelengine:hippo/back_right_leg"},{"predicate":{"custom_model_data":71},"model":"modelengine:hippo/body"},{"predicate":{"custom_model_data":72},"model":"modelengine:hippo/back_left_leg"},{"predicate":{"custom_model_data":73},"model":"modelengine:hippo/front_left_leg"},{"predicate":{"custom_model_data":74},"model":"modelengine:hippo/head_rotation"},{"predicate":{"custom_model_data":75},"model":"modelengine:hippo/bone"},{"predicate":{"custom_model_data":76},"model":"modelengine:hippo/bone2"},{"predicate":{"custom_model_data":77},"model":"modelengine:lion/head"},{"predicate":{"custom_model_data":78},"model":"modelengine:lion/leg1"},{"predicate":{"custom_model_data":79},"model":"modelengine:lion/leg4"},{"predicate":{"custom_model_data":80},"model":"modelengine:lion/leg2"},{"predicate":{"custom_model_data":81},"model":"modelengine:lion/leg3"},{"predicate":{"custom_model_data":82},"model":"modelengine:lion/body"},{"predicate":{"custom_model_data":83},"model":"modelengine:lion/bone3"},{"predicate":{"custom_model_data":84},"model":"modelengine:lion/bone"},{"predicate":{"custom_model_data":85},"model":"modelengine:lion/bone2"},{"predicate":{"custom_model_data":86},"model":"modelengine:lion2/head"},{"predicate":{"custom_model_data":87},"model":"modelengine:lion2/leg1"},{"predicate":{"custom_model_data":88},"model":"modelengine:lion2/leg4"},{"predicate":{"custom_model_data":89},"model":"modelengine:lion2/leg2"},{"predicate":{"custom_model_data":90},"model":"modelengine:lion2/leg3"},{"predicate":{"custom_model_data":91},"model":"modelengine:lion2/body"},{"predicate":{"custom_model_data":92},"model":"modelengine:lion2/bone"},{"predicate":{"custom_model_data":93},"model":"modelengine:lion2/bone2"},{"predicate":{"custom_model_data":94},"model":"modelengine:rhino/bone5"},{"predicate":{"custom_model_data":95},"model":"modelengine:rhino/bone4"},{"predicate":{"custom_model_data":96},"model":"modelengine:rhino/neck2"},{"predicate":{"custom_model_data":97},"model":"modelengine:rhino/rhino_leg4"},{"predicate":{"custom_model_data":98},"model":"modelengine:rhino/rhino_leg3"},{"predicate":{"custom_model_data":99},"model":"modelengine:rhino/rhino_leg2"},{"predicate":{"custom_model_data":100},"model":"modelengine:rhino/rhino_leg1"},{"predicate":{"custom_model_data":101},"model":"modelengine:rhino/bone"},{"predicate":{"custom_model_data":102},"model":"modelengine:rhino/bone3"},{"predicate":{"custom_model_data":103},"model":"modelengine:rhino/bone2"},{"predicate":{"custom_model_data":104},"model":"modelengine:capybara/head"},{"predicate":{"custom_model_data":105},"model":"modelengine:capybara/leg1"},{"predicate":{"custom_model_data":106},"model":"modelengine:capybara/leg4"},{"predicate":{"custom_model_data":107},"model":"modelengine:capybara/leg2"},{"predicate":{"custom_model_data":108},"model":"modelengine:capybara/leg3"},{"predicate":{"custom_model_data":109},"model":"modelengine:capybara/body"}],"parent":"minecraft:item/generated","textures":{"layer0":"minecraft:item/leather_horse_armor"}}