{"overrides":[{"predicate":{"custom_model_data":1},"model":"modelengine:elephant/body_normal"},{"predicate":{"custom_model_data":2},"model":"modelengine:elephant/horn_mirror2"},{"predicate":{"custom_model_data":3},"model":"modelengine:elephant/tail"},{"predicate":{"custom_model_data":4},"model":"modelengine:elephant/front_left"},{"predicate":{"custom_model_data":5},"model":"modelengine:elephant/back_right"},{"predicate":{"custom_model_data":6},"model":"modelengine:elephant/head2"},{"predicate":{"custom_model_data":7},"model":"modelengine:elephant/front_right"},{"predicate":{"custom_model_data":8},"model":"modelengine:elephant/back_left"},{"predicate":{"custom_model_data":9},"model":"modelengine:elephant/horn_mirror"},{"predicate":{"custom_model_data":10},"model":"modelengine:elephant/trunk"},{"predicate":{"custom_model_data":11},"model":"modelengine:elephant/right_ear"},{"predicate":{"custom_model_data":12},"model":"modelengine:elephant/left_ear"},{"predicate":{"custom_model_data":13},"model":"modelengine:elephant/trunk_lower"},{"predicate":{"custom_model_data":14},"model":"modelengine:grizzly/head_grizzly"},{"predicate":{"custom_model_data":15},"model":"modelengine:grizzly/leg1_grizzly"},{"predicate":{"custom_model_data":16},"model":"modelengine:lion2/head"},{"predicate":{"custom_model_data":17},"model":"modelengine:grizzly/leg4_grizzly"},{"predicate":{"custom_model_data":18},"model":"modelengine:lion2/leg1"},{"predicate":{"custom_model_data":19},"model":"modelengine:grizzly/leg2_grizzly"},{"predicate":{"custom_model_data":20},"model":"modelengine:lion2/leg4"},{"predicate":{"custom_model_data":21},"model":"modelengine:grizzly/leg3_grizzly"},{"predicate":{"custom_model_data":22},"model":"modelengine:lion2/body"},{"predicate":{"custom_model_data":23},"model":"modelengine:grizzly/rotation_grizzly"},{"predicate":{"custom_model_data":24},"model":"modelengine:lion2/leg2"},{"predicate":{"custom_model_data":25},"model":"modelengine:crocodile/right_front_leg"},{"predicate":{"custom_model_data":26},"model":"modelengine:lion2/leg3"},{"predicate":{"custom_model_data":27},"model":"modelengine:lion2/bone"},{"predicate":{"custom_model_data":28},"model":"modelengine:lion2/bone2"},{"predicate":{"custom_model_data":29},"model":"modelengine:hippo/front_right_leg"},{"predicate":{"custom_model_data":30},"model":"modelengine:hippo/back_right_leg"},{"predicate":{"custom_model_data":31},"model":"modelengine:hippo/body"},{"predicate":{"custom_model_data":32},"model":"modelengine:hippo/back_left_leg"},{"predicate":{"custom_model_data":33},"model":"modelengine:hippo/front_left_leg"},{"predicate":{"custom_model_data":34},"model":"modelengine:hippo/head_rotation"},{"predicate":{"custom_model_data":35},"model":"modelengine:hippo/bone"},{"predicate":{"custom_model_data":36},"model":"modelengine:hippo/bone2"},{"predicate":{"custom_model_data":41},"model":"modelengine:crocodile/tail1"},{"predicate":{"custom_model_data":42},"model":"modelengine:crocodile/right_hind_leg"},{"predicate":{"custom_model_data":43},"model":"modelengine:crocodile/left_hind_leg"},{"predicate":{"custom_model_data":44},"model":"modelengine:crocodile/bone"},{"predicate":{"custom_model_data":45},"model":"modelengine:crocodile/body"},{"predicate":{"custom_model_data":46},"model":"modelengine:crocodile/left_front_leg"},{"predicate":{"custom_model_data":47},"model":"modelengine:crocodile/bone4"},{"predicate":{"custom_model_data":48},"model":"modelengine:crocodile/bone5"},{"predicate":{"custom_model_data":49},"model":"modelengine:crocodile/bone3"},{"predicate":{"custom_model_data":50},"model":"modelengine:crocodile/bone2"},{"predicate":{"custom_model_data":51},"model":"modelengine:crocodile/bone6"},{"predicate":{"custom_model_data":52},"model":"modelengine:gazelle/body"},{"predicate":{"custom_model_data":69},"model":"modelengine:rhino/bone5"},{"predicate":{"custom_model_data":70},"model":"modelengine:rhino/bone4"},{"predicate":{"custom_model_data":71},"model":"modelengine:rhino/neck2"},{"predicate":{"custom_model_data":72},"model":"modelengine:rhino/rhino_leg4"},{"predicate":{"custom_model_data":73},"model":"modelengine:rhino/rhino_leg3"},{"predicate":{"custom_model_data":74},"model":"modelengine:rhino/rhino_leg2"},{"predicate":{"custom_model_data":75},"model":"modelengine:rhino/rhino_leg1"},{"predicate":{"custom_model_data":76},"model":"modelengine:rhino/bone"},{"predicate":{"custom_model_data":77},"model":"modelengine:rhino/bone3"},{"predicate":{"custom_model_data":78},"model":"modelengine:rhino/bone2"},{"predicate":{"custom_model_data":80},"model":"modelengine:baby_mammoth/body_normal"},{"predicate":{"custom_model_data":81},"model":"modelengine:baby_mammoth/tail"},{"predicate":{"custom_model_data":82},"model":"modelengine:baby_mammoth/front_left"},{"predicate":{"custom_model_data":83},"model":"modelengine:baby_mammoth/back_right"},{"predicate":{"custom_model_data":84},"model":"modelengine:baby_mammoth/head2"},{"predicate":{"custom_model_data":85},"model":"modelengine:baby_mammoth/front_right"},{"predicate":{"custom_model_data":86},"model":"modelengine:baby_mammoth/back_left"},{"predicate":{"custom_model_data":87},"model":"modelengine:baby_mammoth/horn_mirror"},{"predicate":{"custom_model_data":88},"model":"modelengine:baby_mammoth/horn_mirror2"},{"predicate":{"custom_model_data":89},"model":"modelengine:baby_mammoth/trunk"},{"predicate":{"custom_model_data":90},"model":"modelengine:baby_mammoth/right_ear"},{"predicate":{"custom_model_data":91},"model":"modelengine:baby_mammoth/left_ear"},{"predicate":{"custom_model_data":92},"model":"modelengine:baby_mammoth/trunk_lower"},{"predicate":{"custom_model_data":98},"model":"modelengine:lion/head"},{"predicate":{"custom_model_data":99},"model":"modelengine:lion/leg1"},{"predicate":{"custom_model_data":100},"model":"modelengine:lion/leg4"},{"predicate":{"custom_model_data":101},"model":"modelengine:lion/body"},{"predicate":{"custom_model_data":102},"model":"modelengine:lion/leg2"},{"predicate":{"custom_model_data":103},"model":"modelengine:lion/leg3"},{"predicate":{"custom_model_data":104},"model":"modelengine:lion/bone3"},{"predicate":{"custom_model_data":105},"model":"modelengine:lion/bone"},{"predicate":{"custom_model_data":106},"model":"modelengine:lion/bone2"},{"predicate":{"custom_model_data":107},"model":"modelengine:greatwhite/head"},{"predicate":{"custom_model_data":108},"model":"modelengine:greatwhite/tail"},{"predicate":{"custom_model_data":109},"model":"modelengine:greatwhite/body"},{"predicate":{"custom_model_data":110},"model":"modelengine:greatwhite/bone3"},{"predicate":{"custom_model_data":111},"model":"modelengine:greatwhite/bone5"},{"predicate":{"custom_model_data":112},"model":"modelengine:greatwhite/bone6"},{"predicate":{"custom_model_data":113},"model":"modelengine:greatwhite/bone7"},{"predicate":{"custom_model_data":114},"model":"modelengine:greatwhite/bone9"},{"predicate":{"custom_model_data":115},"model":"modelengine:greatwhite/bone8"},{"predicate":{"custom_model_data":116},"model":"modelengine:greatwhite/bone10"},{"predicate":{"custom_model_data":117},"model":"modelengine:greatwhite/bone11"},{"predicate":{"custom_model_data":118},"model":"modelengine:greatwhite/bone4"},{"predicate":{"custom_model_data":119},"model":"modelengine:capybara/head"},{"predicate":{"custom_model_data":120},"model":"modelengine:capybara/leg1"},{"predicate":{"custom_model_data":121},"model":"modelengine:capybara/leg4"},{"predicate":{"custom_model_data":122},"model":"modelengine:capybara/body"},{"predicate":{"custom_model_data":123},"model":"modelengine:capybara/leg2"},{"predicate":{"custom_model_data":124},"model":"modelengine:capybara/leg3"},{"predicate":{"custom_model_data":125},"model":"modelengine:gazelle/legfl"},{"predicate":{"custom_model_data":126},"model":"modelengine:gazelle/legbl"},{"predicate":{"custom_model_data":127},"model":"modelengine:gazelle/legfr"},{"predicate":{"custom_model_data":128},"model":"modelengine:gazelle/legbr"},{"predicate":{"custom_model_data":129},"model":"modelengine:gazelle/taila"},{"predicate":{"custom_model_data":130},"model":"modelengine:gazelle/necka"},{"predicate":{"custom_model_data":131},"model":"modelengine:gazelle/bone2"},{"predicate":{"custom_model_data":132},"model":"modelengine:gazelle/earla"},{"predicate":{"custom_model_data":133},"model":"modelengine:gazelle/earra"},{"predicate":{"custom_model_data":134},"model":"modelengine:gazelle/bone"},{"predicate":{"custom_model_data":135},"model":"modelengine:gazelle/bone3"},{"predicate":{"custom_model_data":136},"model":"modelengine:gazelle/bone7"},{"predicate":{"custom_model_data":137},"model":"modelengine:gazelle/bone8"},{"predicate":{"custom_model_data":138},"model":"modelengine:gazelle/bone5"},{"predicate":{"custom_model_data":139},"model":"modelengine:gazelle/bone4"},{"predicate":{"custom_model_data":140},"model":"modelengine:gazelle/bone6"}],"parent":"minecraft:item/generated","textures":{"layer0":"minecraft:item/leather_horse_armor"}}