{"textures":{"0":"modelengine:entity/tiger"},"elements":[{"from":[4.568,17.692562,-6.926198],"to":[8.232,23.544563,-3.3621979],"faces":{"east":{"uv":[7.2000003,8.2,7.8,9.2],"tintindex":-2,"rotation":0,"texture":"#0"},"south":{"uv":[7.2000003,8.2,7.8,9.2],"tintindex":-2,"rotation":0,"texture":"#0"},"north":{"uv":[7.2000003,8.2,7.8,9.2],"tintindex":-2,"rotation":0,"texture":"#0"},"west":{"uv":[7.2000003,8.2,7.8,9.2],"tintindex":-2,"rotation":0,"texture":"#0"},"up":{"uv":[7.2000003,6.8,7.8,7.4],"tintindex":-2,"rotation":0,"texture":"#0"},"down":{"uv":[7.8,6.8,8.400001,7.4],"tintindex":-2,"rotation":0,"texture":"#0"}}}],"display":{"gui":{"rotation":[30,225,0]}}}