{"textures":{"0":"tfc:textures/entity/animal/gazelle"},"elements":[{"from":[7.5,7.0852203,7.0],"to":[8.5,8.08522,9.0],"faces":{"east":{"uv":[8.25,1.5,8.75,1.75],"tintindex":0,"rotation":0,"texture":"#0"},"south":{"uv":[9.5,1.5,9.75,1.75],"tintindex":0,"rotation":0,"texture":"#0"},"north":{"uv":[8.75,1.5,9.0,1.75],"tintindex":0,"rotation":0,"texture":"#0"},"west":{"uv":[9.0,1.5,9.5,1.75],"tintindex":0,"rotation":0,"texture":"#0"},"up":{"uv":[9.0,1.5,8.75,1.0],"tintindex":0,"rotation":0,"texture":"#0"},"down":{"uv":[9.25,1.0,9.0,1.5],"tintindex":0,"rotation":0,"texture":"#0"}}}],"display":{"gui":{"rotation":[30,225,0]}}}