{"textures":{"0":"tfc:textures/entity/animal/gazelle"},"elements":[{"from":[7.5,7.813181,6.62589],"to":[8.5,8.813181,9.62589],"faces":{"east":{"uv":[8.0,7.5,8.75,7.75],"tintindex":0,"rotation":0,"texture":"#0"},"south":{"uv":[9.75,7.5,10.0,7.75],"tintindex":0,"rotation":0,"texture":"#0"},"north":{"uv":[8.75,7.5,9.0,7.75],"tintindex":0,"rotation":0,"texture":"#0"},"west":{"uv":[9.0,7.5,9.75,7.75],"tintindex":0,"rotation":0,"texture":"#0"},"up":{"uv":[9.0,7.5,8.75,6.75],"tintindex":0,"rotation":0,"texture":"#0"},"down":{"uv":[9.25,6.75,9.0,7.5],"tintindex":0,"rotation":0,"texture":"#0"}}}],"display":{"gui":{"rotation":[30,225,0]}}}