{"textures":{"0":"tfc:textures/entity/animal/gazelle"},"elements":[{"from":[7.08716,5.003811,6.5],"to":[9.08716,8.003811,9.5],"faces":{"east":{"uv":[10.0,6.0,10.75,6.75],"tintindex":0,"rotation":0,"texture":"#0"},"south":{"uv":[12.0,6.0,12.5,6.75],"tintindex":0,"rotation":0,"texture":"#0"},"north":{"uv":[10.75,6.0,11.25,6.75],"tintindex":0,"rotation":0,"texture":"#0"},"west":{"uv":[11.25,6.0,12.0,6.75],"tintindex":0,"rotation":0,"texture":"#0"},"up":{"uv":[11.25,6.0,10.75,5.25],"tintindex":0,"rotation":0,"texture":"#0"},"down":{"uv":[11.75,5.25,11.25,6.0],"tintindex":0,"rotation":0,"texture":"#0"}}}],"display":{"gui":{"rotation":[30,225,0]}}}