{"textures":{"0":"tfc:textures/entity/animal/gazelle"},"elements":[{"from":[6.91284,7.0,7.0],"to":[7.91284,10.0,8.0],"faces":{"east":{"uv":[0.0,2.75,0.25,3.5],"tintindex":0,"rotation":0,"texture":"#0"},"south":{"uv":[0.75,2.75,1.0,3.5],"tintindex":0,"rotation":0,"texture":"#0"},"north":{"uv":[0.25,2.75,0.5,3.5],"tintindex":0,"rotation":0,"texture":"#0"},"west":{"uv":[0.5,2.75,0.75,3.5],"tintindex":0,"rotation":0,"texture":"#0"},"up":{"uv":[0.5,2.75,0.25,2.5],"tintindex":0,"rotation":0,"texture":"#0"},"down":{"uv":[0.75,2.5,0.5,2.75],"tintindex":0,"rotation":0,"texture":"#0"}}}],"display":{"gui":{"rotation":[30,225,0]}}}