{"textures":{"0":"tfc:textures/entity/animal/gazelle"},"elements":[{"from":[6.91284,7.25,7.25],"to":[7.91284,8.25,10.25],"faces":{"east":{"uv":[8.0,8.5,8.75,8.75],"tintindex":0,"rotation":0,"texture":"#0"},"south":{"uv":[9.75,8.5,10.0,8.75],"tintindex":0,"rotation":0,"texture":"#0"},"north":{"uv":[8.75,8.5,9.0,8.75],"tintindex":0,"rotation":0,"texture":"#0"},"west":{"uv":[9.0,8.5,9.75,8.75],"tintindex":0,"rotation":0,"texture":"#0"},"up":{"uv":[9.0,8.5,8.75,7.75],"tintindex":0,"rotation":0,"texture":"#0"},"down":{"uv":[9.25,7.75,9.0,8.5],"tintindex":0,"rotation":0,"texture":"#0"}}}],"display":{"gui":{"rotation":[30,225,0]}}}