{"textures":{"0":"tfc:textures/entity/animal/gazelle"},"elements":[{"from":[8.08716,7.0,7.0],"to":[9.08716,10.0,8.0],"faces":{"east":{"uv":[0.0,5.75,0.25,6.5],"tintindex":0,"rotation":0,"texture":"#0"},"south":{"uv":[0.75,5.75,1.0,6.5],"tintindex":0,"rotation":0,"texture":"#0"},"north":{"uv":[0.25,5.75,0.5,6.5],"tintindex":0,"rotation":0,"texture":"#0"},"west":{"uv":[0.5,5.75,0.75,6.5],"tintindex":0,"rotation":0,"texture":"#0"},"up":{"uv":[0.5,5.75,0.25,5.5],"tintindex":0,"rotation":0,"texture":"#0"},"down":{"uv":[0.75,5.5,0.5,5.75],"tintindex":0,"rotation":0,"texture":"#0"}}}],"display":{"gui":{"rotation":[30,225,0]}}}