{"textures":{"0":"tfc:textures/entity/animal/gazelle"},"elements":[{"from":[6.5,6.3983097,5.8154097],"to":[9.5,14.39831,9.815411],"faces":{"east":{"uv":[10.0,7.75,11.0,9.75],"tintindex":0,"rotation":0,"texture":"#0"},"south":{"uv":[12.75,7.75,13.5,9.75],"tintindex":0,"rotation":0,"texture":"#0"},"north":{"uv":[11.0,7.75,11.75,9.75],"tintindex":0,"rotation":0,"texture":"#0"},"west":{"uv":[11.75,7.75,12.75,9.75],"tintindex":0,"rotation":0,"texture":"#0"},"up":{"uv":[11.75,7.75,11.0,6.75],"tintindex":0,"rotation":0,"texture":"#0"},"down":{"uv":[12.5,6.75,11.75,7.75],"tintindex":0,"rotation":0,"texture":"#0"}}}],"display":{"gui":{"rotation":[30,225,0]}}}