{
   "providers":[
      {
         "file": "char/black.png",
         "chars": [
           ""
         ],
         "height": 1,
         "ascent": -5000,
         "type": "bitmap"
       },
      {
         "file":"char/black.png",
         "chars":[
            ""
         ],
         "height":1,
         "ascent":-5000,
         "type":"bitmap"
      },
      {
         "type":"bitmap",
         "file":"custom_ui:screens/shift.png",
         "ascent":-32768,
         "height":48,
         "chars":[
            "\uE097"
         ]
      },
      {
         "type":"bitmap",
         "file":"custom_ui:screens/shift.png",
         "ascent":-32768,
         "height":-1013,
         "chars":[
            "\uE098"
         ]
      },
      {
         "type":"bitmap",
         "file":"custom_ui:screens/shift.png",
         "ascent":-32768,
         "height":-1536,
         "chars":[
            "\uE099"
         ]
      },
      {
         "type":"bitmap",
         "file":"custom_ui:screens/welcome-screen.png",
         "ascent":25,
         "height":256,
         "chars":[
            "\uE100"
         ]
      },
      {
         "type":"bitmap",
         "file":"custom_ui:screens/background.png",
         "ascent":256,
         "height":2500,
         "chars":[
            "\uE101"
         ]
      },
      {
         "type":"bitmap",
         "file":"space:space_split.png",
         "ascent":-32768,
         "height":-3,
         "chars":[
            ""
         ]
      },
      {
         "type":"bitmap",
         "file":"space:space_split.png",
         "ascent":-32768,
         "height":-1,
         "chars":[
            ""
         ]
      },
      {
         "type":"bitmap",
         "file":"space:space_split.png",
         "ascent":-32768,
         "height":-4,
         "chars":[
            ""
         ]
      },
      {
         "type":"bitmap",
         "file":"space:space_split.png",
         "ascent":-32768,
         "height":-5,
         "chars":[
            ""
         ]
      },
      {
         "type":"bitmap",
         "file":"space:space_split.png",
         "ascent":-32768,
         "height":-6,
         "chars":[
            ""
         ]
      },
      {
         "type":"bitmap",
         "file":"space:space_split.png",
         "ascent":-32768,
         "height":-7,
         "chars":[
            ""
         ]
      },
      {
         "type":"bitmap",
         "file":"space:space_split.png",
         "ascent":-32768,
         "height":-8,
         "chars":[
            ""
         ]
      },
      {
         "type":"bitmap",
         "file":"space:space_split.png",
         "ascent":-32768,
         "height":-115,
         "chars":[
            ""
         ]
      },
      {
         "type":"bitmap",
         "file":"space:space_split.png",
         "ascent":-32768,
         "height":-10,
         "chars":[
            ""
         ]
      },
      {
         "type":"bitmap",
         "file":"space:space_split.png",
         "ascent":-32768,
         "height":-18,
         "chars":[
            ""
         ]
      },
      {
         "type":"bitmap",
         "file":"space:space_split.png",
         "ascent":-32768,
         "height":-34,
         "chars":[
            ""
         ]
      },
      {
         "type":"bitmap",
         "file":"space:space_split.png",
         "ascent":-32768,
         "height":-66,
         "chars":[
            ""
         ]
      },
      {
         "type":"bitmap",
         "file":"space:space_split.png",
         "ascent":-32768,
         "height":-130,
         "chars":[
            ""
         ]
      }, 
      {
         "type":"bitmap",
         "file":"space:space_split.png",
         "ascent":-32768,
         "height":-144,
         "chars":[
            ""
         ]
      },
      {
         "type":"bitmap",
         "file":"space:space_split.png",
         "ascent":-32768,
         "height":-258,
         "chars":[
            ""
         ]
      },
      {
         "type":"bitmap",
         "file":"space:space_split.png",
         "ascent":-32768,
         "height":-514,
         "chars":[
            ""
         ]
      },
      {
         "type":"bitmap",
         "file":"space:space_split.png",
         "ascent":-32768,
         "height":-1026,
         "chars":[
            ""
         ]
      },
      {
         "type":"bitmap",
         "file":"space:space_nosplit.png",
         "ascent":-32768,
         "height":-327,
         "chars":[
            ""
         ]
      },
      {
       "type":"bitmap",
       "file":"space:space_nosplit.png",
       "ascent":-32768,
       "height":-3,
       "chars":[
          ""
       ]
    },
      {
         "type":"bitmap",
         "file":"space:space_nosplit.png",
         "ascent":-32768,
         "height":-4,
         "chars":[
            ""
         ]
      },
      {
         "type":"bitmap",
         "file":"space:space_nosplit.png",
         "ascent":-32768,
         "height":-5,
         "chars":[
            ""
         ]
      },
      {
         "type":"bitmap",
         "file":"space:space_nosplit.png",
         "ascent":-32768,
         "height":-6,
         "chars":[
            ""
         ]
      },
      {
         "type":"bitmap",
         "file":"space:space_nosplit.png",
         "ascent":-32768,
         "height":-7,
         "chars":[
            ""
         ]
      },
      {
         "type":"bitmap",
         "file":"space:space_nosplit.png",
         "ascent":-32768,
         "height":-8,
         "chars":[
            ""
         ]
      },
      {
         "type":"bitmap",
         "file":"space:space_nosplit.png",
         "ascent":-32768,
         "height":-9,
         "chars":[
            ""
         ]
      },
      {
         "type":"bitmap",
         "file":"space:space_nosplit.png",
         "ascent":-32768,
         "height":-10,
         "chars":[
            ""
         ]
      },
      {
         "type":"bitmap",
         "file":"space:space_nosplit.png",
         "ascent":-32768,
         "height":-18,
         "chars":[
            ""
         ]
      },
      {
         "type":"bitmap",
         "file":"space:space_nosplit.png",
         "ascent":-32768,
         "height":-34,
         "chars":[
            ""
         ]
      },
      {
         "type":"bitmap",
         "file":"space:space_nosplit.png",
         "ascent":-32768,
         "height":-66,
         "chars":[
            ""
         ]
      },
      {
         "type":"bitmap",
         "file":"space:space_nosplit.png",
         "ascent":-32768,
         "height":-130,
         "chars":[
            ""
         ]
      },
      {
         "type":"bitmap",
         "file":"space:space_nosplit.png",
         "ascent":-32768,
         "height":-258,
         "chars":[
            ""
         ]
      },
      {
         "type":"bitmap",
         "file":"space:space_nosplit.png",
         "ascent":-32768,
         "height":-514,
         "chars":[
            ""
         ]
      },
      {
         "type":"bitmap",
         "file":"space:space_nosplit.png",
         "ascent":-32768,
         "height":-1026,
         "chars":[
            ""
         ]
      },
      {
         "type":"bitmap",
         "file":"space:space_split.png",
         "ascent":-32768,
         "height":0,
         "chars":[
            ""
         ]
      },
      {
         "type":"bitmap",
         "file":"space:space_split.png",
         "ascent":-32768,
         "height":1,
         "chars":[
            ""
         ]
      },
      {
         "type":"bitmap",
         "file":"space:space_split.png",
         "ascent":-32768,
         "height":2,
         "chars":[
            ""
         ]
      },
      {
         "type":"bitmap",
         "file":"space:space_split.png",
         "ascent":-32768,
         "height":3,
         "chars":[
            ""
         ]
      },
      {
         "type":"bitmap",
         "file":"space:space_split.png",
         "ascent":-32768,
         "height":4,
         "chars":[
            ""
         ]
      },
      {
         "type":"bitmap",
         "file":"space:space_split.png",
         "ascent":-32768,
         "height":5,
         "chars":[
            ""
         ]
      },
      {
         "type":"bitmap",
         "file":"space:space_split.png",
         "ascent":-32768,
         "height":6,
         "chars":[
            ""
         ]
      },
      {
         "type":"bitmap",
         "file":"space:space_split.png",
         "ascent":-32768,
         "height":7,
         "chars":[
            ""
         ]
      },
      {
         "type":"bitmap",
         "file":"space:space_split.png",
         "ascent":-32768,
         "height":15,
         "chars":[
            ""
         ]
      },
      {
         "type":"bitmap",
         "file":"space:space_split.png",
         "ascent":-32768,
         "height":31,
         "chars":[
            ""
         ]
      },
      {
         "type":"bitmap",
         "file":"space:space_split.png",
         "ascent":-32768,
         "height":63,
         "chars":[
            ""
         ]
      },
      {
         "type":"bitmap",
         "file":"space:space_split.png",
         "ascent":-32768,
         "height":127,
         "chars":[
            ""
         ]
      },
      {
         "type":"bitmap",
         "file":"space:space_split.png",
         "ascent":-32768,
         "height":255,
         "chars":[
            ""
         ]
      },
      {
         "type":"bitmap",
         "file":"space:space_split.png",
         "ascent":-32768,
         "height":511,
         "chars":[
            ""
         ]
      },
      {
         "type":"bitmap",
         "file":"space:space_split.png",
         "ascent":-32768,
         "height":1023,
         "chars":[
            ""
         ]
      },
      {
         "type":"bitmap",
         "file":"space:space_nosplit.png",
         "ascent":-32768,
         "height":0,
         "chars":[
            ""
         ]
      },
      {
         "type":"bitmap",
         "file":"space:space_nosplit.png",
         "ascent":-32768,
         "height":1,
         "chars":[
            ""
         ]
      },
      {
         "type":"bitmap",
         "file":"space:space_nosplit.png",
         "ascent":-32768,
         "height":2,
         "chars":[
            ""
         ]
      },
      {
         "type":"bitmap",
         "file":"space:space_nosplit.png",
         "ascent":-32768,
         "height":3,
         "chars":[
            ""
         ]
      },
      {
         "type":"bitmap",
         "file":"space:space_nosplit.png",
         "ascent":-32768,
         "height":4,
         "chars":[
            ""
         ]
      },
      {
         "type":"bitmap",
         "file":"space:space_nosplit.png",
         "ascent":-32768,
         "height":5,
         "chars":[
            ""
         ]
      },
      {
         "type":"bitmap",
         "file":"space:space_nosplit.png",
         "ascent":-32768,
         "height":6,
         "chars":[
            ""
         ]
      },
      {
         "type":"bitmap",
         "file":"space:space_nosplit.png",
         "ascent":-32768,
         "height":7,
         "chars":[
            ""
         ]
      },
      {
         "type":"bitmap",
         "file":"space:space_nosplit.png",
         "ascent":-32768,
         "height":15,
         "chars":[
            ""
         ]
      },
      {
         "type":"bitmap",
         "file":"space:space_nosplit.png",
         "ascent":-32768,
         "height":31,
         "chars":[
            ""
         ]
      },
      {
         "type":"bitmap",
         "file":"space:space_nosplit.png",
         "ascent":-32768,
         "height":63,
         "chars":[
            ""
         ]
      },
      {
         "type":"bitmap",
         "file":"space:space_nosplit.png",
         "ascent":-32768,
         "height":127,
         "chars":[
            ""
         ]
      },
      {
         "type":"bitmap",
         "file":"space:space_nosplit.png",
         "ascent":-32768,
         "height":255,
         "chars":[
            ""
         ]
      },
      {
         "type":"bitmap",
         "file":"space:space_nosplit.png",
         "ascent":-32768,
         "height":511,
         "chars":[
            ""
         ]
      },
      {
         "type":"bitmap",
         "file":"space:space_nosplit.png",
         "ascent":-32768,
         "height":1023,
         "chars":[
            ""
         ]
      },
      {
         "file":"custom_ui:icons/pixel_split.png",
         "chars":[
            "‌"
         ],
         "height":0,
         "ascent":0,
         "type":"bitmap"
      },
      {
         "file":"custom_ui:icons/coin.png",
         "chars":[
            ""
         ],
         "ascent":8,
         "height":10,
         "type":"bitmap"
      },
      {
         "file":"custom_ui:icons/gem.png",
         "chars":[
            ""
         ],
         "ascent":8,
         "height":10,
         "type":"bitmap"
      },
      {
         "file":"custom_ui:icons/overworld.png",
         "chars":[
            ""
         ],
         "ascent":7,
         "height":12,
         "type":"bitmap"
      },
      {
         "file":"custom_ui:icons/pixel.png",
         "chars":[
            "꤂"
         ],
         "height":2,
         "ascent":-2,
         "type":"bitmap"
      },
      {
         "file":"custom_ui:icons/pixel_split.png",
         "chars":[
            "꤁"
         ],
         "height":-3,
         "ascent":-32768,
         "type":"bitmap"
      },
      {
         "file":"char/black.png",
         "chars":[
            ""
         ],
         "height":3,
         "ascent":-5000,
         "type":"bitmap"
      },
      {
         "file":"char/black.png",
         "chars":[
            ""
         ],
         "height":4,
         "ascent":-5000,
         "type":"bitmap"
      },
      {
         "file":"char/black.png",
         "chars":[
            ""
         ],
         "height":5,
         "ascent":-5000,
         "type":"bitmap"
      },
      {
         "file":"char/black.png",
         "chars":[
            ""
         ],
         "height":6,
         "ascent":-5000,
         "type":"bitmap"
      },
      {
         "file":"char/black.png",
         "chars":[
            ""
         ],
         "height":7,
         "ascent":-5000,
         "type":"bitmap"
      },
      {
         "file":"char/black.png",
         "chars":[
            ""
         ],
         "height":15,
         "ascent":-5000,
         "type":"bitmap"
      },
      {
         "file":"char/black.png",
         "chars":[
            ""
         ],
         "height":31,
         "ascent":-5000,
         "type":"bitmap"
      },
      {
         "file":"char/black.png",
         "chars":[
            ""
         ],
         "height":63,
         "ascent":-5000,
         "type":"bitmap"
      },
      {
         "file":"char/black.png",
         "chars":[
            ""
         ],
         "height":127,
         "ascent":-5000,
         "type":"bitmap"
      },
      {
         "file":"char/black.png",
         "chars":[
            ""
         ],
         "height":256,
         "ascent":-5000,
         "type":"bitmap"
      },
      {
         "file":"char/black.png",
         "chars":[
            ""
         ],
         "height":512,
         "ascent":-5000,
         "type":"bitmap"
      },
      {
         "file":"char/black.png",
         "chars":[
            ""
         ],
         "height":1024,
         "ascent":-5000,
         "type":"bitmap"
      },
      {
         "file":"char/black.png",
         "chars":[
            ""
         ],
         "height":-3,
         "ascent":-5000,
         "type":"bitmap"
      },
      {
         "file":"char/black.png",
         "chars":[
            ""
         ],
         "height":-4,
         "ascent":-5000,
         "type":"bitmap"
      },
      {
         "file":"char/black.png",
         "chars":[
            ""
         ],
         "height":-5,
         "ascent":-5000,
         "type":"bitmap"
      },
      {
         "file":"char/black.png",
         "chars":[
            ""
         ],
         "height":-6,
         "ascent":-5000,
         "type":"bitmap"
      },
      {
         "file":"char/black.png",
         "chars":[
            ""
         ],
         "height":-7,
         "ascent":-5000,
         "type":"bitmap"
      },
      {
         "file":"char/black.png",
         "chars":[
            ""
         ],
         "height":-8,
         "ascent":-5000,
         "type":"bitmap"
      },
      {
         "file":"char/black.png",
         "chars":[
            ""
         ],
         "height":-9,
         "ascent":-5000,
         "type":"bitmap"
      },
      {
         "file":"char/black.png",
         "chars":[
            ""
         ],
         "height":-10,
         "ascent":-5000,
         "type":"bitmap"
      },
      {
         "type":"space",
         "advances":{
            " ":4,
            "\uE200":-8
         }
      },
      {
         "file":"char/black.png",
         "chars":[
            ""
         ],
         "height":-18,
         "ascent":-5000,
         "type":"bitmap"
      },
      {
         "file":"char/black.png",
         "chars":[
            ""
         ],
         "height":-34,
         "ascent":-5000,
         "type":"bitmap"
      },
      {
         "file":"char/black.png",
         "chars":[
            ""
         ],
         "height":-66,
         "ascent":-5000,
         "type":"bitmap"
      },
      {
         "file":"char/black.png",
         "chars":[
            ""
         ],
         "height":-130,
         "ascent":-5000,
         "type":"bitmap"
      },
      {
         "file":"char/black.png",
         "chars":[
            ""
         ],
         "height":-259,
         "ascent":-5000,
         "type":"bitmap"
      },
      {
         "file":"char/black.png",
         "chars":[
            ""
         ],
         "height":-515,
         "ascent":-5000,
         "type":"bitmap"
      },
      {
         "file":"char/black.png",
         "chars":[
            ""
         ],
         "height":-1027,
         "ascent":-5000,
         "type":"bitmap"
      },
      {
       "file":"custom_ui:titles/menu_banner.png",
       "chars":[
          ""
       ],
       "height":236,
       "ascent":-10,
       "type":"bitmap"
      },
      {
       "file":"custom_ui:titles/survival.png",
       "chars":[
          ""
       ],
       "height":50,
       "ascent":15,
       "type":"bitmap"
      },
      {
         "file":"custom_ui:titles/survival.png",
         "chars":[
            "젵"
         ],
         "height":30,
         "ascent":15,
         "type":"bitmap"
      },
      {
         "file":"custom_ui:tags/npc.png",
         "chars":[
            ""
         ],
         "height":7,
         "ascent":7,
         "type":"bitmap"
      },
      {
         "file":"custom_ui:tags/afk.png",
         "chars":[
            ""
         ],
         "height":7,
         "ascent":7,
         "type":"bitmap"
      },
      {
         "file":"custom_ui:tags/wanted.png",
         "chars":[
            ""
         ],
         "height":7,
         "ascent":7,
         "type":"bitmap"
      },
      {
         "file":"custom_ui:tags/announcement.png",
         "chars":[
            ""
         ],
         "height":7,
         "ascent":7,
         "type":"bitmap"
      },
      {
         "file":"custom_ui:tags/locked.png",
         "chars":[
            ""
         ],
         "height":7,
         "ascent":7,
         "type":"bitmap"
      },
      {
         "file":"custom_ui:tags/unlocked.png",
         "chars":[
            ""
         ],
         "height":7,
         "ascent":7,
         "type":"bitmap"
      },
      {
         "file":"custom_ui:icons/clicks.png",
         "chars":[
            ""
         ],
         "height":8,
         "ascent":8,
         "type":"bitmap"
      },
      {
         "file":"custom_ui:icons/compass.png",
         "chars":[
            ""
         ],
         "height":12,
         "ascent":9,
         "type":"bitmap"
      },
      {
         "file":"custom_ui:icons/earth.png",
         "chars":[
            ""
         ],
         "height":12,
         "ascent":9,
         "type":"bitmap"
      },
      {
         "file":"custom_ui:icons/yes.png",
         "chars":[
            ""
         ],
         "height":14,
         "ascent":12,
         "type":"bitmap"
      },
      {
         "file":"custom_ui:icons/no.png",
         "chars":[
            ""
         ],
         "height":12,
         "ascent":9,
         "type":"bitmap"
      },
      {
         "file":"custom_ui:icons/gravekeeper.png",
         "chars":[
            ""
         ],
         "height":8,
         "ascent":8,
         "type":"bitmap"
      },
      {
         "file":"custom_ui:icons/shift.png",
         "chars":[
            ""
         ],
         "height":11,
         "ascent":8,
         "type":"bitmap"
      },
      {
         "file":"custom_ui:icons/exclamation_yellow.png",
         "chars":[
            ""
         ],
         "height":7,
         "ascent":7,
         "type":"bitmap"
      },
      {
         "file":"custom_ui:icons/exclamation_red.png",
         "chars":[
            ""
         ],
         "height":7,
         "ascent":7,
         "type":"bitmap"
      },
      {
         "file":"custom_ui:icons/exclamation_green.png",
         "chars":[
            ""
         ],
         "height":7,
         "ascent":7,
         "type":"bitmap"
      },
      {
         "file":"custom_ui:icons/exclamation_blue.png",
         "chars":[
            ""
         ],
         "height":7,
         "ascent":7,
         "type":"bitmap"
      },
      {
         "file":"custom_ui:icons/exclamation_purple.png",
         "chars":[
            ""
         ],
         "height":7,
         "ascent":7,
         "type":"bitmap"
      },
      {
         "file":"custom_ui:icons/speech.png",
         "chars":[
            ""
         ],
         "height":9,
         "ascent":8,
         "type":"bitmap"
      },
      {
         "file":"custom_ui:tags/tier_tags/common.png",
         "chars":[
            ""
         ],
         "height":7,
         "ascent":7,
         "type":"bitmap"
      },
      {
         "file":"custom_ui:tags/tier_tags/uncommon.png",
         "chars":[
            ""
         ],
         "height":7,
         "ascent":7,
         "type":"bitmap"
      },
      {
         "file":"custom_ui:tags/tier_tags/rare.png",
         "chars":[
            ""
         ],
         "height":7,
         "ascent":7,
         "type":"bitmap"
      },
      {
         "file":"custom_ui:tags/tier_tags/epic.png",
         "chars":[
            ""
         ],
         "height":7,
         "ascent":7,
         "type":"bitmap"
      },
      {
         "file":"custom_ui:tags/tier_tags/legendary.png",
         "chars":[
            ""
         ],
         "height":7,
         "ascent":7,
         "type":"bitmap"
      },
      {
         "file":"custom_ui:tags/tier_tags/mythical.png",
         "chars":[
            ""
         ],
         "height":7,
         "ascent":7,
         "type":"bitmap"
      },
      {
         "file":"custom_ui:custom_gui/menu_crate_preview.png",
         "chars":[
            "ꎆ"
         ],
         "height":256,
         "ascent":19,
         "type":"bitmap"
      },
      {
         "file":"custom_ui:custom_gui/menu_rewards.png",
         "chars":[
            "ꎈ"
         ],
         "height":256,
         "ascent":19,
         "type":"bitmap"
      },
      {
         "file":"custom_ui:custom_gui/menu_poses.png",
         "chars":[
            "ꎉ"
         ],
         "height":256,
         "ascent":19,
         "type":"bitmap"
      },
      {
         "file":"custom_ui:icons/compass_background.png",
         "chars":[
            "ꎏ"
         ],
         "height":9,
         "ascent":8,
         "type":"bitmap"
      },
      {
         "file":"custom_ui:custom_gui/kits/menu_kits.png",
         "chars":[
            "侐"
         ],
         "height":256,
         "ascent":19,
         "type":"bitmap"
      },
      {
         "file":"custom_ui:custom_gui/kits/menu_kits_preview.png",
         "chars":[
            ""
         ],
         "height":256,
         "ascent":19,
         "type":"bitmap"
      },
      {
         "file":"custom_ui:custom_gui/kits/menu_kits_buy.png",
         "chars":[
            "꣔"
         ],
         "height":256,
         "ascent":19,
         "type":"bitmap"
      },
      {
         "file":"custom_ui:custom_gui/menu_protection_shop.png",
         "chars":[
            "�"
         ],
         "height":256,
         "ascent":19,
         "type":"bitmap"
      },
      {
         "file":"custom_ui:custom_gui/upgrades/menu_upgrades.png",
         "chars":[
            ""
         ],
         "height":256,
         "ascent":19,
         "type":"bitmap"
      },
      {
         "file":"custom_ui:custom_gui/upgrades/menu_upgrades_homes.png",
         "chars":[
            ""
         ],
         "height":256,
         "ascent":19,
         "type":"bitmap"
      },
      {
         "file":"custom_ui:custom_gui/upgrades/menu_upgrades_auctions.png",
         "chars":[
            ""
         ],
         "height":256,
         "ascent":19,
         "type":"bitmap"
      },
      {
         "file":"custom_ui:custom_gui/upgrades/menu_upgrades_protection.png",
         "chars":[
            ""
         ],
         "height":256,
         "ascent":19,
         "type":"bitmap"
      },
      {
         "file":"custom_ui:custom_gui/jobs/menu_jobs.png",
         "chars":[
            "ꎧ"
         ],
         "height":256,
         "ascent":19,
         "type":"bitmap"
      },
      {
         "file":"custom_ui:custom_gui/jobs/menu_jobs_acceptwork.png",
         "chars":[
            ""
         ],
         "height":256,
         "ascent":19,
         "type":"bitmap"
      },
      {
         "file":"custom_ui:custom_gui/menu_warps.png",
         "chars":[
            "侅"
         ],
         "height":256,
         "ascent":19,
         "type":"bitmap"
      },
      {
         "file":"custom_ui:custom_gui/bounties/menu_bounties.png",
         "chars":[
            ""
         ],
         "height":256,
         "ascent":19,
         "type":"bitmap"
      },
      {
         "file":"custom_ui:custom_gui/bounties/menu_bounties_select.png",
         "chars":[
            ""
         ],
         "height":256,
         "ascent":19,
         "type":"bitmap"
      },
      {
         "file":"custom_ui:custom_gui/bounties/menu_bounties_addrem.png",
         "chars":[
            "ꎞ"
         ],
         "height":256,
         "ascent":19,
         "type":"bitmap"
      },
      {
         "file":"custom_ui:custom_gui/bounties/menu_bounties_yesno.png",
         "chars":[
            "ꎟ"
         ],
         "height":256,
         "ascent":19,
         "type":"bitmap"
      },
      {
         "file":"custom_ui:custom_gui/skills/menu_skills.png",
         "chars":[
            ""
         ],
         "height":256,
         "ascent":19,
         "type":"bitmap"
      },
      {
         "file":"custom_ui:custom_gui/skills/menu_skills_leveling.png",
         "chars":[
            ""
         ],
         "height":256,
         "ascent":19,
         "type":"bitmap"
      },
      {
         "file":"custom_ui:custom_gui/skills/menu_skills_sources.png",
         "chars":[
            ""
         ],
         "height":256,
         "ascent":19,
         "type":"bitmap"
      },
      {
         "file":"custom_ui:custom_gui/skills/menu_skills_leaderboards.png",
         "chars":[
            "ꎢ"
         ],
         "height":256,
         "ascent":19,
         "type":"bitmap"
      },
      {
         "file":"custom_ui:custom_gui/skills/menu_skills_abilities.png",
         "chars":[
            ""
         ],
         "height":256,
         "ascent":19,
         "type":"bitmap"
      },
      {
         "file":"custom_ui:custom_gui/skills/menu_skills_stats.png",
         "chars":[
            ""
         ],
         "height":256,
         "ascent":19,
         "type":"bitmap"
      },
      {
         "file":"custom_ui:custom_gui/enchantments/menu_enchantments.png",
         "chars":[
            ""
         ],
         "height":256,
         "ascent":19,
         "type":"bitmap"
      },
      {
         "file":"custom_ui:custom_gui/enchantments/menu_enchants_tinkerer.png",
         "chars":[
            "ꎍ"
         ],
         "height":256,
         "ascent":19,
         "type":"bitmap"
      },
      {
         "file":"custom_ui:custom_gui/enchantments/menu_enchants_blacksmith.png",
         "chars":[
            "ꎌ"
         ],
         "height":256,
         "ascent":19,
         "type":"bitmap"
      },
      {
         "file":"custom_ui:custom_gui/menu_menu.png",
         "chars":[
            ""
         ],
         "height":256,
         "ascent":19,
         "type":"bitmap"
      },
      {
         "file":"custom_ui:custom_gui/menu_menu_donator.png",
         "chars":[
            "ꎂ"
         ],
         "height":256,
         "ascent":19,
         "type":"bitmap"
      },
      {
         "file":"custom_ui:custom_gui/menu_rtp.png",
         "chars":[
            ""
         ],
         "height":256,
         "ascent":19,
         "type":"bitmap"
      },
      {
         "file":"custom_ui:custom_gui/menu_graves.png",
         "chars":[
            ""
         ],
         "height":256,
         "ascent":19,
         "type":"bitmap"
      },
      {
         "file":"custom_ui:custom_gui/shop/menu_shop.png",
         "chars":[
            "ꏃ"
         ],
         "height":256,
         "ascent":19,
         "type":"bitmap"
      },
      {
         "file":"custom_ui:custom_gui/shop/menu_shop_browse.png",
         "chars":[
            ""
         ],
         "height":256,
         "ascent":19,
         "type":"bitmap"
      },
      {
         "file":"custom_ui:custom_gui/shop/menu_shop_buysell.png",
         "chars":[
            "ꎡ"
         ],
         "height":256,
         "ascent":19,
         "type":"bitmap"
      },
      {
         "file":"custom_ui:custom_gui/auctions/menu_auctions.png",
         "chars":[
            "ꏁ"
         ],
         "height":256,
         "ascent":19,
         "type":"bitmap"
      },
      {
         "file":"custom_ui:custom_gui/auctions/menu_auctions_listings.png",
         "chars":[
            ""
         ],
         "height":256,
         "ascent":19,
         "type":"bitmap"
      },
      {
         "file":"custom_ui:custom_gui/auctions/menu_auctions_canceled.png",
         "chars":[
            ""
         ],
         "height":256,
         "ascent":19,
         "type":"bitmap"
      },
      {
         "file":"custom_ui:custom_gui/auctions/menu_auctions_buy.png",
         "chars":[
            ""
         ],
         "height":256,
         "ascent":19,
         "type":"bitmap"
      },
      {
         "file":"custom_ui:custom_gui/menu_merchant.png",
         "chars":[
            "ꏂ"
         ],
         "height":256,
         "ascent":19,
         "type":"bitmap"
      },
      {
         "file":"custom_ui:custom_gui/menu_servershop.png",
         "chars":[
            "ꎊ"
         ],
         "height":256,
         "ascent":19,
         "type":"bitmap"
      },
      {
         "file":"custom_ui:tags/store_ranks/vip_prefix.png",
         "chars":[
            ""
         ],
         "height":7,
         "ascent":7,
         "type":"bitmap"
      },
      {
         "file":"custom_ui:tags/store_ranks/hero_prefix.png",
         "chars":[
            ""
         ],
         "height":7,
         "ascent":7,
         "type":"bitmap"
      },
      {
         "file":"custom_ui:tags/store_ranks/god_prefix.png",
         "chars":[
            ""
         ],
         "height":7,
         "ascent":7,
         "type":"bitmap"
      },
      {
         "file":"custom_ui:tags/store_ranks/titan_prefix.png",
         "chars":[
            ""
         ],
         "height":7,
         "ascent":7,
         "type":"bitmap"
      },
      {
         "file":"custom_ui:tags/default_prefix.png",
         "chars":[
            ""
         ],
         "height":7,
         "ascent":7,
         "type":"bitmap"
      },
      {
         "file":"custom_ui:tags/staff_ranks/owner_prefix.png",
         "chars":[
            ""
         ],
         "height":7,
         "ascent":7,
         "type":"bitmap"
      },
      {
         "file":"custom_ui:tags/staff_ranks/admin_prefix.png",
         "chars":[
            ""
         ],
         "height":7,
         "ascent":7,
         "type":"bitmap"
      },
      {
         "file":"custom_ui:tags/staff_ranks/mod_prefix.png",
         "chars":[
            ""
         ],
         "height":7,
         "ascent":7,
         "type":"bitmap"
      },
      {
         "file":"custom_ui:tags/staff_ranks/manager_prefix.png",
         "chars":[
            ""
         ],
         "height":7,
         "ascent":7,
         "type":"bitmap"
      },
      {
         "file":"custom_ui:tags/media_prefix.png",
         "chars":[
            ""
         ],
         "height":7,
         "ascent":7,
         "type":"bitmap"
      },
      {
         "file":"custom_ui:tags/staff_ranks/dev_prefix.png",
         "chars":[
            ""
         ],
         "height":7,
         "ascent":7,
         "type":"bitmap"
      },



      {
         "type": "bitmap",
         "file": "realisticsurvival:actionbar/toughasnails/freezing.png",
         "ascent": -12,
         "height": 16,
         "chars": ["\uE779"]
      },
      {
         "type": "bitmap",
         "file": "realisticsurvival:actionbar/toughasnails/burning.png",
         "ascent": -12,
         "height": 16,
         "chars": ["\uE782"]
      },
      {
         "type": "bitmap",
         "file": "realisticsurvival:actionbar/toughasnails/normal.png",
         "ascent": -10,
         "height": 16,
         "chars": ["\uE783"]
      },
      {
         "type": "bitmap",
         "file": "realisticsurvival:actionbar/toughasnails/fulldrop.png",
         "ascent": -16,
         "height": 9,
         "chars": ["\uE784"]
      },
      {
         "type": "bitmap",
         "file": "realisticsurvival:actionbar/toughasnails/burning.png",
         "ascent": -12,
         "height": 16,
         "chars": ["\uE785"]
      },
      {
         "type": "bitmap",
         "file": "realisticsurvival:actionbar/toughasnails/freezing.png",
         "ascent": -12,
         "height": 16,
         "chars": ["\uE786"]
      },
      {
         "type": "bitmap",
         "file": "realisticsurvival:actionbar/toughasnails/burningview.png",
         "ascent": 150,
         "height": 300,
         "chars": ["\uE787"]
      },
      {
         "type": "bitmap",
         "file": "realisticsurvival:actionbar/toughasnails/freezingview.png",
         "ascent": 150,
         "height": 300,
         "chars": ["\uE788"]
      },
      {
         "type": "bitmap",
         "file": "realisticsurvival:actionbar/toughasnails/blankspace.png",
         "ascent": 16,
         "height": 16,
         "chars": ["\uE789"]
      },
      {
         "type": "bitmap",
         "file": "realisticsurvival:actionbar/toughasnails/halfdrop.png",
         "ascent": -16,
         "height": 9,
         "chars": ["\uE790"]
      },
      {
         "type": "bitmap",
         "file": "realisticsurvival:actionbar/toughasnails/emptydrop.png",
         "ascent": -16,
         "height": 9,
         "chars": ["\uE791"]
      },
      {
         "type": "bitmap",
         "file": "realisticsurvival:actionbar/toughasnails/parasites_fulldrop.png",
         "ascent": -16,
         "height": 9,
         "chars": ["\uE792"]
      },
      {
         "type": "bitmap",
         "file": "realisticsurvival:actionbar/toughasnails/parasites_halfdrop.png",
         "ascent": -16,
         "height": 9,
         "chars": ["\uE793"]
      },
      {
         "type": "bitmap",
         "file": "realisticsurvival:actionbar/toughasnails/parasites_fulldrop.png",
         "ascent": -6,
         "height": 9,
         "chars": ["\uE794"]
      },
      {
         "type": "bitmap",
         "file": "realisticsurvival:actionbar/toughasnails/parasites_halfdrop.png",
         "ascent": -6,
         "height": 9,
         "chars": ["\uE795"]
      },
      {
         "type": "bitmap",
         "file": "realisticsurvival:actionbar/toughasnails/6.png",
         "ascent": -12,
         "height": 16,
         "chars": ["\uE806"]
      },
      {
         "type": "bitmap",
         "file": "realisticsurvival:actionbar/toughasnails/7.png",
         "ascent": -12,
         "height": 16,
         "chars": ["\uE807"]
      },
      {
         "type": "bitmap",
         "file": "realisticsurvival:actionbar/toughasnails/8.png",
         "ascent": -12,
         "height": 16,
         "chars": ["\uE808"]
      },
      {
         "type": "bitmap",
         "file": "realisticsurvival:actionbar/toughasnails/9.png",
         "ascent": -12,
         "height": 16,
         "chars": ["\uE809"]
      },
      {
         "type": "bitmap",
         "file": "realisticsurvival:actionbar/toughasnails/10.png",
         "ascent": -12,
         "height": 16,
         "chars": ["\uE810"]
      },
      {
         "type": "bitmap",
         "file": "realisticsurvival:actionbar/toughasnails/11.png",
         "ascent": -12,
         "height": 16,
         "chars": ["\uE811"]
      },
      {
         "type": "bitmap",
         "file": "realisticsurvival:actionbar/toughasnails/12.png",
         "ascent": -12,
         "height": 16,
         "chars": ["\uE812"]
      },
      {
         "type": "bitmap",
         "file": "realisticsurvival:actionbar/toughasnails/13.png",
         "ascent": -12,
         "height": 16,
         "chars": ["\uE813"]
      },
      {
         "type": "bitmap",
         "file": "realisticsurvival:actionbar/toughasnails/14.png",
         "ascent": -12,
         "height": 16,
         "chars": ["\uE814"]
      },
      {
         "type": "bitmap",
         "file": "realisticsurvival:actionbar/toughasnails/15.png",
         "ascent": -12,
         "height": 16,
         "chars": ["\uE815"]
      },
      {
         "type": "bitmap",
         "file": "realisticsurvival:actionbar/toughasnails/16.png",
         "ascent": -12,
         "height": 16,
         "chars": ["\uE816"]
      },
      {
         "type": "bitmap",
         "file": "realisticsurvival:actionbar/toughasnails/17.png",
         "ascent": -12,
         "height": 16,
         "chars": ["\uE817"]
      },
      {
         "type": "bitmap",
         "file": "realisticsurvival:actionbar/toughasnails/18.png",
         "ascent": -12,
         "height": 16,
         "chars": ["\uE818"]
      },
      {
         "type": "bitmap",
         "file": "realisticsurvival:actionbar/toughasnails/19.png",
         "ascent": -12,
         "height": 16,
         "chars": ["\uE819"]
      },
      {
         "type": "bitmap",
         "file": "realisticsurvival:actionbar/toughasnails/fire_vignette1.png",
         "ascent": 150,
         "height": 300,
         "chars": ["\uE821"]
      },
      {
         "type": "bitmap",
         "file": "realisticsurvival:actionbar/toughasnails/fire_vignette2.png",
         "ascent": 150,
         "height": 300,
         "chars": ["\uE822"]
      },
      {
         "type": "bitmap",
         "file": "realisticsurvival:actionbar/toughasnails/fire_vignette3.png",
         "ascent": 150,
         "height": 300,
         "chars": ["\uE823"]
      },
      {
         "type": "bitmap",
         "file": "realisticsurvival:actionbar/toughasnails/fire_vignette4.png",
         "ascent": 150,
         "height": 300,
         "chars": ["\uE824"]
      },
      {
         "type": "bitmap",
         "file": "realisticsurvival:actionbar/toughasnails/fire_vignette5.png",
         "ascent": 150,
         "height": 300,
         "chars": ["\uE825"]
      },
      {
         "type": "bitmap",
         "file": "realisticsurvival:actionbar/toughasnails/halfdrop.png",
         "ascent": -6,
         "height": 9,
         "chars": ["\uE826"]
      },
      {
         "type": "bitmap",
         "file": "realisticsurvival:actionbar/toughasnails/emptydrop.png",
         "ascent": -6,
         "height": 9,
         "chars": ["\uE827"]
      },
      {
         "type": "bitmap",
         "file": "realisticsurvival:actionbar/toughasnails/fulldrop.png",
         "ascent": -6,
         "height": 9,
         "chars": ["\uE828"]
      },
      {
         "type": "bitmap",
         "file": "realisticsurvival:actionbar/toughasnails/blankspace2.png",
         "ascent": -200,
         "height": 1,
         "chars": ["\uE829"]
      },
      {
         "type": "bitmap",
         "file": "realisticsurvival:actionbar/toughasnails/youtube.png",
         "ascent": 9,
         "height": 12,
         "chars": ["\uE830"]
      },
      {
         "type": "bitmap",
         "file": "realisticsurvival:actionbar/toughasnails/ice_vignette1.png",
         "ascent": 150,
         "height": 300,
         "chars": ["\uE831"]
      },
      {
         "type": "bitmap",
         "file": "realisticsurvival:actionbar/toughasnails/ice_vignette2.png",
         "ascent": 150,
         "height": 300,
         "chars": ["\uE832"]
      },
      {
         "type": "bitmap",
         "file": "realisticsurvival:actionbar/toughasnails/ice_vignette3.png",
         "ascent": 150,
         "height": 300,
         "chars": ["\uE833"]
      },
      {
         "type": "bitmap",
         "file": "realisticsurvival:actionbar/toughasnails/ice_vignette4.png",
         "ascent": 150,
         "height": 300,
         "chars": ["\uE834"]
      },
      {
         "type": "bitmap",
         "file": "realisticsurvival:actionbar/toughasnails/ice_vignette5.png",
         "ascent": 150,
         "height": 300,
         "chars": ["\uE835"]
      }
   
   ]
 }