{"textures":{"0":"modelengine:entity/bears"},"elements":[{"from":[5.585,1.79,4.205],"to":[9.725,15.59,9.725],"faces":{"east":{"uv":[10.8125,13.5,11.3125,16.0],"tintindex":0,"rotation":0,"texture":"#0"},"south":{"uv":[12.1875,13.5,12.5625,16.0],"tintindex":0,"rotation":0,"texture":"#0"},"north":{"uv":[11.3125,13.5,11.6875,16.0],"tintindex":0,"rotation":0,"texture":"#0"},"west":{"uv":[11.6875,13.5,12.1875,16.0],"tintindex":0,"rotation":0,"texture":"#0"},"up":{"uv":[11.6875,13.5,11.3125,12.5],"tintindex":0,"rotation":0,"texture":"#0"},"down":{"uv":[12.0625,12.5,11.6875,13.5],"tintindex":0,"rotation":0,"texture":"#0"}}},{"from":[5.585,1.79,2.8249998],"to":[9.725,3.17,4.205],"faces":{"east":{"uv":[13.5,5.875,13.625,6.125],"tintindex":0,"rotation":0,"texture":"#0"},"south":{"uv":[14.125,5.875,14.5,6.125],"tintindex":0,"rotation":0,"texture":"#0"},"north":{"uv":[13.625,5.875,14.0,6.125],"tintindex":0,"rotation":0,"texture":"#0"},"west":{"uv":[14.0,5.875,14.125,6.125],"tintindex":0,"rotation":0,"texture":"#0"},"up":{"uv":[14.0,5.875,13.625,5.625],"tintindex":0,"rotation":0,"texture":"#0"},"down":{"uv":[14.375,5.625,14.0,5.875],"tintindex":0,"rotation":0,"texture":"#0"}}}],"display":{"gui":{"rotation":[30,225,0]}}}