{"textures":{"0":"modelengine:entity/rhino"},"elements":[{"from":[6.4,7.199999,-5.0],"to":[9.6,11.199999,-2.6000004],"faces":{"east":{"uv":[0.0,2.0,0.375,2.625],"tintindex":-2,"rotation":0,"texture":"#0"},"south":{"uv":[1.25,2.0,1.75,2.625],"tintindex":-2,"rotation":0,"texture":"#0"},"north":{"uv":[0.375,2.0,0.875,2.625],"tintindex":-2,"rotation":0,"texture":"#0"},"west":{"uv":[0.875,2.0,1.25,2.625],"tintindex":-2,"rotation":0,"texture":"#0"},"up":{"uv":[0.875,2.0,0.375,1.625],"tintindex":-2,"rotation":0,"texture":"#0"},"down":{"uv":[1.375,1.625,0.875,2.0],"tintindex":-2,"rotation":0,"texture":"#0"}}},{"from":[4.0,0.79999924,-8.799999],"to":[12.0,7.199999,-1.0],"faces":{"east":{"uv":[9.0,1.375,10.375,2.375],"tintindex":-2,"rotation":0,"texture":"#0"},"south":{"uv":[13.0,1.375,14.25,2.375],"tintindex":-2,"rotation":0,"texture":"#0"},"north":{"uv":[10.375,1.375,11.625,2.375],"tintindex":-2,"rotation":0,"texture":"#0"},"west":{"uv":[11.625,1.375,13.0,2.375],"tintindex":-2,"rotation":0,"texture":"#0"},"up":{"uv":[11.625,1.375,10.375,0.0],"tintindex":-2,"rotation":0,"texture":"#0"},"down":{"uv":[12.875,0.0,11.625,1.375],"tintindex":-2,"rotation":0,"texture":"#0"}}},{"from":[3.1999998,0.79999924,-1.0],"to":[12.8,14.199999,8.6],"faces":{"east":{"uv":[0.0,11.125,1.5,13.375],"tintindex":-2,"rotation":0,"texture":"#0"},"south":{"uv":[4.5,11.125,6.0,13.375],"tintindex":-2,"rotation":0,"texture":"#0"},"north":{"uv":[1.5,11.125,3.0,13.375],"tintindex":-2,"rotation":0,"texture":"#0"},"west":{"uv":[3.0,11.125,4.5,13.375],"tintindex":-2,"rotation":0,"texture":"#0"},"up":{"uv":[3.0,11.125,1.5,9.625],"tintindex":-2,"rotation":0,"texture":"#0"},"down":{"uv":[4.5,9.625,3.0,11.125],"tintindex":-2,"rotation":0,"texture":"#0"}}},{"from":[6.4,7.199999,-8.0],"to":[9.6,15.4,-4.799999],"faces":{"east":{"uv":[0.0,0.5,0.5,1.625],"tintindex":-2,"rotation":0,"texture":"#0"},"south":{"uv":[1.5,0.5,2.0,1.625],"tintindex":-2,"rotation":0,"texture":"#0"},"north":{"uv":[0.5,0.5,1.0,1.625],"tintindex":-2,"rotation":0,"texture":"#0"},"west":{"uv":[1.0,0.5,1.5,1.625],"tintindex":-2,"rotation":0,"texture":"#0"},"up":{"uv":[1.0,0.5,0.5,0.0],"tintindex":-2,"rotation":0,"texture":"#0"},"down":{"uv":[1.5,0.0,1.0,0.5],"tintindex":-2,"rotation":0,"texture":"#0"}}}],"display":{"gui":{"rotation":[30,225,0]}}}