{"textures":{"0":"tfc:textures/entity/animal/crocodile","particle":"#0"},"elements":[{"from":[6.0,6.15,16.0],"to":[10.0,12.15,30.0],"faces":{"east":{"uv":[8.875,2.75,10.625,3.5],"tintindex":0,"rotation":0,"texture":"#0"},"south":{"uv":[12.875,2.75,13.375,3.5],"tintindex":0,"rotation":0,"texture":"#0"},"north":{"uv":[10.625,2.75,11.125,3.5],"tintindex":0,"rotation":0,"texture":"#0"},"west":{"uv":[11.125,2.75,12.875,3.5],"tintindex":0,"rotation":0,"texture":"#0"},"up":{"uv":[11.125,2.75,10.625,1.0],"tintindex":0,"rotation":0,"texture":"#0"},"down":{"uv":[11.625,1.0,11.125,2.75],"tintindex":0,"rotation":0,"texture":"#0"}}},{"from":[8.0,12.0,19.0],"to":[8.0,13.0,27.0],"faces":{"east":{"uv":[0.0,1.375,1.0,1.5],"tintindex":0,"rotation":0,"texture":"#0"},"west":{"uv":[1.0,1.375,2.0,1.5],"tintindex":0,"rotation":0,"texture":"#0"}}}],"display":{"head":{"rotation":[0.0,0.0,0.0]},"firstperson_righthand":{"rotation":[0.0,0.0,0.0]},"thirdperson_lefthand":{"rotation":[0.0,-0.0,-0.0]},"firstperson_lefthand":{"rotation":[0.0,-0.0,-0.0]},"fixed":{"rotation":[0.0,0.0,0.0]},"ground":{"rotation":[0.0,0.0,0.0]},"thirdperson_righthand":{"rotation":[0.0,0.0,0.0]},"gui":{"rotation":[-150.0,-45.0,180.0]}}}