{"textures":{"0":"tfc:textures/entity/animal/crocodile","particle":"#0"},"elements":[{"from":[11.0,18.0,2.0],"to":[11.0,19.0,9.0],"faces":{"east":{"uv":[0.0,0.875,0.875,1.0],"tintindex":0,"rotation":0,"texture":"#0"},"west":{"uv":[0.875,0.875,1.75,1.0],"tintindex":0,"rotation":0,"texture":"#0"}}},{"from":[2.5,17.0,5.0],"to":[13.5,25.0,12.0],"faces":{"east":{"uv":[6.125,0.875,7.0,1.875],"tintindex":0,"rotation":0,"texture":"#0"},"south":{"uv":[9.25,0.875,10.625,1.875],"tintindex":0,"rotation":0,"texture":"#0"},"north":{"uv":[7.0,0.875,8.375,1.875],"tintindex":0,"rotation":0,"texture":"#0"},"west":{"uv":[8.375,0.875,9.25,1.875],"tintindex":0,"rotation":0,"texture":"#0"},"up":{"uv":[8.375,0.875,7.0,0.0],"tintindex":0,"rotation":0,"texture":"#0"},"down":{"uv":[9.75,0.0,8.375,0.875],"tintindex":0,"rotation":0,"texture":"#0"}}},{"from":[5.0,18.0,2.0],"to":[5.0,19.0,9.0],"faces":{"east":{"uv":[0.0,1.75,0.875,1.875],"tintindex":0,"rotation":0,"texture":"#0"},"west":{"uv":[0.875,1.75,1.75,1.875],"tintindex":0,"rotation":0,"texture":"#0"}}}],"display":{"head":{"rotation":[0.0,0.0,0.0]},"firstperson_righthand":{"rotation":[0.0,0.0,0.0]},"thirdperson_lefthand":{"rotation":[0.0,-0.0,-0.0]},"firstperson_lefthand":{"rotation":[0.0,-0.0,-0.0]},"fixed":{"rotation":[0.0,0.0,0.0]},"ground":{"rotation":[0.0,0.0,0.0]},"thirdperson_righthand":{"rotation":[0.0,0.0,0.0]},"gui":{"rotation":[-150.0,-45.0,180.0]}}}