{"textures":{"0":"tfc:textures/entity/animal/crocodile","particle":"#0"},"elements":[{"from":[11.0,15.0,8.0],"to":[11.0,16.0,18.0],"faces":{"east":{"uv":[-0.25,1.625,1.0,1.75],"tintindex":0,"rotation":0,"texture":"#0"},"west":{"uv":[1.0,1.625,2.25,1.75],"tintindex":0,"rotation":0,"texture":"#0"}}},{"from":[5.0,15.0,8.0],"to":[5.0,16.0,18.0],"faces":{"east":{"uv":[-0.25,1.5,1.0,1.625],"tintindex":0,"rotation":0,"texture":"#0"},"west":{"uv":[1.0,1.5,2.25,1.625],"tintindex":0,"rotation":0,"texture":"#0"}}},{"from":[3.0,7.05,6.0],"to":[13.0,15.05,20.0],"faces":{"east":{"uv":[2.75,8.25,4.5,9.25],"tintindex":0,"rotation":0,"texture":"#0"},"south":{"uv":[7.5,8.25,8.75,9.25],"tintindex":0,"rotation":0,"texture":"#0"},"north":{"uv":[4.5,8.25,5.75,9.25],"tintindex":0,"rotation":0,"texture":"#0"},"west":{"uv":[5.75,8.25,7.5,9.25],"tintindex":0,"rotation":0,"texture":"#0"},"up":{"uv":[5.75,8.25,4.5,6.5],"tintindex":0,"rotation":0,"texture":"#0"},"down":{"uv":[7.0,6.5,5.75,8.25],"tintindex":0,"rotation":0,"texture":"#0"}}}],"display":{"head":{"rotation":[0.0,0.0,0.0]},"firstperson_righthand":{"rotation":[0.0,0.0,0.0]},"thirdperson_lefthand":{"rotation":[0.0,-0.0,-0.0]},"firstperson_lefthand":{"rotation":[0.0,-0.0,-0.0]},"fixed":{"rotation":[0.0,0.0,0.0]},"ground":{"rotation":[0.0,0.0,0.0]},"thirdperson_righthand":{"rotation":[0.0,0.0,0.0]},"gui":{"rotation":[-150.0,-45.0,180.0]}}}