{"textures":{"0":"tfc:textures/entity/animal/crocodile","particle":"#0"},"elements":[{"from":[7.9,6.9778996,1.0],"to":[7.9,8.9779,17.0],"faces":{"east":{"uv":[10.375,12.625,12.375,12.875],"tintindex":0,"rotation":0,"texture":"#0"},"west":{"uv":[12.375,12.625,14.375,12.875],"tintindex":0,"rotation":0,"texture":"#0"}}},{"from":[13.1,6.9778996,1.0],"to":[13.1,8.9779,17.0],"faces":{"east":{"uv":[10.375,12.625,12.375,12.875],"tintindex":0,"rotation":0,"texture":"#0"},"west":{"uv":[12.375,12.625,14.375,12.875],"tintindex":0,"rotation":0,"texture":"#0"}}}],"display":{"head":{"rotation":[0.0,0.0,0.0]},"firstperson_righthand":{"rotation":[0.0,0.0,0.0]},"thirdperson_lefthand":{"rotation":[0.0,-0.0,-0.0]},"firstperson_lefthand":{"rotation":[0.0,-0.0,-0.0]},"fixed":{"rotation":[0.0,0.0,0.0]},"ground":{"rotation":[0.0,0.0,0.0]},"thirdperson_righthand":{"rotation":[0.0,0.0,0.0]},"gui":{"rotation":[-150.0,-45.0,180.0]}}}