{"textures":{"0":"tfc:textures/entity/animal/crocodile","particle":"#0"},"elements":[{"from":[8.0,3.0,2.0],"to":[12.0,5.0,7.0],"faces":{"east":{"uv":[8.25,4.875,8.875,5.125],"tintindex":0,"rotation":0,"texture":"#0"},"south":{"uv":[10.0,4.875,10.5,5.125],"tintindex":0,"rotation":0,"texture":"#0"},"north":{"uv":[8.875,4.875,9.375,5.125],"tintindex":0,"rotation":0,"texture":"#0"},"west":{"uv":[9.375,4.875,10.0,5.125],"tintindex":0,"rotation":0,"texture":"#0"},"up":{"uv":[9.375,4.875,8.875,4.25],"tintindex":0,"rotation":0,"texture":"#0"},"down":{"uv":[9.875,4.25,9.375,4.875],"tintindex":0,"rotation":0,"texture":"#0"}}},{"from":[7.0,5.0,4.0],"to":[11.0,10.0,8.0],"faces":{"east":{"uv":[8.25,5.875,8.75,6.5],"tintindex":0,"rotation":0,"texture":"#0"},"south":{"uv":[9.75,5.875,10.25,6.5],"tintindex":0,"rotation":0,"texture":"#0"},"north":{"uv":[8.75,5.875,9.25,6.5],"tintindex":0,"rotation":0,"texture":"#0"},"west":{"uv":[9.25,5.875,9.75,6.5],"tintindex":0,"rotation":0,"texture":"#0"},"up":{"uv":[9.25,5.875,8.75,5.375],"tintindex":0,"rotation":0,"texture":"#0"},"down":{"uv":[9.75,5.375,9.25,5.875],"tintindex":0,"rotation":0,"texture":"#0"}}}],"display":{"head":{"rotation":[0.0,0.0,0.0]},"firstperson_righthand":{"rotation":[0.0,0.0,0.0]},"thirdperson_lefthand":{"rotation":[0.0,-0.0,-0.0]},"firstperson_lefthand":{"rotation":[0.0,-0.0,-0.0]},"fixed":{"rotation":[0.0,0.0,0.0]},"ground":{"rotation":[0.0,0.0,0.0]},"thirdperson_righthand":{"rotation":[0.0,0.0,0.0]},"gui":{"rotation":[-150.0,-45.0,180.0]}}}