{"textures":{"0":"modelengine:entity/bison"},"elements":[{"from":[1.0,3.5,1.5],"to":[15.0,12.5,14.5],"faces":{"east":{"uv":[4.5,5.0,7.0,7.666667],"tintindex":-2,"rotation":0,"texture":"#0"},"south":{"uv":[12.5,4.666667,15.5,7.666667],"tintindex":-2,"rotation":0,"texture":"#0"},"north":{"uv":[7.0,4.666667,10.0,7.666667],"tintindex":-2,"rotation":0,"texture":"#0"},"west":{"uv":[10.0,4.666667,12.5,7.666667],"tintindex":-2,"rotation":0,"texture":"#0"},"up":{"uv":[10.0,4.666667,7.0,1.3333334],"tintindex":-2,"rotation":0,"texture":"#0"},"down":{"uv":[13.0,1.3333334,10.0,4.666667],"tintindex":-2,"rotation":0,"texture":"#0"}}}],"display":{"gui":{"rotation":[30,225,0]}}}