{"textures":{"0":"modelengine:entity/bison"},"elements":[{"from":[6.0,-4.0,5.0],"to":[10.0,5.0,10.0],"faces":{"east":{"uv":[0.0,6.666667,1.0,10.666667],"tintindex":-2,"rotation":0,"texture":"#0"},"south":{"uv":[3.0,6.666667,4.0,10.666667],"tintindex":-2,"rotation":0,"texture":"#0"},"north":{"uv":[1.0,6.666667,2.0,10.666667],"tintindex":-2,"rotation":0,"texture":"#0"},"west":{"uv":[2.0,6.666667,3.0,10.666667],"tintindex":-2,"rotation":0,"texture":"#0"},"up":{"uv":[2.0,6.666667,1.0,5.3333335],"tintindex":-2,"rotation":0,"texture":"#0"},"down":{"uv":[3.0,5.3333335,2.0,6.666667],"tintindex":-2,"rotation":0,"texture":"#0"}}}],"display":{"gui":{"rotation":[30,225,0]}}}