{"textures":{"0":"modelengine:entity/lion"},"elements":[{"from":[0.2800002,-1.1599998,2.96],"to":[15.719999,14.16,13.04],"faces":{"east":{"uv":[0.0,1.8000001,1.8000001,4.0],"tintindex":-2,"rotation":0,"texture":"#0"},"south":{"uv":[6.0,1.8000001,8.400001,4.0],"tintindex":-2,"rotation":0,"texture":"#0"},"north":{"uv":[1.8000001,1.8000001,4.2000003,4.0],"tintindex":-2,"rotation":0,"texture":"#0"},"west":{"uv":[4.2000003,1.8000001,6.0,4.0],"tintindex":-2,"rotation":0,"texture":"#0"},"up":{"uv":[4.2000003,1.8000001,1.8000001,0.0],"tintindex":-2,"rotation":0,"texture":"#0"},"down":{"uv":[6.6,0.0,4.2000003,1.8000001],"tintindex":-2,"rotation":0,"texture":"#0"}}}],"display":{"gui":{"rotation":[30,225,0]}}}