{"textures":{"0":"modelengine:entity/lion"},"elements":[{"from":[11.23568,14.471359,5.0],"to":[13.824224,17.059904,6.2942715],"faces":{"east":{"uv":[0.0,0.2,0.2,0.6],"tintindex":-2,"rotation":0,"texture":"#0"},"south":{"uv":[0.8,0.2,1.2,0.6],"tintindex":-2,"rotation":0,"texture":"#0"},"north":{"uv":[0.2,0.2,0.6,0.6],"tintindex":-2,"rotation":0,"texture":"#0"},"west":{"uv":[0.6,0.2,0.8,0.6],"tintindex":-2,"rotation":0,"texture":"#0"},"up":{"uv":[0.6,0.2,0.2,0.0],"tintindex":-2,"rotation":0,"texture":"#0"},"down":{"uv":[1.0,0.0,0.6,0.2],"tintindex":-2,"rotation":0,"texture":"#0"}}},{"from":[2.175776,14.471359,5.0],"to":[4.76432,17.059904,6.2942715],"faces":{"east":{"uv":[0.0,0.8,0.2,1.2],"tintindex":-2,"rotation":0,"texture":"#0"},"south":{"uv":[0.8,0.8,1.2,1.2],"tintindex":-2,"rotation":0,"texture":"#0"},"north":{"uv":[0.2,0.8,0.6,1.2],"tintindex":-2,"rotation":0,"texture":"#0"},"west":{"uv":[0.6,0.8,0.8,1.2],"tintindex":-2,"rotation":0,"texture":"#0"},"up":{"uv":[0.6,0.8,0.2,0.6],"tintindex":-2,"rotation":0,"texture":"#0"},"down":{"uv":[1.0,0.6,0.6,0.8],"tintindex":-2,"rotation":0,"texture":"#0"}}},{"from":[4.76432,6.9157276,1.0329113],"to":[11.23568,12.092815,4.9157276],"faces":{"east":{"uv":[8.400001,2.0,9.0,2.8],"tintindex":-2,"rotation":0,"texture":"#0"},"south":{"uv":[10.6,2.0,11.6,2.8],"tintindex":-2,"rotation":0,"texture":"#0"},"north":{"uv":[9.0,1.8000001,10.2,2.8],"tintindex":-2,"rotation":0,"texture":"#0"},"west":{"uv":[10.0,2.0,10.6,2.8],"tintindex":-2,"rotation":0,"texture":"#0"},"up":{"uv":[10.0,1.8000001,9.0,1.2],"tintindex":-2,"rotation":0,"texture":"#0"},"down":{"uv":[11.0,1.4,10.0,2.0],"tintindex":-2,"rotation":0,"texture":"#0"}}},{"from":[3.470048,6.7057276,3.7057285],"to":[12.529952,15.765633,11.47136],"faces":{"east":{"uv":[7.2000003,4.0,8.400001,5.4],"tintindex":-2,"rotation":0,"texture":"#0"},"south":{"uv":[11.0,4.0,12.400001,5.4],"tintindex":-2,"rotation":0,"texture":"#0"},"north":{"uv":[8.400001,4.0,9.8,5.4],"tintindex":-2,"rotation":0,"texture":"#0"},"west":{"uv":[9.8,4.0,11.0,5.4],"tintindex":-2,"rotation":0,"texture":"#0"},"up":{"uv":[9.8,4.0,8.400001,2.8],"tintindex":-2,"rotation":0,"texture":"#0"},"down":{"uv":[11.2,2.8,9.8,4.0],"tintindex":-2,"rotation":0,"texture":"#0"}}}],"display":{"gui":{"rotation":[30,225,0]}}}