{"textures":{"0":"modelengine:entity/lion"},"elements":[{"from":[6.88,-3.1999998,5.76],"to":[11.360001,8.0,10.24],"faces":{"east":{"uv":[0.0,8.400001,0.8,10.400001],"tintindex":-2,"rotation":0,"texture":"#0"},"south":{"uv":[2.4,8.400001,3.2,10.400001],"tintindex":-2,"rotation":0,"texture":"#0"},"north":{"uv":[0.8,8.400001,1.6,10.400001],"tintindex":-2,"rotation":0,"texture":"#0"},"west":{"uv":[1.6,8.400001,2.4,10.400001],"tintindex":-2,"rotation":0,"texture":"#0"},"up":{"uv":[1.6,8.400001,0.8,7.6],"tintindex":-2,"rotation":0,"texture":"#0"},"down":{"uv":[2.4,7.6,1.6,8.400001],"tintindex":-2,"rotation":0,"texture":"#0"}}}],"display":{"gui":{"rotation":[30,225,0]}}}