{"textures":{"0":"modelengine:entity/zebra"},"elements":[{"from":[6.0,2.0,4.5],"to":[10.0,14.0,11.5],"faces":{"east":{"uv":[0.0,10.5,1.75,13.5],"tintindex":-2,"rotation":0,"texture":"#0"},"south":{"uv":[4.5,10.5,5.5,13.5],"tintindex":-2,"rotation":0,"texture":"#0"},"north":{"uv":[1.75,10.5,2.75,13.5],"tintindex":-2,"rotation":0,"texture":"#0"},"west":{"uv":[2.75,10.5,4.5,13.5],"tintindex":-2,"rotation":0,"texture":"#0"},"up":{"uv":[2.75,10.5,1.75,8.75],"tintindex":-2,"rotation":0,"texture":"#0"},"down":{"uv":[3.75,8.75,2.75,10.5],"tintindex":-2,"rotation":0,"texture":"#0"}}}],"display":{"gui":{"rotation":[30,225,0]}}}