{"textures":{"0":"modelengine:entity/greatwhite","particle":"#0"},"elements":[{"from":[2.0,7.5,6.0],"to":[14.0,19.5,22.0],"faces":{"east":{"uv":[0.0,2.6666667,2.6666667,4.666667],"tintindex":0,"rotation":0,"texture":"#0"},"south":{"uv":[7.3333335,2.6666667,9.333334,4.666667],"tintindex":0,"rotation":0,"texture":"#0"},"north":{"uv":[2.6666667,2.6666667,4.666667,4.666667],"tintindex":0,"rotation":0,"texture":"#0"},"west":{"uv":[4.666667,2.6666667,7.3333335,4.666667],"tintindex":0,"rotation":0,"texture":"#0"},"up":{"uv":[4.666667,2.6666667,2.6666667,0.0],"tintindex":0,"rotation":0,"texture":"#0"},"down":{"uv":[6.666667,0.0,4.666667,2.6666667],"tintindex":0,"rotation":0,"texture":"#0"}}}],"display":{"head":{"rotation":[0.0,0.0,0.0]},"firstperson_righthand":{"rotation":[0.0,0.0,0.0]},"thirdperson_lefthand":{"rotation":[0.0,-0.0,-0.0]},"firstperson_lefthand":{"rotation":[0.0,-0.0,-0.0]},"fixed":{"rotation":[0.0,0.0,0.0]},"ground":{"rotation":[0.0,0.0,0.0]},"thirdperson_righthand":{"rotation":[0.0,0.0,0.0]},"gui":{"rotation":[-150.0,-45.0,180.0]}}}