{"textures":{"0":"modelengine:entity/greatwhite","particle":"#0"},"elements":[{"from":[3.0,4.3407297,3.7375402],"to":[13.0,6.34073,13.73754],"faces":{"east":{"uv":[5.0,7.166667,6.666667,7.5],"tintindex":0,"rotation":0,"texture":"#0"},"south":{"uv":[10.0,7.166667,11.666667,7.5],"tintindex":0,"rotation":0,"texture":"#0"},"north":{"uv":[6.666667,7.166667,8.333334,7.5],"tintindex":0,"rotation":0,"texture":"#0"},"west":{"uv":[8.333334,7.166667,10.0,7.5],"tintindex":0,"rotation":0,"texture":"#0"},"up":{"uv":[8.333334,7.166667,6.666667,5.5],"tintindex":0,"rotation":0,"texture":"#0"},"down":{"uv":[10.0,5.5,8.333334,7.166667],"tintindex":0,"rotation":0,"texture":"#0"}}},{"from":[3.6,6.19073,3.8375401],"to":[12.4,6.9907303,13.63754],"faces":{"east":{"uv":[6.666667,1.6666667,8.333334,1.8333334],"tintindex":0,"rotation":0,"texture":"#0"},"south":{"uv":[11.5,1.6666667,13.0,1.8333334],"tintindex":0,"rotation":0,"texture":"#0"},"north":{"uv":[8.333334,1.6666667,9.833334,1.8333334],"tintindex":0,"rotation":0,"texture":"#0"},"west":{"uv":[9.833334,1.6666667,11.5,1.8333334],"tintindex":0,"rotation":0,"texture":"#0"},"up":{"uv":[9.833334,1.6666667,8.333334,0.0],"tintindex":0,"rotation":0,"texture":"#0"},"down":{"uv":[11.333334,0.0,9.833334,1.6666667],"tintindex":0,"rotation":0,"texture":"#0"}}}],"display":{"head":{"rotation":[0.0,0.0,0.0]},"firstperson_righthand":{"rotation":[0.0,0.0,0.0]},"thirdperson_lefthand":{"rotation":[0.0,-0.0,-0.0]},"firstperson_lefthand":{"rotation":[0.0,-0.0,-0.0]},"fixed":{"rotation":[0.0,0.0,0.0]},"ground":{"rotation":[0.0,0.0,0.0]},"thirdperson_righthand":{"rotation":[0.0,0.0,0.0]},"gui":{"rotation":[-150.0,-45.0,180.0]}}}