{"textures":{"0":"modelengine:entity/greatwhite","particle":"#0"},"elements":[{"from":[7.5,4.5,4.5],"to":[8.5,12.5,11.5],"faces":{"east":{"uv":[0.0,1.3333334,1.1666667,2.6666667],"tintindex":0,"rotation":0,"texture":"#0"},"south":{"uv":[2.5,1.3333334,2.6666667,2.6666667],"tintindex":0,"rotation":0,"texture":"#0"},"north":{"uv":[1.1666667,1.3333334,1.3333334,2.6666667],"tintindex":0,"rotation":0,"texture":"#0"},"west":{"uv":[1.3333334,1.3333334,2.5,2.6666667],"tintindex":0,"rotation":0,"texture":"#0"},"up":{"uv":[1.3333334,1.3333334,1.1666667,0.16666667],"tintindex":0,"rotation":0,"texture":"#0"},"down":{"uv":[1.5,0.16666667,1.3333334,1.3333334],"tintindex":0,"rotation":0,"texture":"#0"}}}],"display":{"head":{"rotation":[0.0,0.0,0.0]},"firstperson_righthand":{"rotation":[0.0,0.0,0.0]},"thirdperson_lefthand":{"rotation":[0.0,-0.0,-0.0]},"firstperson_lefthand":{"rotation":[0.0,-0.0,-0.0]},"fixed":{"rotation":[0.0,0.0,0.0]},"ground":{"rotation":[0.0,0.0,0.0]},"thirdperson_righthand":{"rotation":[0.0,0.0,0.0]},"gui":{"rotation":[-150.0,-45.0,180.0]}}}