{"textures":{"0":"modelengine:entity/greatwhite","particle":"#0"},"elements":[{"from":[2.4460802,4.96983,7.93969],"to":[10.44608,5.96983,15.93969],"faces":{"east":{"uv":[8.0,4.666667,9.333334,4.8333335],"tintindex":0,"rotation":0,"texture":"#0"},"south":{"uv":[12.0,4.666667,13.333334,4.8333335],"tintindex":0,"rotation":0,"texture":"#0"},"north":{"uv":[9.333334,4.666667,10.666667,4.8333335],"tintindex":0,"rotation":0,"texture":"#0"},"west":{"uv":[10.666667,4.666667,12.0,4.8333335],"tintindex":0,"rotation":0,"texture":"#0"},"up":{"uv":[10.666667,4.666667,9.333334,3.3333335],"tintindex":0,"rotation":0,"texture":"#0"},"down":{"uv":[12.0,3.3333335,10.666667,4.666667],"tintindex":0,"rotation":0,"texture":"#0"}}}],"display":{"head":{"rotation":[0.0,0.0,0.0]},"firstperson_righthand":{"rotation":[0.0,0.0,0.0]},"thirdperson_lefthand":{"rotation":[0.0,-0.0,-0.0]},"firstperson_lefthand":{"rotation":[0.0,-0.0,-0.0]},"fixed":{"rotation":[0.0,0.0,0.0]},"ground":{"rotation":[0.0,0.0,0.0]},"thirdperson_righthand":{"rotation":[0.0,0.0,0.0]},"gui":{"rotation":[-150.0,-45.0,180.0]}}}