{"textures":{"0":"modelengine:entity/greatwhite","particle":"#0"},"elements":[{"from":[6.5,7.5,6.0],"to":[10.5,8.5,10.0],"faces":{"east":{"uv":[6.666667,2.5,7.3333335,2.6666667],"tintindex":0,"rotation":0,"texture":"#0"},"south":{"uv":[8.666667,2.5,9.333334,2.6666667],"tintindex":0,"rotation":0,"texture":"#0"},"north":{"uv":[7.3333335,2.5,8.0,2.6666667],"tintindex":0,"rotation":0,"texture":"#0"},"west":{"uv":[8.0,2.5,8.666667,2.6666667],"tintindex":0,"rotation":0,"texture":"#0"},"up":{"uv":[8.0,2.5,7.3333335,1.8333334],"tintindex":0,"rotation":0,"texture":"#0"},"down":{"uv":[8.666667,1.8333334,8.0,2.5],"tintindex":0,"rotation":0,"texture":"#0"}}}],"display":{"head":{"rotation":[0.0,0.0,0.0]},"firstperson_righthand":{"rotation":[0.0,0.0,0.0]},"thirdperson_lefthand":{"rotation":[0.0,-0.0,-0.0]},"firstperson_lefthand":{"rotation":[0.0,-0.0,-0.0]},"fixed":{"rotation":[0.0,0.0,0.0]},"ground":{"rotation":[0.0,0.0,0.0]},"thirdperson_righthand":{"rotation":[0.0,0.0,0.0]},"gui":{"rotation":[-150.0,-45.0,180.0]}}}