{"textures":{"0":"modelengine:entity/greatwhite"},"elements":[{"from":[5.55392,4.96983,7.93969],"to":[13.55392,5.96983,15.93969],"faces":{"east":{"uv":[8.0,4.666667,9.333334,4.8333335],"tintindex":-2,"rotation":0,"texture":"#0"},"south":{"uv":[12.0,4.666667,13.333334,4.8333335],"tintindex":-2,"rotation":0,"texture":"#0"},"north":{"uv":[9.333334,4.666667,10.666667,4.8333335],"tintindex":-2,"rotation":0,"texture":"#0"},"west":{"uv":[10.666667,4.666667,12.0,4.8333335],"tintindex":-2,"rotation":0,"texture":"#0"},"up":{"uv":[10.666667,4.666667,9.333334,3.3333335],"tintindex":-2,"rotation":0,"texture":"#0"},"down":{"uv":[12.0,3.3333335,10.666667,4.666667],"tintindex":-2,"rotation":0,"texture":"#0"}}}],"display":{"gui":{"rotation":[30,225,0]}}}