{"textures":{"0":"modelengine:entity/greatwhite","particle":"#0"},"elements":[{"from":[2.9,4.52553,5.61328],"to":[13.1,9.725531,15.81328],"faces":{"east":{"uv":[0.0,6.3333335,1.6666667,7.166667],"tintindex":0,"rotation":0,"texture":"#0"},"south":{"uv":[5.0,6.3333335,6.666667,7.166667],"tintindex":0,"rotation":0,"texture":"#0"},"north":{"uv":[1.6666667,6.3333335,3.3333335,7.166667],"tintindex":0,"rotation":0,"texture":"#0"},"west":{"uv":[3.3333335,6.3333335,5.0,7.166667],"tintindex":0,"rotation":0,"texture":"#0"},"up":{"uv":[3.3333335,6.3333335,1.6666667,4.666667],"tintindex":0,"rotation":0,"texture":"#0"},"down":{"uv":[5.0,4.666667,3.3333335,6.3333335],"tintindex":0,"rotation":0,"texture":"#0"}}},{"from":[3.6,3.8755298,5.8132796],"to":[12.4,4.67553,15.613279],"faces":{"east":{"uv":[6.666667,1.6666667,8.333334,1.8333334],"tintindex":0,"rotation":0,"texture":"#0"},"south":{"uv":[11.5,1.6666667,13.0,1.8333334],"tintindex":0,"rotation":0,"texture":"#0"},"north":{"uv":[8.333334,1.6666667,9.833334,1.8333334],"tintindex":0,"rotation":0,"texture":"#0"},"west":{"uv":[9.833334,1.6666667,11.5,1.8333334],"tintindex":0,"rotation":0,"texture":"#0"},"up":{"uv":[9.833334,1.6666667,8.333334,0.0],"tintindex":0,"rotation":0,"texture":"#0"},"down":{"uv":[11.333334,0.0,9.833334,1.6666667],"tintindex":0,"rotation":0,"texture":"#0"}}},{"from":[2.95,0.87552994,11.66328],"to":[13.05,4.97553,16.763279],"faces":{"east":{"uv":[10.0,6.5,10.833334,7.166667],"tintindex":0,"rotation":0,"texture":"#0"},"south":{"uv":[13.333334,6.5,15.0,7.166667],"tintindex":0,"rotation":0,"texture":"#0"},"north":{"uv":[10.833334,6.5,12.5,7.166667],"tintindex":0,"rotation":0,"texture":"#0"},"west":{"uv":[12.5,6.5,13.333334,7.166667],"tintindex":0,"rotation":0,"texture":"#0"},"up":{"uv":[12.5,6.5,10.833334,5.666667],"tintindex":0,"rotation":0,"texture":"#0"},"down":{"uv":[14.166667,5.666667,12.5,6.5],"tintindex":0,"rotation":0,"texture":"#0"}}}],"display":{"head":{"rotation":[0.0,0.0,0.0]},"firstperson_righthand":{"rotation":[0.0,0.0,0.0]},"thirdperson_lefthand":{"rotation":[0.0,-0.0,-0.0]},"firstperson_lefthand":{"rotation":[0.0,-0.0,-0.0]},"fixed":{"rotation":[0.0,0.0,0.0]},"ground":{"rotation":[0.0,0.0,0.0]},"thirdperson_righthand":{"rotation":[0.0,0.0,0.0]},"gui":{"rotation":[-150.0,-45.0,180.0]}}}