{"textures":{"0":"modelengine:entity/greatwhite","particle":"#0"},"elements":[{"from":[4.0,4.35,4.3],"to":[12.0,6.35,11.3],"faces":{"east":{"uv":[0.0,10.333334,1.1666667,10.666667],"tintindex":0,"rotation":0,"texture":"#0"},"south":{"uv":[3.6666667,10.333334,5.0,10.666667],"tintindex":0,"rotation":0,"texture":"#0"},"north":{"uv":[1.1666667,10.333334,2.5,10.666667],"tintindex":0,"rotation":0,"texture":"#0"},"west":{"uv":[2.5,10.333334,3.6666667,10.666667],"tintindex":0,"rotation":0,"texture":"#0"},"up":{"uv":[2.5,10.333334,1.1666667,9.166667],"tintindex":0,"rotation":0,"texture":"#0"},"down":{"uv":[3.8333335,9.166667,2.5,10.333334],"tintindex":0,"rotation":0,"texture":"#0"}}}],"display":{"head":{"rotation":[0.0,0.0,0.0]},"firstperson_righthand":{"rotation":[0.0,0.0,0.0]},"thirdperson_lefthand":{"rotation":[0.0,-0.0,-0.0]},"firstperson_lefthand":{"rotation":[0.0,-0.0,-0.0]},"fixed":{"rotation":[0.0,0.0,0.0]},"ground":{"rotation":[0.0,0.0,0.0]},"thirdperson_righthand":{"rotation":[0.0,0.0,0.0]},"gui":{"rotation":[-150.0,-45.0,180.0]}}}