{"textures":{"0":"modelengine:entity/slimeguard"},"elements":[{"from":[3.0,-4.0,5.5],"to":[13.0,8.0,10.5],"faces":{"east":{"uv":[5.0,5.25,6.25,8.25],"tintindex":-2,"rotation":0,"texture":"#0"},"south":{"uv":[10.0,5.25,12.5,8.25],"tintindex":-2,"rotation":0,"texture":"#0"},"north":{"uv":[6.25,5.25,8.75,8.25],"tintindex":-2,"rotation":0,"texture":"#0"},"west":{"uv":[8.75,5.25,10.0,8.25],"tintindex":-2,"rotation":0,"texture":"#0"},"up":{"uv":[8.75,5.25,6.25,4.0],"tintindex":-2,"rotation":0,"texture":"#0"},"down":{"uv":[11.25,4.0,8.75,5.25],"tintindex":-2,"rotation":0,"texture":"#0"}}}],"display":{"gui":{"rotation":[30,225,0]}}}