{"textures":{"0":"modelengine:entity/slimeguard"},"elements":[{"from":[5.0,5.0,5.0],"to":[11.0,11.0,11.0],"faces":{"east":{"uv":[10.0,14.5,11.5,16.0],"tintindex":-2,"rotation":0,"texture":"#0"},"south":{"uv":[14.5,14.5,16.0,16.0],"tintindex":-2,"rotation":0,"texture":"#0"},"north":{"uv":[11.5,14.5,13.0,16.0],"tintindex":-2,"rotation":0,"texture":"#0"},"west":{"uv":[13.0,14.5,14.5,16.0],"tintindex":-2,"rotation":0,"texture":"#0"},"up":{"uv":[13.0,14.5,11.5,13.0],"tintindex":-2,"rotation":0,"texture":"#0"},"down":{"uv":[14.5,13.0,13.0,14.5],"tintindex":-2,"rotation":0,"texture":"#0"}}},{"from":[5.1099997,5.4400005,5.47],"to":[10.11,10.440001,10.47],"faces":{"east":{"uv":[13.0,12.25,13.75,13.0],"tintindex":-2,"rotation":0,"texture":"#0"},"south":{"uv":[15.25,12.25,16.0,13.0],"tintindex":-2,"rotation":0,"texture":"#0"},"north":{"uv":[13.75,12.25,14.5,13.0],"tintindex":-2,"rotation":0,"texture":"#0"},"west":{"uv":[14.5,12.25,15.25,13.0],"tintindex":-2,"rotation":0,"texture":"#0"},"up":{"uv":[14.5,12.25,13.75,11.5],"tintindex":-2,"rotation":0,"texture":"#0"},"down":{"uv":[15.25,11.5,14.5,12.25],"tintindex":-2,"rotation":0,"texture":"#0"}}}],"display":{"gui":{"rotation":[30,225,0]}}}