{"textures":{"0":"modelengine:entity/slimeguard"},"elements":[{"from":[4.0,9.5,4.0],"to":[12.0,17.5,12.0],"faces":{"east":{"uv":[0.0,2.0,2.0,4.0],"tintindex":-2,"rotation":0,"texture":"#0"},"south":{"uv":[6.0,2.0,8.0,4.0],"tintindex":-2,"rotation":0,"texture":"#0"},"north":{"uv":[2.0,2.0,4.0,4.0],"tintindex":-2,"rotation":0,"texture":"#0"},"west":{"uv":[4.0,2.0,6.0,4.0],"tintindex":-2,"rotation":0,"texture":"#0"},"up":{"uv":[4.0,2.0,2.0,0.0],"tintindex":-2,"rotation":0,"texture":"#0"},"down":{"uv":[6.0,0.0,4.0,2.0],"tintindex":-2,"rotation":0,"texture":"#0"}}},{"from":[3.0,8.0,3.0],"to":[13.0,18.0,13.0],"faces":{"east":{"uv":[0.0,13.5,2.5,16.0],"tintindex":-2,"rotation":0,"texture":"#0"},"south":{"uv":[7.5,13.5,10.0,16.0],"tintindex":-2,"rotation":0,"texture":"#0"},"north":{"uv":[2.5,13.5,5.0,16.0],"tintindex":-2,"rotation":0,"texture":"#0"},"west":{"uv":[5.0,13.5,7.5,16.0],"tintindex":-2,"rotation":0,"texture":"#0"},"up":{"uv":[5.0,13.5,2.5,11.0],"tintindex":-2,"rotation":0,"texture":"#0"},"down":{"uv":[7.5,11.0,5.0,13.5],"tintindex":-2,"rotation":0,"texture":"#0"}}}],"display":{"gui":{"rotation":[30,225,0]}}}