{"textures":{"0":"modelengine:entity/slimeguard"},"elements":[{"from":[3.5,1.0,6.0],"to":[7.5,7.0,10.0],"faces":{"east":{"uv":[8.0,2.5,9.0,4.0],"tintindex":-2,"rotation":0,"texture":"#0"},"south":{"uv":[11.0,2.5,12.0,4.0],"tintindex":-2,"rotation":0,"texture":"#0"},"north":{"uv":[9.0,2.5,10.0,4.0],"tintindex":-2,"rotation":0,"texture":"#0"},"west":{"uv":[10.0,2.5,11.0,4.0],"tintindex":-2,"rotation":0,"texture":"#0"},"up":{"uv":[10.0,2.5,9.0,1.5],"tintindex":-2,"rotation":0,"texture":"#0"},"down":{"uv":[11.0,1.5,10.0,2.5],"tintindex":-2,"rotation":0,"texture":"#0"}}},{"from":[3.0,-2.0,5.5],"to":[8.0,1.0,10.5],"faces":{"east":{"uv":[0.0,5.25,1.25,6.0],"tintindex":-2,"rotation":0,"texture":"#0"},"south":{"uv":[3.75,5.25,5.0,6.0],"tintindex":-2,"rotation":0,"texture":"#0"},"north":{"uv":[1.25,5.25,2.5,6.0],"tintindex":-2,"rotation":0,"texture":"#0"},"west":{"uv":[2.5,5.25,3.75,6.0],"tintindex":-2,"rotation":0,"texture":"#0"},"up":{"uv":[2.5,5.25,1.25,4.0],"tintindex":-2,"rotation":0,"texture":"#0"},"down":{"uv":[3.75,4.0,2.5,5.25],"tintindex":-2,"rotation":0,"texture":"#0"}}},{"from":[3.0,7.0,5.5],"to":[8.0,10.0,10.5],"faces":{"east":{"uv":[0.0,5.25,1.25,6.0],"tintindex":-2,"rotation":0,"texture":"#0"},"south":{"uv":[3.75,5.25,5.0,6.0],"tintindex":-2,"rotation":0,"texture":"#0"},"north":{"uv":[1.25,5.25,2.5,6.0],"tintindex":-2,"rotation":0,"texture":"#0"},"west":{"uv":[2.5,5.25,3.75,6.0],"tintindex":-2,"rotation":0,"texture":"#0"},"up":{"uv":[2.5,5.25,1.25,4.0],"tintindex":-2,"rotation":0,"texture":"#0"},"down":{"uv":[3.75,4.0,2.5,5.25],"tintindex":-2,"rotation":0,"texture":"#0"}}}],"display":{"gui":{"rotation":[30,225,0]}}}