{"textures":{"0":"modelengine:entity/slimeguard"},"elements":[{"from":[6.1,-1.0,5.4],"to":[11.1,8.0,10.4],"faces":{"east":{"uv":[0.0,7.25,1.25,9.5],"tintindex":-2,"rotation":0,"texture":"#0"},"south":{"uv":[3.75,7.25,5.0,9.5],"tintindex":-2,"rotation":0,"texture":"#0"},"north":{"uv":[1.25,7.25,2.5,9.5],"tintindex":-2,"rotation":0,"texture":"#0"},"west":{"uv":[2.5,7.25,3.75,9.5],"tintindex":-2,"rotation":0,"texture":"#0"},"up":{"uv":[2.5,7.25,1.25,6.0],"tintindex":-2,"rotation":0,"texture":"#0"},"down":{"uv":[3.75,6.0,2.5,7.25],"tintindex":-2,"rotation":0,"texture":"#0"}}},{"from":[6.1,-4.0,5.4],"to":[11.1,-1.0,10.4],"faces":{"east":{"uv":[0.0,5.25,1.25,6.0],"tintindex":-2,"rotation":0,"texture":"#0"},"south":{"uv":[3.75,5.25,5.0,6.0],"tintindex":-2,"rotation":0,"texture":"#0"},"north":{"uv":[1.25,5.25,2.5,6.0],"tintindex":-2,"rotation":0,"texture":"#0"},"west":{"uv":[2.5,5.25,3.75,6.0],"tintindex":-2,"rotation":0,"texture":"#0"},"up":{"uv":[2.5,5.25,1.25,4.0],"tintindex":-2,"rotation":0,"texture":"#0"},"down":{"uv":[3.75,4.0,2.5,5.25],"tintindex":-2,"rotation":0,"texture":"#0"}}}],"display":{"gui":{"rotation":[30,225,0]}}}