{"textures":{"0":"modelengine:entity/smilodon"},"elements":[{"from":[11.23568,14.471359,6.0],"to":[13.824224,17.059904,7.2942724],"faces":{"east":{"uv":[0.0,0.2,0.2,0.6],"tintindex":-2,"rotation":0,"texture":"#0"},"south":{"uv":[0.8,0.2,1.2,0.6],"tintindex":-2,"rotation":0,"texture":"#0"},"north":{"uv":[0.2,0.2,0.6,0.6],"tintindex":-2,"rotation":0,"texture":"#0"},"west":{"uv":[0.6,0.2,0.8,0.6],"tintindex":-2,"rotation":0,"texture":"#0"},"up":{"uv":[0.6,0.2,0.2,0.0],"tintindex":-2,"rotation":0,"texture":"#0"},"down":{"uv":[1.0,0.0,0.6,0.2],"tintindex":-2,"rotation":0,"texture":"#0"}}},{"from":[5.76432,11.915728,0.0329113],"to":[10.23568,13.092815,3.9157276],"faces":{"east":{"uv":[8.400001,2.0,9.0,2.4],"tintindex":-2,"rotation":0,"texture":"#0"},"south":{"uv":[10.6,2.0,11.6,2.8],"tintindex":-2,"rotation":0,"texture":"#0"},"north":{"uv":[9.0,1.8000001,10.2,2.2],"tintindex":-2,"rotation":0,"texture":"#0"},"west":{"uv":[10.0,2.0,10.6,2.4],"tintindex":-2,"rotation":0,"texture":"#0"},"up":{"uv":[10.0,1.8000001,9.0,1.2],"tintindex":-2,"rotation":0,"texture":"#0"},"down":{"uv":[11.0,1.4,10.0,2.0],"tintindex":-2,"rotation":0,"texture":"#0"}},"rotation":{"origin":[8.0,12.504272,1.9743195],"angle":-22.5,"axis":"x"}},{"from":[10.0,3.8772411,1.830492],"to":[11.0,9.877241,2.830492],"faces":{"east":{"uv":[0.6,1.8000001,0.0,4.0],"tintindex":-2,"rotation":0,"texture":"#0"},"south":{"uv":[0.6,1.8000001,0.0,4.0],"tintindex":-2,"rotation":0,"texture":"#0"},"north":{"uv":[0.6,1.8000001,0.0,4.0],"tintindex":-2,"rotation":0,"texture":"#0"},"west":{"uv":[0.6,1.8000001,0.0,4.0],"tintindex":-2,"rotation":0,"texture":"#0"},"up":{"uv":[0.6,1.8000001,0.0,4.0],"tintindex":-2,"rotation":0,"texture":"#0"},"down":{"uv":[0.6,1.8000001,0.0,4.0],"tintindex":-2,"rotation":0,"texture":"#0"}},"rotation":{"origin":[11.0,7.377241,1.830492],"angle":-22.5,"axis":"x"}},{"from":[2.175776,14.471359,6.0],"to":[4.76432,17.059904,7.2942724],"faces":{"east":{"uv":[0.0,0.8,0.2,1.2],"tintindex":-2,"rotation":0,"texture":"#0"},"south":{"uv":[0.8,0.8,1.2,1.2],"tintindex":-2,"rotation":0,"texture":"#0"},"north":{"uv":[0.2,0.8,0.6,1.2],"tintindex":-2,"rotation":0,"texture":"#0"},"west":{"uv":[0.6,0.8,0.8,1.2],"tintindex":-2,"rotation":0,"texture":"#0"},"up":{"uv":[0.6,0.8,0.2,0.6],"tintindex":-2,"rotation":0,"texture":"#0"},"down":{"uv":[1.0,0.6,0.6,0.8],"tintindex":-2,"rotation":0,"texture":"#0"}}},{"from":[4.76432,8.915728,0.0329113],"to":[11.23568,12.092815,3.9157276],"faces":{"east":{"uv":[8.400001,2.0,9.0,2.4],"tintindex":-2,"rotation":0,"texture":"#0"},"south":{"uv":[10.6,2.0,11.6,2.8],"tintindex":-2,"rotation":0,"texture":"#0"},"north":{"uv":[9.0,1.8000001,10.2,2.2],"tintindex":-2,"rotation":0,"texture":"#0"},"west":{"uv":[10.0,2.0,10.6,2.4],"tintindex":-2,"rotation":0,"texture":"#0"},"up":{"uv":[10.0,1.8000001,9.0,1.2],"tintindex":-2,"rotation":0,"texture":"#0"},"down":{"uv":[11.0,1.4,10.0,2.0],"tintindex":-2,"rotation":0,"texture":"#0"}}},{"from":[5.0,3.8772411,1.830492],"to":[6.0,9.877241,2.830492],"faces":{"east":{"uv":[0.6,1.8000001,0.0,4.0],"tintindex":-2,"rotation":0,"texture":"#0"},"south":{"uv":[0.6,1.8000001,0.0,4.0],"tintindex":-2,"rotation":0,"texture":"#0"},"north":{"uv":[0.6,1.8000001,0.0,4.0],"tintindex":-2,"rotation":0,"texture":"#0"},"west":{"uv":[0.6,1.8000001,0.0,4.0],"tintindex":-2,"rotation":0,"texture":"#0"},"up":{"uv":[0.6,1.8000001,0.0,4.0],"tintindex":-2,"rotation":0,"texture":"#0"},"down":{"uv":[0.6,1.8000001,0.0,4.0],"tintindex":-2,"rotation":0,"texture":"#0"}},"rotation":{"origin":[6.0,7.377241,1.830492],"angle":-22.5,"axis":"x"}},{"from":[3.470048,6.7057276,2.7057285],"to":[12.529952,15.765633,10.47136],"faces":{"east":{"uv":[7.2000003,4.0,8.400001,5.4],"tintindex":-2,"rotation":0,"texture":"#0"},"south":{"uv":[11.0,4.0,12.400001,5.4],"tintindex":-2,"rotation":0,"texture":"#0"},"north":{"uv":[8.400001,4.0,9.8,5.4],"tintindex":-2,"rotation":0,"texture":"#0"},"west":{"uv":[9.8,4.0,11.0,5.4],"tintindex":-2,"rotation":0,"texture":"#0"},"up":{"uv":[9.8,4.0,8.400001,2.8],"tintindex":-2,"rotation":0,"texture":"#0"},"down":{"uv":[11.2,2.8,9.8,4.0],"tintindex":-2,"rotation":0,"texture":"#0"}}}],"display":{"gui":{"rotation":[30,225,0]}}}