{"textures":{"0":"modelengine:entity/zebra"},"elements":[{"from":[2.95,2.95,-3.05],"to":[13.05,13.05,19.05],"faces":{"east":{"uv":[0.0,13.5,5.5,16.0],"tintindex":-2,"rotation":0,"texture":"#0"},"south":{"uv":[13.5,13.5,16.0,16.0],"tintindex":-2,"rotation":0,"texture":"#0"},"north":{"uv":[5.5,13.5,8.0,16.0],"tintindex":-2,"rotation":0,"texture":"#0"},"west":{"uv":[8.0,13.5,13.5,16.0],"tintindex":-2,"rotation":0,"texture":"#0"},"up":{"uv":[8.0,13.5,5.5,8.0],"tintindex":-2,"rotation":0,"texture":"#0"},"down":{"uv":[10.5,8.0,8.0,13.5],"tintindex":-2,"rotation":0,"texture":"#0"}}}],"display":{"gui":{"rotation":[30,225,0]}}}