{"textures":{"0":"modelengine:entity/zebra"},"elements":[{"from":[7.0,0.0,7.0],"to":[9.0,16.0,9.0],"faces":{"east":{"uv":[14.0,9.5,14.5,13.5],"tintindex":-2,"rotation":0,"texture":"#0"},"south":{"uv":[15.5,9.5,16.0,13.5],"tintindex":-2,"rotation":0,"texture":"#0"},"north":{"uv":[14.5,9.5,15.0,13.5],"tintindex":-2,"rotation":0,"texture":"#0"},"west":{"uv":[15.0,9.5,15.5,13.5],"tintindex":-2,"rotation":0,"texture":"#0"},"up":{"uv":[15.0,9.5,14.5,9.0],"tintindex":-2,"rotation":0,"texture":"#0"},"down":{"uv":[15.5,9.0,15.0,9.5],"tintindex":-2,"rotation":0,"texture":"#0"}}}],"display":{"gui":{"rotation":[30,225,0]}}}