{"textures":{"0":"modelengine:entity/zebra"},"elements":[{"from":[5.5,8.0,10.5],"to":[7.5,11.0,11.5],"faces":{"east":{"uv":[4.75,4.25,5.0,5.0],"tintindex":-2,"rotation":0,"texture":"#0"},"south":{"uv":[5.75,4.25,6.25,5.0],"tintindex":-2,"rotation":0,"texture":"#0"},"north":{"uv":[5.0,4.25,5.5,5.0],"tintindex":-2,"rotation":0,"texture":"#0"},"west":{"uv":[5.5,4.25,5.75,5.0],"tintindex":-2,"rotation":0,"texture":"#0"},"up":{"uv":[5.5,4.25,5.0,4.0],"tintindex":-2,"rotation":0,"texture":"#0"},"down":{"uv":[6.0,4.0,5.5,4.25],"tintindex":-2,"rotation":0,"texture":"#0"}}},{"from":[8.5,8.0,10.5],"to":[10.5,11.0,11.5],"faces":{"east":{"uv":[4.75,4.25,5.0,5.0],"tintindex":-2,"rotation":0,"texture":"#0"},"south":{"uv":[5.75,4.25,6.25,5.0],"tintindex":-2,"rotation":0,"texture":"#0"},"north":{"uv":[5.0,4.25,5.5,5.0],"tintindex":-2,"rotation":0,"texture":"#0"},"west":{"uv":[5.5,4.25,5.75,5.0],"tintindex":-2,"rotation":0,"texture":"#0"},"up":{"uv":[5.5,4.25,5.0,4.0],"tintindex":-2,"rotation":0,"texture":"#0"},"down":{"uv":[6.0,4.0,5.5,4.25],"tintindex":-2,"rotation":0,"texture":"#0"}}},{"from":[5.0,4.0,4.5],"to":[11.0,9.0,11.5],"faces":{"east":{"uv":[0.0,5.0,1.75,6.25],"tintindex":-2,"rotation":0,"texture":"#0"},"south":{"uv":[5.0,5.0,6.5,6.25],"tintindex":-2,"rotation":0,"texture":"#0"},"north":{"uv":[1.75,5.0,3.25,6.25],"tintindex":-2,"rotation":0,"texture":"#0"},"west":{"uv":[3.25,5.0,5.0,6.25],"tintindex":-2,"rotation":0,"texture":"#0"},"up":{"uv":[3.25,5.0,1.75,3.25],"tintindex":-2,"rotation":0,"texture":"#0"},"down":{"uv":[4.75,3.25,3.25,5.0],"tintindex":-2,"rotation":0,"texture":"#0"}}},{"from":[6.0,4.0,-0.5],"to":[10.0,9.0,4.5],"faces":{"east":{"uv":[0.0,7.5,1.25,8.75],"tintindex":-2,"rotation":0,"texture":"#0"},"south":{"uv":[3.5,7.5,4.5,8.75],"tintindex":-2,"rotation":0,"texture":"#0"},"north":{"uv":[1.25,7.5,2.25,8.75],"tintindex":-2,"rotation":0,"texture":"#0"},"west":{"uv":[2.25,7.5,3.5,8.75],"tintindex":-2,"rotation":0,"texture":"#0"},"up":{"uv":[2.25,7.5,1.25,6.25],"tintindex":-2,"rotation":0,"texture":"#0"},"down":{"uv":[3.25,6.25,2.25,7.5],"tintindex":-2,"rotation":0,"texture":"#0"}}}],"display":{"gui":{"rotation":[30,225,0]}}}