{"textures":{"0":"modelengine:entity/zebra"},"elements":[{"from":[6.5,1.0,6.0],"to":[9.5,15.0,10.0],"faces":{"east":{"uv":[10.5,10.0,11.5,13.5],"tintindex":-2,"rotation":0,"texture":"#0"},"south":{"uv":[13.25,10.0,14.0,13.5],"tintindex":-2,"rotation":0,"texture":"#0"},"north":{"uv":[11.5,10.0,12.25,13.5],"tintindex":-2,"rotation":0,"texture":"#0"},"west":{"uv":[12.25,10.0,13.25,13.5],"tintindex":-2,"rotation":0,"texture":"#0"},"up":{"uv":[12.25,10.0,11.5,9.0],"tintindex":-2,"rotation":0,"texture":"#0"},"down":{"uv":[13.0,9.0,12.25,10.0],"tintindex":-2,"rotation":0,"texture":"#0"}}}],"display":{"gui":{"rotation":[30,225,0]}}}