{"textures":{"0":"modelengine:entity/giraffe"},"elements":[{"from":[2.0410001,5.5810003,-12.119],"to":[13.959001,17.498999,13.959001],"faces":{"east":{"uv":[0.0,13.5,5.5,16.0],"tintindex":-2,"rotation":0,"texture":"#0"},"south":{"uv":[13.5,13.5,16.0,16.0],"tintindex":-2,"rotation":0,"texture":"#0"},"north":{"uv":[5.5,13.5,8.0,16.0],"tintindex":-2,"rotation":0,"texture":"#0"},"west":{"uv":[8.0,13.5,13.5,16.0],"tintindex":-2,"rotation":0,"texture":"#0"},"up":{"uv":[8.0,13.5,5.5,8.0],"tintindex":-2,"rotation":0,"texture":"#0"},"down":{"uv":[10.5,8.0,8.0,13.5],"tintindex":-2,"rotation":0,"texture":"#0"}}},{"from":[3.699,17.44,-12.059999],"to":[12.419001,22.599998,0.19999981],"faces":{"east":{"uv":[0.0,10.5,1.75,12.5],"tintindex":-2,"rotation":0,"texture":"#0"},"south":{"uv":[4.5,10.5,5.5,12.5],"tintindex":-2,"rotation":0,"texture":"#0"},"north":{"uv":[1.75,10.5,2.75,12.5],"tintindex":-2,"rotation":0,"texture":"#0"},"west":{"uv":[2.75,10.5,4.5,12.5],"tintindex":-2,"rotation":0,"texture":"#0"},"up":{"uv":[4.75,12.5,2.0,10.5],"tintindex":-2,"rotation":0,"texture":"#0"},"down":{"uv":[3.75,8.75,2.75,10.5],"tintindex":-2,"rotation":0,"texture":"#0"}}}],"display":{"gui":{"rotation":[30,225,0]}}}