{"textures":{"0":"modelengine:entity/giraffe"},"elements":[{"from":[7.3681097,6.104328,7.3681097],"to":[8.63189,9.895668,8.631889],"faces":{"east":{"uv":[0.0,4.0,0.25,4.75],"tintindex":-2,"rotation":0,"texture":"#0"},"south":{"uv":[0.0,4.0,0.25,4.75],"tintindex":-2,"rotation":0,"texture":"#0"},"north":{"uv":[0.0,4.0,0.25,4.75],"tintindex":-2,"rotation":0,"texture":"#0"},"west":{"uv":[0.0,4.0,0.25,4.75],"tintindex":-2,"rotation":0,"texture":"#0"},"up":{"uv":[0.0,3.75,0.25,4.0],"tintindex":-2,"rotation":0,"texture":"#0"},"down":{"uv":[0.0,4.0,0.25,4.75],"tintindex":-2,"rotation":0,"texture":"#0"}}}],"display":{"gui":{"rotation":[30,225,0]}}}