{"textures":{"0":"modelengine:entity/giraffe"},"elements":[{"from":[4.46,-10.289999,5.6400003],"to":[9.18,15.67,10.36],"faces":{"east":{"uv":[12.0,6.25,13.0,9.0],"tintindex":-2,"rotation":0,"texture":"#0"},"south":{"uv":[15.0,6.25,16.0,9.0],"tintindex":-2,"rotation":0,"texture":"#0"},"north":{"uv":[13.0,6.25,14.0,9.0],"tintindex":-2,"rotation":0,"texture":"#0"},"west":{"uv":[14.0,6.25,15.0,9.0],"tintindex":-2,"rotation":0,"texture":"#0"},"up":{"uv":[14.0,6.25,13.0,5.25],"tintindex":-2,"rotation":0,"texture":"#0"},"down":{"uv":[15.0,5.25,14.0,6.25],"tintindex":-2,"rotation":0,"texture":"#0"}}}],"display":{"gui":{"rotation":[30,225,0]}}}