{"textures":{"0":"modelengine:entity/giraffe"},"elements":[{"from":[5.64,0.91999817,3.8700004],"to":[10.36,15.079998,12.13],"faces":{"east":{"uv":[0.0,10.5,1.75,13.5],"tintindex":-2,"rotation":0,"texture":"#0"},"south":{"uv":[4.5,10.5,5.5,13.5],"tintindex":-2,"rotation":0,"texture":"#0"},"north":{"uv":[1.75,10.5,2.75,13.5],"tintindex":-2,"rotation":0,"texture":"#0"},"west":{"uv":[2.75,10.5,4.5,13.5],"tintindex":-2,"rotation":0,"texture":"#0"},"up":{"uv":[2.75,10.5,1.75,8.75],"tintindex":-2,"rotation":0,"texture":"#0"},"down":{"uv":[3.75,8.75,2.75,10.5],"tintindex":-2,"rotation":0,"texture":"#0"}}}],"display":{"gui":{"rotation":[30,225,0]}}}