{"textures":{"0":"modelengine:entity/elephant"},"elements":[{"from":[10.0,11.0,-9.0],"to":[11.333334,14.333334,-7.333334],"faces":{"east":{"uv":[1.125,0.0,0.875,2.0],"tintindex":0,"rotation":0,"texture":"#0"},"south":{"uv":[1.125,0.0,0.875,2.0],"tintindex":0,"rotation":0,"texture":"#0"},"north":{"uv":[1.125,0.0,0.875,2.0],"tintindex":0,"rotation":0,"texture":"#0"},"west":{"uv":[1.125,0.0,0.875,2.0],"tintindex":0,"rotation":0,"texture":"#0"},"up":{"uv":[1.125,0.0,0.875,2.0],"tintindex":0,"rotation":0,"texture":"#0"},"down":{"uv":[1.125,0.0,0.875,2.0],"tintindex":0,"rotation":0,"texture":"#0"}},"rotation":{"origin":[8.666667,2.6666665,2.0],"angle":22.5,"axis":"x"}},{"from":[9.666667,14.0,-8.0],"to":[11.666667,17.333334,-6.0],"faces":{"east":{"uv":[11.25,2.625,10.0625,5.375],"tintindex":0,"rotation":0,"texture":"#0"},"south":{"uv":[11.25,2.625,10.0625,5.375],"tintindex":0,"rotation":0,"texture":"#0"},"north":{"uv":[11.25,2.625,10.0625,5.375],"tintindex":0,"rotation":0,"texture":"#0"},"west":{"uv":[11.25,2.625,10.0625,5.375],"tintindex":0,"rotation":0,"texture":"#0"},"up":{"uv":[11.25,2.625,10.0625,5.375],"tintindex":0,"rotation":0,"texture":"#0"},"down":{"uv":[11.25,2.625,10.0625,5.375],"tintindex":0,"rotation":0,"texture":"#0"}},"rotation":{"origin":[8.0,5.6666665,3.333333],"angle":22.5,"axis":"x"}},{"from":[10.0,7.3333335,-16.0],"to":[11.333334,11.0,-14.333334],"faces":{"east":{"uv":[1.125,0.0,0.875,2.0],"tintindex":0,"rotation":0,"texture":"#0"},"south":{"uv":[1.125,0.0,0.875,2.0],"tintindex":0,"rotation":0,"texture":"#0"},"north":{"uv":[1.125,0.0,0.875,2.0],"tintindex":0,"rotation":0,"texture":"#0"},"west":{"uv":[1.125,0.0,0.875,2.0],"tintindex":0,"rotation":0,"texture":"#0"},"up":{"uv":[1.125,0.0,0.875,2.0],"tintindex":0,"rotation":0,"texture":"#0"},"down":{"uv":[1.125,0.0,0.875,2.0],"tintindex":0,"rotation":0,"texture":"#0"}},"rotation":{"origin":[8.666667,-0.666667,-5.0],"angle":45.0,"axis":"x"}}],"display":{"gui":{"rotation":[30,225,0]}}}