{"textures":{"0":"modelengine:entity/chest"},"elements":[{"from":[3.0,9.0,3.0],"to":[13.0,14.0,13.0],"faces":{"east":{"uv":[8.5,4.0,11.0,5.25],"tintindex":-2,"rotation":0,"texture":"#0"},"south":{"uv":[8.5,6.5,11.0,7.75],"tintindex":-2,"rotation":0,"texture":"#0"},"north":{"uv":[8.5,4.0,11.0,5.25],"tintindex":-2,"rotation":0,"texture":"#0"},"west":{"uv":[8.5,7.75,11.0,9.0],"tintindex":-2,"rotation":0,"texture":"#0"},"up":{"uv":[8.5,2.5,6.0,0.0],"tintindex":-2,"rotation":0,"texture":"#0"},"down":{"uv":[8.5,2.5,6.0,5.0],"tintindex":-2,"rotation":0,"texture":"#0"}}}],"display":{"gui":{"rotation":[30,225,0]}}}