{
    "providers": [
        {
            "file":"custom_ui:tags/default_prefix.png",
            "chars":[
               ""
            ],
            "height":7,
            "ascent":7,
            "type":"bitmap"
         },
         {
            "file":"custom_ui:tags/store_ranks/vip_prefix.png",
            "chars":[
               ""
            ],
            "height":7,
            "ascent":7,
            "type":"bitmap"
         },
         {
            "file":"custom_ui:tags/store_ranks/hero_prefix.png",
            "chars":[
               ""
            ],
            "height":7,
            "ascent":7,
            "type":"bitmap"
         },
         {
            "file":"custom_ui:tags/store_ranks/god_prefix.png",
            "chars":[
               ""
            ],
            "height":7,
            "ascent":7,
            "type":"bitmap"
         },
         {
            "file":"custom_ui:tags/store_ranks/titan_prefix.png",
            "chars":[
               ""
            ],
            "height":7,
            "ascent":7,
            "type":"bitmap"
         },
         {
            "file":"custom_ui:tags/staff_ranks/owner_prefix.png",
            "chars":[
               ""
            ],
            "height":7,
            "ascent":7,
            "type":"bitmap"
         },
         {
            "file":"custom_ui:tags/staff_ranks/admin_prefix.png",
            "chars":[
               ""
            ],
            "height":7,
            "ascent":7,
            "type":"bitmap"
         },
         {
            "file":"custom_ui:tags/staff_ranks/mod_prefix.png",
            "chars":[
               ""
            ],
            "height":7,
            "ascent":7,
            "type":"bitmap"
         },
         {
            "file":"custom_ui:tags/staff_ranks/manager_prefix.png",
            "chars":[
               ""
            ],
            "height":7,
            "ascent":7,
            "type":"bitmap"
         },
         {
            "file":"custom_ui:tags/media_prefix.png",
            "chars":[
               ""
            ],
            "height":7,
            "ascent":7,
            "type":"bitmap"
         },
         {
            "file":"custom_ui:tags/media_prefix_2.png",
            "chars":[
               "퀆"
            ],
            "height":7,
            "ascent":7,
            "type":"bitmap"
         },
         {
            "file":"custom_ui:tags/staff_ranks/dev_prefix.png",
            "chars":[
               ""
            ],
            "height":7,
            "ascent":7,
            "type":"bitmap"
         }      
    ]
}
