{"textures":{"1":"entity/nether_wart_block","particle":"#1"},"elements":[{"from":[17.5,14.0,13.0],"to":[18.5,15.0,14.0],"faces":{"east":{"uv":[8.0,1.0,9.0,2.0],"tintindex":0,"rotation":0,"texture":"#1"},"south":{"uv":[5.0,10.0,6.0,11.0],"tintindex":0,"rotation":0,"texture":"#1"},"north":{"uv":[13.0,3.0,14.0,4.0],"tintindex":0,"rotation":0,"texture":"#1"},"west":{"uv":[5.0,2.0,6.0,3.0],"tintindex":0,"rotation":0,"texture":"#1"},"up":{"uv":[8.0,0.0,9.0,1.0],"tintindex":0,"rotation":270,"texture":"#1"},"down":{"uv":[2.0,6.0,3.0,7.0],"tintindex":0,"rotation":90,"texture":"#1"}}},{"from":[13.5,14.0,13.0],"to":[14.5,15.0,14.0],"faces":{"east":{"uv":[8.0,1.0,9.0,2.0],"tintindex":0,"rotation":0,"texture":"#1"},"south":{"uv":[7.0,9.0,8.0,10.0],"tintindex":0,"rotation":0,"texture":"#1"},"north":{"uv":[12.0,4.0,13.0,5.0],"tintindex":0,"rotation":0,"texture":"#1"},"west":{"uv":[6.0,1.0,7.0,2.0],"tintindex":0,"rotation":0,"texture":"#1"},"up":{"uv":[7.0,0.0,8.0,1.0],"tintindex":0,"rotation":270,"texture":"#1"},"down":{"uv":[2.0,7.0,3.0,8.0],"tintindex":0,"rotation":90,"texture":"#1"}}},{"from":[12.5,16.0,13.0],"to":[13.5,20.0,14.0],"faces":{"east":{"uv":[10.0,6.0,11.0,10.0],"tintindex":0,"rotation":0,"texture":"#1"},"south":{"uv":[7.0,0.0,8.0,4.0],"tintindex":0,"rotation":0,"texture":"#1"},"north":{"uv":[6.0,11.0,7.0,15.0],"tintindex":0,"rotation":0,"texture":"#1"},"west":{"uv":[2.0,9.0,3.0,13.0],"tintindex":0,"rotation":0,"texture":"#1"},"up":{"uv":[2.0,6.0,3.0,7.0],"tintindex":0,"rotation":270,"texture":"#1"},"down":{"uv":[8.0,12.0,9.0,13.0],"tintindex":0,"rotation":90,"texture":"#1"}}},{"from":[15.5,14.0,13.0],"to":[16.5,15.0,14.0],"faces":{"east":{"uv":[8.0,1.0,9.0,2.0],"tintindex":0,"rotation":0,"texture":"#1"},"south":{"uv":[7.0,9.0,8.0,10.0],"tintindex":0,"rotation":0,"texture":"#1"},"north":{"uv":[12.0,4.0,13.0,5.0],"tintindex":0,"rotation":0,"texture":"#1"},"west":{"uv":[7.0,2.0,8.0,3.0],"tintindex":0,"rotation":0,"texture":"#1"},"up":{"uv":[6.0,0.0,7.0,1.0],"tintindex":0,"rotation":270,"texture":"#1"},"down":{"uv":[2.0,3.0,3.0,4.0],"tintindex":0,"rotation":90,"texture":"#1"}}},{"from":[15.5,17.0,13.0],"to":[16.5,19.0,14.0],"faces":{"east":{"uv":[11.0,8.0,12.0,10.0],"tintindex":0,"rotation":0,"texture":"#1"},"south":{"uv":[7.0,0.0,8.0,2.0],"tintindex":0,"rotation":0,"texture":"#1"},"north":{"uv":[13.0,2.0,14.0,4.0],"tintindex":0,"rotation":0,"texture":"#1"},"west":{"uv":[9.0,6.0,10.0,8.0],"tintindex":0,"rotation":0,"texture":"#1"},"up":{"uv":[0.0,0.0,1.0,1.0],"tintindex":0,"rotation":270,"texture":"#1"},"down":{"uv":[3.0,4.0,4.0,5.0],"tintindex":0,"rotation":90,"texture":"#1"}}},{"from":[16.5,15.0,13.0],"to":[18.5,17.0,14.0],"faces":{"east":{"uv":[11.0,2.0,12.0,4.0],"tintindex":0,"rotation":0,"texture":"#1"},"south":{"uv":[7.0,0.0,9.0,2.0],"tintindex":0,"rotation":0,"texture":"#1"},"north":{"uv":[6.0,1.0,8.0,3.0],"tintindex":0,"rotation":0,"texture":"#1"},"west":{"uv":[13.0,3.0,14.0,5.0],"tintindex":0,"rotation":0,"texture":"#1"},"up":{"uv":[10.0,8.0,11.0,10.0],"tintindex":0,"rotation":270,"texture":"#1"},"down":{"uv":[13.0,9.0,14.0,11.0],"tintindex":0,"rotation":90,"texture":"#1"}}},{"from":[13.5,19.0,13.0],"to":[18.5,21.0,14.0],"faces":{"east":{"uv":[11.0,2.0,12.0,4.0],"tintindex":0,"rotation":0,"texture":"#1"},"south":{"uv":[5.0,1.0,10.0,3.0],"tintindex":0,"rotation":0,"texture":"#1"},"north":{"uv":[5.0,0.0,10.0,2.0],"tintindex":0,"rotation":0,"texture":"#1"},"west":{"uv":[13.0,3.0,14.0,5.0],"tintindex":0,"rotation":0,"texture":"#1"},"up":{"uv":[6.0,10.0,7.0,15.0],"tintindex":0,"rotation":270,"texture":"#1"},"down":{"uv":[6.0,11.0,7.0,16.0],"tintindex":0,"rotation":90,"texture":"#1"}}},{"from":[13.5,15.0,13.0],"to":[15.5,17.0,14.0],"faces":{"east":{"uv":[11.0,2.0,12.0,4.0],"tintindex":0,"rotation":0,"texture":"#1"},"south":{"uv":[7.0,0.0,9.0,2.0],"tintindex":0,"rotation":0,"texture":"#1"},"north":{"uv":[6.0,1.0,8.0,3.0],"tintindex":0,"rotation":0,"texture":"#1"},"west":{"uv":[13.0,3.0,14.0,5.0],"tintindex":0,"rotation":0,"texture":"#1"},"up":{"uv":[10.0,8.0,11.0,10.0],"tintindex":0,"rotation":270,"texture":"#1"},"down":{"uv":[13.0,9.0,14.0,11.0],"tintindex":0,"rotation":90,"texture":"#1"}}},{"from":[18.5,16.0,13.0],"to":[19.5,20.0,14.0],"faces":{"east":{"uv":[7.0,10.0,8.0,14.0],"tintindex":0,"rotation":0,"texture":"#1"},"south":{"uv":[4.0,8.0,5.0,12.0],"tintindex":0,"rotation":0,"texture":"#1"},"north":{"uv":[6.0,10.0,7.0,14.0],"tintindex":0,"rotation":0,"texture":"#1"},"west":{"uv":[5.0,8.0,6.0,12.0],"tintindex":0,"rotation":0,"texture":"#1"},"up":{"uv":[3.0,9.0,4.0,10.0],"tintindex":0,"rotation":270,"texture":"#1"},"down":{"uv":[4.0,7.0,5.0,8.0],"tintindex":0,"rotation":90,"texture":"#1"}}}],"display":{"head":{"rotation":[0.0,0.0,0.0]},"firstperson_righthand":{"rotation":[0.0,0.0,0.0]},"thirdperson_lefthand":{"rotation":[0.0,-0.0,-0.0]},"firstperson_lefthand":{"rotation":[0.0,-0.0,-0.0]},"fixed":{"rotation":[0.0,0.0,0.0]},"ground":{"rotation":[0.0,0.0,0.0]},"thirdperson_righthand":{"rotation":[0.0,0.0,0.0]},"gui":{"rotation":[-150.0,-45.0,180.0]}}}