{"textures":{"0":"modelengine:entity/bears","particle":"#0"},"elements":[{"from":[6.275,1.79,4.55],"to":[10.415,3.17,5.9300003],"faces":{"east":{"uv":[13.5,6.375,13.625,6.625],"tintindex":0,"rotation":0,"texture":"#0"},"south":{"uv":[14.125,6.375,14.5,6.625],"tintindex":0,"rotation":0,"texture":"#0"},"north":{"uv":[13.625,6.375,14.0,6.625],"tintindex":0,"rotation":0,"texture":"#0"},"west":{"uv":[14.0,6.375,14.125,6.625],"tintindex":0,"rotation":0,"texture":"#0"},"up":{"uv":[14.0,6.375,13.625,6.125],"tintindex":0,"rotation":0,"texture":"#0"},"down":{"uv":[14.375,6.125,14.0,6.375],"tintindex":0,"rotation":0,"texture":"#0"}}},{"from":[6.275,1.79,5.9300003],"to":[10.415,11.45,10.07],"faces":{"east":{"uv":[14.4375,6.625,14.8125,8.375],"tintindex":0,"rotation":0,"texture":"#0"},"south":{"uv":[15.5625,6.625,15.9375,8.375],"tintindex":0,"rotation":0,"texture":"#0"},"north":{"uv":[14.8125,6.625,15.1875,8.375],"tintindex":0,"rotation":0,"texture":"#0"},"west":{"uv":[15.1875,6.625,15.5625,8.375],"tintindex":0,"rotation":0,"texture":"#0"},"up":{"uv":[15.1875,6.625,14.8125,5.875],"tintindex":0,"rotation":0,"texture":"#0"},"down":{"uv":[15.5625,5.875,15.1875,6.625],"tintindex":0,"rotation":0,"texture":"#0"}}}],"display":{"head":{"rotation":[0.0,0.0,0.0]},"firstperson_righthand":{"rotation":[0.0,0.0,0.0]},"thirdperson_lefthand":{"rotation":[0.0,-0.0,-0.0]},"firstperson_lefthand":{"rotation":[0.0,-0.0,-0.0]},"fixed":{"rotation":[0.0,0.0,0.0]},"ground":{"rotation":[0.0,0.0,0.0]},"thirdperson_righthand":{"rotation":[0.0,0.0,0.0]},"gui":{"rotation":[-150.0,-45.0,180.0]}}}