{"textures":{"0":"modelengine:entity/elephant"},"elements":[{"from":[1.0,4.25,7.25],"to":[15.0,28.25,23.25],"faces":{"east":{"uv":[0.0,4.0,2.0,10.0],"tintindex":0,"rotation":0,"texture":"#0"},"south":{"uv":[5.75,4.0,7.5,10.0],"tintindex":0,"rotation":0,"texture":"#0"},"north":{"uv":[2.0,4.0,3.75,10.0],"tintindex":0,"rotation":0,"texture":"#0"},"west":{"uv":[3.75,4.0,5.75,10.0],"tintindex":0,"rotation":0,"texture":"#0"},"up":{"uv":[3.75,4.0,2.0,0.0],"tintindex":0,"rotation":0,"texture":"#0"},"down":{"uv":[5.5,0.0,3.75,4.0],"tintindex":0,"rotation":0,"texture":"#0"}}}],"display":{"gui":{"rotation":[30,225,0]}}}