{
   "providers":[
      {
         "chars":[
            "ꐫ"
         ],
         "file":"beautiful_ranks/newcomber.png",
         "ascent":8,
         "height":8,
         "type":"bitmap"
      },
      {
         "chars":[
            "ꐬ"
         ],
         "file":"beautiful_ranks/player_icon.png",
         "ascent":8,
         "height":8,
         "type":"bitmap"
      },
      {
         "chars":[
            "ꐛ"
         ],
         "file":"beautiful_ranks/advanced.png",
         "ascent":8,
         "height":8,
         "type":"bitmap"
      },
      {
         "chars":[
            "ꐜ"
         ],
         "file":"beautiful_ranks/champion.png",
         "ascent":8,
         "height":8,
         "type":"bitmap"
      },
      {
         "chars":[
            "ꐐ"
         ],
         "file":"beautiful_ranks/elite.png",
         "ascent":8,
         "height":8,
         "type":"bitmap"
      },
      {
         "chars":[
            "ꐡ"
         ],
         "file":"beautiful_ranks/instructor.png",
         "ascent":8,
         "height":8,
         "type":"bitmap"
      },
      {
         "chars":[
            "ꐢ"
         ],
         "file":"beautiful_ranks/master.png",
         "ascent":8,
         "height":8,
         "type":"bitmap"
      },
      {
         "chars":[
            "μ"
         ],
         "file":"beautiful_ranks/mvp_plus_plus.png",
         "ascent":8,
         "height":8,
         "type":"bitmap"
      },
      {
         "chars":[
            "₳"
         ],
         "file":"beautiful_ranks/stablehand.png",
         "ascent":8,
         "height":8,
         "type":"bitmap"
      },
      {
         "chars":[
            "ꐣ"
         ],
         "file":"beautiful_ranks/vip.png",
         "ascent":8,
         "height":8,
         "type":"bitmap"
      },
      {
         "chars":[
            "ꐤ"
         ],
         "file":"beautiful_ranks/vip_icon.png",
         "ascent":8,
         "height":8,
         "type":"bitmap"
      },
      {
         "chars":[
            "ꐥ"
         ],
         "file":"beautiful_ranks/vip_plus.png",
         "ascent":8,
         "height":8,
         "type":"bitmap"
      },
      {
         "chars":[
            "ꐦ"
         ],
         "file":"beautiful_ranks/vip_plus_icon.png",
         "ascent":8,
         "height":8,
         "type":"bitmap"
      },
      {
         "chars":[
            "ꐧ"
         ],
         "file":"beautiful_ranks/mvp.png",
         "ascent":8,
         "height":8,
         "type":"bitmap"
      },
      {
         "chars":[
            "ꐨ"
         ],
         "file":"beautiful_ranks/mvp_icon.png",
         "ascent":8,
         "height":8,
         "type":"bitmap"
      },
      {
         "chars":[
            "ꐩ"
         ],
         "file":"beautiful_ranks/mvp_plus.png",
         "ascent":8,
         "height":8,
         "type":"bitmap"
      },
      {
         "chars":[
            "ꐪ"
         ],
         "file":"beautiful_ranks/mvp_plus_icon.png",
         "ascent":8,
         "height":8,
         "type":"bitmap"
      },
      {
         "chars":[
            "ꐭ"
         ],
         "file":"beautiful_ranks/ytb.png",
         "ascent":8,
         "height":8,
         "type":"bitmap"
      },
      {
         "chars":[
            "ꐮ"
         ],
         "file":"beautiful_ranks/ytb_icon.png",
         "ascent":8,
         "height":8,
         "type":"bitmap"
      },
      {
         "chars":[
            "ꐯ"
         ],
         "file":"beautiful_ranks/ytb_v2.png",
         "ascent":8,
         "height":8,
         "type":"bitmap"
      },
      {
         "chars":[
            "ꐰ"
         ],
         "file":"beautiful_ranks/twitch.png",
         "ascent":8,
         "height":8,
         "type":"bitmap"
      },
      {
         "chars":[
            "ꐱ"
         ],
         "file":"beautiful_ranks/twitch_icon.png",
         "ascent":8,
         "height":8,
         "type":"bitmap"
      },
      {
         "chars":[
            "ꐲ"
         ],
         "file":"beautiful_ranks/twitch_v2.png",
         "ascent":8,
         "height":8,
         "type":"bitmap"
      },
      {
         "chars":[
            "ꐳ"
         ],
         "file":"beautiful_ranks/tiktok.png",
         "ascent":8,
         "height":8,
         "type":"bitmap"
      },
      {
         "chars":[
            "ꐴ"
         ],
         "file":"beautiful_ranks/tiktok_icon.png",
         "ascent":8,
         "height":8,
         "type":"bitmap"
      },
      {
         "chars":[
            "ꐵ"
         ],
         "file":"beautiful_ranks/tiktok_v2.png",
         "ascent":8,
         "height":8,
         "type":"bitmap"
      },
      {
         "chars":[
            ""
         ],
         "file":"tags/owner_prefix.png",
         "ascent":7,
         "height":7,
         "type":"bitmap"
      },
      {
         "chars":[
            "ꐒ"
         ],
         "file":"beautiful_ranks/owner_icon.png",
         "ascent":8,
         "height":8,
         "type":"bitmap"
      },
      {
         "chars":[
            ""
         ],
         "file":"tags/admin_prefix.png",
         "ascent":7,
         "height":7,
         "type":"bitmap"
      },
      {
         "chars":[
            ""
         ],
         "file":"tags/manager_prefix.png",
         "ascent":7,
         "height":7,
         "type":"bitmap"
      },

      {
         "chars":[
            ""
         ],
         "file":"tags/dev_prefix.png",
         "ascent":7,
         "height":7,
         "type":"bitmap"
      },
      {
         "chars":[
            ""
         ],
         "file":"tags/builder_prefix.png",
         "ascent":7,
         "height":7,
         "type":"bitmap"
      },

      {
         "chars":[
            ""
         ],
         "file":"tags/mod_prefix.png",
         "ascent":7,
         "height":7,
         "type":"bitmap"
      },
      {
         "chars":[
            ""
         ],
         "file":"tags/helper_prefix.png",
         "ascent":7,
         "height":7,
         "type":"bitmap"
      },
      {
         "chars":[
            "ꐑ"
         ],
         "file":"required/exit_icon.png",
         "ascent":8,
         "height":8,
         "type":"bitmap"
      },
      {
         "chars":[
            "ꐷ"
         ],
         "file":"required/null.png",
         "ascent":-32768,
         "height":-1,
         "type":"bitmap"
      },
      {
         "chars":[
            "ꐸ"
         ],
         "file":"required/null.png",
         "ascent":-32768,
         "height":0,
         "type":"bitmap"
      },
      {
         "chars":[
            "ꐹ"
         ],
         "file":"required/null.png",
         "ascent":-32768,
         "height":2,
         "type":"bitmap"
      },
      {
         "chars":[
            "ꐺ"
         ],
         "file":"required/null.png",
         "ascent":-32768,
         "height":6,
         "type":"bitmap"
      },
      {
         "chars":[
            "ꐻ"
         ],
         "file":"required/null.png",
         "ascent":-32768,
         "height":14,
         "type":"bitmap"
      },
      {
         "chars":[
            "ꐼ"
         ],
         "file":"required/null.png",
         "ascent":-32768,
         "height":30,
         "type":"bitmap"
      },
      {
         "chars":[
            "ꐽ"
         ],
         "file":"required/null.png",
         "ascent":-32768,
         "height":62,
         "type":"bitmap"
      },
      {
         "chars":[
            "ꐾ"
         ],
         "file":"required/null.png",
         "ascent":-32768,
         "height":126,
         "type":"bitmap"
      },
      {
         "chars":[
            "ꐿ"
         ],
         "file":"required/null.png",
         "ascent":-32768,
         "height":254,
         "type":"bitmap"
      },
      {
         "chars":[
            "ꑀ"
         ],
         "file":"required/null.png",
         "ascent":-32768,
         "height":510,
         "type":"bitmap"
      },
      {
         "chars":[
            "ꑁ"
         ],
         "file":"required/null.png",
         "ascent":-32768,
         "height":1022,
         "type":"bitmap"
      },
      {
         "chars":[
            "ꑂ"
         ],
         "file":"required/null.png",
         "ascent":-32768,
         "height":-3,
         "type":"bitmap"
      },
      {
         "chars":[
            "ꑃ"
         ],
         "file":"required/null.png",
         "ascent":-32768,
         "height":-4,
         "type":"bitmap"
      },
      {
         "chars":[
            "ꑄ"
         ],
         "file":"required/null.png",
         "ascent":-32768,
         "height":-6,
         "type":"bitmap"
      },
      {
         "chars":[
            "ꑅ"
         ],
         "file":"required/null.png",
         "ascent":-32768,
         "height":-10,
         "type":"bitmap"
      },
      {
         "chars":[
            "ꑆ"
         ],
         "file":"required/null.png",
         "ascent":-32768,
         "height":-18,
         "type":"bitmap"
      },
      {
         "chars":[
            "ꑇ"
         ],
         "file":"required/null.png",
         "ascent":-32768,
         "height":-34,
         "type":"bitmap"
      },
      {
         "chars":[
            "ꑈ"
         ],
         "file":"required/null.png",
         "ascent":-32768,
         "height":-66,
         "type":"bitmap"
      },
      {
         "chars":[
            "ꑉ"
         ],
         "file":"required/null.png",
         "ascent":-32768,
         "height":-130,
         "type":"bitmap"
      },
      {
         "chars":[
            "ꑊ"
         ],
         "file":"required/null.png",
         "ascent":-32768,
         "height":-258,
         "type":"bitmap"
      },
      {
         "chars":[
            "ꑋ"
         ],
         "file":"required/null.png",
         "ascent":-32768,
         "height":-514,
         "type":"bitmap"
      },
      {
         "chars":[
            "ꑌ"
         ],
         "file":"required/null.png",
         "ascent":-32768,
         "height":-1026,
         "type":"bitmap"
      },
      {
         "chars":[
            ""
         ],
         "file":"tags/blitzer_prefix.png",
         "ascent":7,
         "height":7,
         "type":"bitmap"
      },
      {
         "chars":[
            ""
         ],
         "file":"tags/light_prefix.png",
         "ascent":7,
         "height":7,
         "type":"bitmap"
      },
      {
         "chars":[
            ""
         ],
         "file":"tags/flare_prefix.png",
         "ascent":7,
         "height":7,
         "type":"bitmap"
      },
      {
         "chars":[
            ""
         ],
         "file":"tags/star_prefix.png",
         "ascent":7,
         "height":7,
         "type":"bitmap"
      },
      {
         "chars":[
            ""
         ],
         "file":"tags/lumen_prefix.png",
         "ascent":7,
         "height":7,
         "type":"bitmap"
      },
      {
         "chars":[
            ""
         ],
         "file":"tags/beacon_prefix.png",
         "ascent":7,
         "height":7,
         "type":"bitmap"
      },
      {
         "chars":[
            ""
         ],
         "file":"tags/media_prefix.png",
         "ascent":7,
         "height":7,
         "type":"bitmap"
      },
      {
         "chars":[
            ""
         ],
         "file":"tags/partner_prefix.png",
         "ascent":7,
         "height":7,
         "type":"bitmap"
      },
      {
         "chars":[
            ""
         ],
         "file":"title/survival.png",
         "ascent":15,
         "height":40,
         "type":"bitmap"
      },
      {
         "chars":[
            "젵"
         ],
         "file":"title/survival.png",
         "ascent":15,
         "height":30,
         "type":"bitmap"
      }
   ]
}