{"textures":{"0":"modelengine:entity/greatwhite"},"elements":[{"from":[4.0,7.5,7.0],"to":[12.0,15.5,15.0],"faces":{"east":{"uv":[5.3333335,8.833334,6.666667,10.166667],"tintindex":-2,"rotation":0,"texture":"#0"},"south":{"uv":[9.333334,8.833334,10.666667,10.166667],"tintindex":-2,"rotation":0,"texture":"#0"},"north":{"uv":[6.666667,8.833334,8.0,10.166667],"tintindex":-2,"rotation":0,"texture":"#0"},"west":{"uv":[8.0,8.833334,9.333334,10.166667],"tintindex":-2,"rotation":0,"texture":"#0"},"up":{"uv":[8.0,8.833334,6.666667,7.5],"tintindex":-2,"rotation":0,"texture":"#0"},"down":{"uv":[9.333334,7.5,8.0,8.833334],"tintindex":-2,"rotation":0,"texture":"#0"}}},{"from":[7.0,10.0,22.0],"to":[9.0,13.0,24.0],"faces":{"east":{"uv":[14.5,1.6666667,14.833334,2.1666667],"tintindex":-2,"rotation":0,"texture":"#0"},"south":{"uv":[15.5,1.6666667,15.833334,2.1666667],"tintindex":-2,"rotation":0,"texture":"#0"},"north":{"uv":[14.833334,1.6666667,15.166667,2.1666667],"tintindex":-2,"rotation":0,"texture":"#0"},"west":{"uv":[15.166667,1.6666667,15.5,2.1666667],"tintindex":-2,"rotation":0,"texture":"#0"},"up":{"uv":[15.166667,1.6666667,14.833334,1.3333334],"tintindex":-2,"rotation":0,"texture":"#0"},"down":{"uv":[15.5,1.3333334,15.166667,1.6666667],"tintindex":-2,"rotation":0,"texture":"#0"}}},{"from":[7.5,7.0,18.0],"to":[8.5,9.0,20.0],"faces":{"east":{"uv":[5.3333335,1.5,5.666667,1.8333334],"tintindex":-2,"rotation":0,"texture":"#0"},"south":{"uv":[6.166667,1.5,6.3333335,1.8333334],"tintindex":-2,"rotation":0,"texture":"#0"},"north":{"uv":[5.666667,1.5,5.8333335,1.8333334],"tintindex":-2,"rotation":0,"texture":"#0"},"west":{"uv":[5.8333335,1.5,6.166667,1.8333334],"tintindex":-2,"rotation":0,"texture":"#0"},"up":{"uv":[5.8333335,1.5,5.666667,1.1666667],"tintindex":-2,"rotation":0,"texture":"#0"},"down":{"uv":[6.0,1.1666667,5.8333335,1.5],"tintindex":-2,"rotation":0,"texture":"#0"}}},{"from":[7.5,14.0,18.0],"to":[8.5,16.0,20.0],"faces":{"east":{"uv":[0.0,0.33333334,0.33333334,0.6666667],"tintindex":-2,"rotation":0,"texture":"#0"},"south":{"uv":[0.8333334,0.33333334,1.0,0.6666667],"tintindex":-2,"rotation":0,"texture":"#0"},"north":{"uv":[0.33333334,0.33333334,0.5,0.6666667],"tintindex":-2,"rotation":0,"texture":"#0"},"west":{"uv":[0.5,0.33333334,0.8333334,0.6666667],"tintindex":-2,"rotation":0,"texture":"#0"},"up":{"uv":[0.5,0.33333334,0.33333334,0.0],"tintindex":-2,"rotation":0,"texture":"#0"},"down":{"uv":[0.6666667,0.0,0.5,0.33333334],"tintindex":-2,"rotation":0,"texture":"#0"}}},{"from":[5.5,9.0,15.0],"to":[10.5,14.0,22.0],"faces":{"east":{"uv":[0.0,8.333334,1.1666667,9.166667],"tintindex":-2,"rotation":0,"texture":"#0"},"south":{"uv":[3.1666667,8.333334,4.0,9.166667],"tintindex":-2,"rotation":0,"texture":"#0"},"north":{"uv":[1.1666667,8.333334,2.0,9.166667],"tintindex":-2,"rotation":0,"texture":"#0"},"west":{"uv":[2.0,8.333334,3.1666667,9.166667],"tintindex":-2,"rotation":0,"texture":"#0"},"up":{"uv":[2.0,8.333334,1.1666667,7.166667],"tintindex":-2,"rotation":0,"texture":"#0"},"down":{"uv":[2.8333335,7.166667,2.0,8.333334],"tintindex":-2,"rotation":0,"texture":"#0"}}}],"display":{"gui":{"rotation":[30,225,0]}}}