{"textures":{"0":"modelengine:entity/gorilla"},"elements":[{"from":[5.6299996,0.88999987,5.6299996],"to":[10.37,8.0,10.369999],"faces":{"east":{"uv":[0.0,10.25,0.75,11.375],"tintindex":-2,"rotation":0,"texture":"#0"},"south":{"uv":[2.25,10.25,3.0,11.375],"tintindex":-2,"rotation":0,"texture":"#0"},"north":{"uv":[0.75,10.25,1.5,11.375],"tintindex":-2,"rotation":0,"texture":"#0"},"west":{"uv":[1.5,10.25,2.25,11.375],"tintindex":-2,"rotation":0,"texture":"#0"},"up":{"uv":[1.5,10.25,0.75,9.5],"tintindex":-2,"rotation":0,"texture":"#0"},"down":{"uv":[2.25,9.5,1.5,10.25],"tintindex":-2,"rotation":0,"texture":"#0"}}}],"display":{"gui":{"rotation":[30,225,0]}}}