{"textures":{"0":"modelengine:entity/gorilla"},"elements":[{"from":[4.4450006,1.2849998,4.8399997],"to":[9.975,14.715,11.16],"faces":{"east":{"uv":[5.5,7.875,6.5,10.0],"tintindex":-2,"rotation":0,"texture":"#0"},"south":{"uv":[8.375,7.875,9.25,10.0],"tintindex":-2,"rotation":0,"texture":"#0"},"north":{"uv":[6.5,7.875,7.375,10.0],"tintindex":-2,"rotation":0,"texture":"#0"},"west":{"uv":[7.375,7.875,8.375,10.0],"tintindex":-2,"rotation":0,"texture":"#0"},"up":{"uv":[7.375,7.875,6.5,6.875],"tintindex":-2,"rotation":0,"texture":"#0"},"down":{"uv":[8.25,6.875,7.375,7.875],"tintindex":-2,"rotation":0,"texture":"#0"}}}],"display":{"gui":{"rotation":[30,225,0]}}}