{"textures":{"0":"modelengine:entity/lion"},"elements":[{"from":[6.992,16.169792,2.450717],"to":[9.007999,27.265793,4.4667172],"faces":{"east":{"uv":[3.2,8.0,3.6000001,10.2],"tintindex":-2,"rotation":0,"texture":"#0"},"south":{"uv":[4.4,8.0,4.8,10.2],"tintindex":-2,"rotation":0,"texture":"#0"},"north":{"uv":[3.6000001,8.0,4.0,10.2],"tintindex":-2,"rotation":0,"texture":"#0"},"west":{"uv":[4.0,8.0,4.4,10.2],"tintindex":-2,"rotation":0,"texture":"#0"},"up":{"uv":[4.0,8.0,3.6000001,7.6],"tintindex":-2,"rotation":0,"texture":"#0"},"down":{"uv":[4.4,7.6,4.0,8.0],"tintindex":-2,"rotation":0,"texture":"#0"}},"rotation":{"origin":[8.0,24.28,-6.4399996],"angle":45.0,"axis":"x"}}],"display":{"gui":{"rotation":[30,225,0]}}}