{"textures":{"0":"modelengine:entity/bears"},"elements":[{"from":[4.5,-1.0,0.5],"to":[10.5,1.0,2.5],"faces":{"east":{"uv":[2.6875,6.375,2.8125,6.625],"tintindex":-2,"rotation":0,"texture":"#0"},"south":{"uv":[3.3125,6.375,3.6875,6.625],"tintindex":-2,"rotation":0,"texture":"#0"},"north":{"uv":[2.8125,6.375,3.1875,6.625],"tintindex":-2,"rotation":0,"texture":"#0"},"west":{"uv":[3.1875,6.375,3.3125,6.625],"tintindex":-2,"rotation":0,"texture":"#0"},"up":{"uv":[3.1875,6.375,2.8125,6.125],"tintindex":-2,"rotation":0,"texture":"#0"},"down":{"uv":[3.5625,6.125,3.1875,6.375],"tintindex":-2,"rotation":0,"texture":"#0"}}},{"from":[4.5,-1.0,2.5],"to":[10.5,19.0,10.5],"faces":{"east":{"uv":[0.0,13.5,0.5,16.0],"tintindex":-2,"rotation":0,"texture":"#0"},"south":{"uv":[1.375,13.5,1.75,16.0],"tintindex":-2,"rotation":0,"texture":"#0"},"north":{"uv":[0.5,13.5,0.875,16.0],"tintindex":-2,"rotation":0,"texture":"#0"},"west":{"uv":[0.875,13.5,1.375,16.0],"tintindex":-2,"rotation":0,"texture":"#0"},"up":{"uv":[0.875,13.5,0.5,12.5],"tintindex":-2,"rotation":0,"texture":"#0"},"down":{"uv":[1.25,12.5,0.875,13.5],"tintindex":-2,"rotation":0,"texture":"#0"}}}],"display":{"gui":{"rotation":[30,225,0]}}}