{"textures":{"0":"modelengine:entity/bears"},"elements":[{"from":[3.0,-1.0,3.0],"to":[9.0,1.0,5.0],"faces":{"east":{"uv":[2.6875,5.875,2.8125,6.125],"tintindex":-2,"rotation":0,"texture":"#0"},"south":{"uv":[3.3125,5.875,3.6875,6.125],"tintindex":-2,"rotation":0,"texture":"#0"},"north":{"uv":[2.8125,5.875,3.1875,6.125],"tintindex":-2,"rotation":0,"texture":"#0"},"west":{"uv":[3.1875,5.875,3.3125,6.125],"tintindex":-2,"rotation":0,"texture":"#0"},"up":{"uv":[3.1875,5.875,2.8125,5.625],"tintindex":-2,"rotation":0,"texture":"#0"},"down":{"uv":[3.5625,5.625,3.1875,5.875],"tintindex":-2,"rotation":0,"texture":"#0"}}},{"from":[3.0,-1.0,5.0],"to":[9.0,13.0,11.0],"faces":{"east":{"uv":[3.625,6.625,4.0,8.375],"tintindex":-2,"rotation":0,"texture":"#0"},"south":{"uv":[4.75,6.625,5.125,8.375],"tintindex":-2,"rotation":0,"texture":"#0"},"north":{"uv":[4.0,6.625,4.375,8.375],"tintindex":-2,"rotation":0,"texture":"#0"},"west":{"uv":[4.375,6.625,4.75,8.375],"tintindex":-2,"rotation":0,"texture":"#0"},"up":{"uv":[4.375,6.625,4.0,5.875],"tintindex":-2,"rotation":0,"texture":"#0"},"down":{"uv":[4.75,5.875,4.375,6.625],"tintindex":-2,"rotation":0,"texture":"#0"}}}],"display":{"gui":{"rotation":[30,225,0]}}}