{"textures":{"0":"modelengine:entity/bears"},"elements":[{"from":[4.0,4.0000005,17.166668],"to":[10.0,10.0,18.166668],"faces":{"east":{"uv":[0.0,5.75,0.0625,6.5],"tintindex":-2,"rotation":0,"texture":"#0"},"south":{"uv":[0.5,5.75,0.875,6.5],"tintindex":-2,"rotation":0,"texture":"#0"},"north":{"uv":[0.0625,5.75,0.4375,6.5],"tintindex":-2,"rotation":0,"texture":"#0"},"west":{"uv":[0.4375,5.75,0.5,6.5],"tintindex":-2,"rotation":0,"texture":"#0"},"up":{"uv":[0.4375,5.75,0.0625,5.625],"tintindex":-2,"rotation":0,"texture":"#0"},"down":{"uv":[0.8125,5.625,0.4375,5.75],"tintindex":-2,"rotation":0,"texture":"#0"}}},{"from":[0.0,1.2500005,8.166666],"to":[14.0,15.25,17.166668],"faces":{"east":{"uv":[0.375,7.5,0.9375,9.25],"tintindex":-2,"rotation":0,"texture":"#0"},"south":{"uv":[2.375,7.5,3.25,9.25],"tintindex":-2,"rotation":0,"texture":"#0"},"north":{"uv":[0.9375,7.5,1.8125,9.25],"tintindex":-2,"rotation":0,"texture":"#0"},"west":{"uv":[1.8125,7.5,2.375,9.25],"tintindex":-2,"rotation":0,"texture":"#0"},"up":{"uv":[1.8125,7.5,0.9375,6.375],"tintindex":-2,"rotation":0,"texture":"#0"},"down":{"uv":[2.6875,6.375,1.8125,7.5],"tintindex":-2,"rotation":0,"texture":"#0"}}},{"from":[-0.5,1.2500005,-0.83333397],"to":[14.5,16.25,8.166666],"faces":{"east":{"uv":[0.125,10.625,0.6875,12.5],"tintindex":-2,"rotation":0,"texture":"#0"},"south":{"uv":[2.1875,10.625,3.125,12.5],"tintindex":-2,"rotation":0,"texture":"#0"},"north":{"uv":[0.6875,10.625,1.625,12.5],"tintindex":-2,"rotation":0,"texture":"#0"},"west":{"uv":[1.625,10.625,2.1875,12.5],"tintindex":-2,"rotation":0,"texture":"#0"},"up":{"uv":[1.625,10.625,0.6875,9.5],"tintindex":-2,"rotation":0,"texture":"#0"},"down":{"uv":[2.5625,9.5,1.625,10.625],"tintindex":-2,"rotation":0,"texture":"#0"}}},{"from":[0.0,1.2500005,-8.833332],"to":[14.0,15.25,-0.83333397],"faces":{"east":{"uv":[0.4375,7.5,0.9375,9.25],"tintindex":-2,"rotation":0,"texture":"#0"},"south":{"uv":[2.3125,7.5,3.1875,9.25],"tintindex":-2,"rotation":0,"texture":"#0"},"north":{"uv":[0.9375,7.5,1.8125,9.25],"tintindex":-2,"rotation":0,"texture":"#0"},"west":{"uv":[1.8125,7.5,2.3125,9.25],"tintindex":-2,"rotation":0,"texture":"#0"},"up":{"uv":[1.8125,7.5,0.9375,6.5],"tintindex":-2,"rotation":0,"texture":"#0"},"down":{"uv":[2.6875,6.5,1.8125,7.5],"tintindex":-2,"rotation":0,"texture":"#0"}}}],"display":{"gui":{"rotation":[30,225,0]}}}