{"textures":{"0":"modelengine:entity/smilodon"},"elements":[{"from":[6.88,4.809846,7.05101],"to":[9.12,11.129847,9.29101],"faces":{"east":{"uv":[4.8,8.0,5.2000003,10.2],"tintindex":-2,"rotation":0,"texture":"#0"},"south":{"uv":[6.0,8.0,6.4,10.2],"tintindex":-2,"rotation":0,"texture":"#0"},"north":{"uv":[5.2000003,8.0,5.6,10.2],"tintindex":-2,"rotation":0,"texture":"#0"},"west":{"uv":[5.6,8.0,6.0,10.2],"tintindex":-2,"rotation":0,"texture":"#0"},"up":{"uv":[5.6,8.0,5.2000003,7.6],"tintindex":-2,"rotation":0,"texture":"#0"},"down":{"uv":[6.0,7.6,5.6,8.0],"tintindex":-2,"rotation":0,"texture":"#0"}},"rotation":{"origin":[8.0,8.469847,8.17101],"angle":22.5,"axis":"x"}}],"display":{"gui":{"rotation":[30,225,0]}}}