{"textures":{"0":"modelengine:entity/smilodon"},"elements":[{"from":[5.76432,6.911456,6.058592],"to":[10.23568,9.088544,9.941408],"faces":{"east":{"uv":[8.400001,2.2,9.0,2.8],"tintindex":-2,"rotation":0,"texture":"#0"},"south":{"uv":[10.6,2.0,11.6,2.8],"tintindex":-2,"rotation":0,"texture":"#0"},"north":{"uv":[9.0,2.2,10.2,2.8],"tintindex":-2,"rotation":0,"texture":"#0"},"west":{"uv":[10.0,2.2,10.6,2.8],"tintindex":-2,"rotation":0,"texture":"#0"},"up":{"uv":[10.0,1.8000001,9.0,1.2],"tintindex":-2,"rotation":0,"texture":"#0"},"down":{"uv":[11.0,1.4,10.0,2.0],"tintindex":-2,"rotation":0,"texture":"#0"}}}],"display":{"gui":{"rotation":[30,225,0]}}}