{"providers":[{"type":"space","advances":{"󎀁":-1}},{"type":"bitmap","file":"betterhud:image_bodyhealth_bodyhealth_empty.png","ascent":-8400881,"height":64,"chars":["󎀂"]},{"type":"bitmap","file":"betterhud:image_bodyhealth_bodyhealth_broken_head.png","ascent":-8400881,"height":16,"chars":["󎀃"]},{"type":"bitmap","file":"betterhud:image_bodyhealth_bodyhealth_broken_body.png","ascent":-8400897,"height":24,"chars":["󎀄"]},{"type":"bitmap","file":"betterhud:image_bodyhealth_bodyhealth_broken_arm_left.png","ascent":-8400897,"height":24,"chars":["󎀅"]},{"type":"bitmap","file":"betterhud:image_bodyhealth_bodyhealth_broken_arm_right.png","ascent":-8400897,"height":24,"chars":["󎀆"]},{"type":"bitmap","file":"betterhud:image_bodyhealth_bodyhealth_broken_leg_left.png","ascent":-8400921,"height":16,"chars":["󎀇"]},{"type":"bitmap","file":"betterhud:image_bodyhealth_bodyhealth_broken_leg_right.png","ascent":-8400921,"height":16,"chars":["󎀈"]},{"type":"bitmap","file":"betterhud:image_bodyhealth_bodyhealth_broken_foot_left.png","ascent":-8400937,"height":8,"chars":["󎀉"]},{"type":"bitmap","file":"betterhud:image_bodyhealth_bodyhealth_broken_foot_right.png","ascent":-8400937,"height":8,"chars":["󎀊"]},{"type":"bitmap","file":"betterhud:image_bodyhealth_bodyhealth_damaged_head.png","ascent":-8400881,"height":16,"chars":["󎀋"]},{"type":"bitmap","file":"betterhud:image_bodyhealth_bodyhealth_damaged_body.png","ascent":-8400897,"height":24,"chars":["󎀌"]},{"type":"bitmap","file":"betterhud:image_bodyhealth_bodyhealth_damaged_arm_left.png","ascent":-8400897,"height":24,"chars":["󎀍"]},{"type":"bitmap","file":"betterhud:image_bodyhealth_bodyhealth_damaged_arm_right.png","ascent":-8400897,"height":24,"chars":["󎀎"]},{"type":"bitmap","file":"betterhud:image_bodyhealth_bodyhealth_damaged_leg_left.png","ascent":-8400921,"height":16,"chars":["󎀏"]},{"type":"bitmap","file":"betterhud:image_bodyhealth_bodyhealth_damaged_leg_right.png","ascent":-8400921,"height":16,"chars":["󎀐"]},{"type":"bitmap","file":"betterhud:image_bodyhealth_bodyhealth_damaged_foot_left.png","ascent":-8400937,"height":8,"chars":["󎀑"]},{"type":"bitmap","file":"betterhud:image_bodyhealth_bodyhealth_damaged_foot_right.png","ascent":-8400937,"height":8,"chars":["󎀒"]},{"type":"bitmap","file":"betterhud:image_bodyhealth_bodyhealth_intermediate_head.png","ascent":-8400881,"height":16,"chars":["󎀓"]},{"type":"bitmap","file":"betterhud:image_bodyhealth_bodyhealth_intermediate_body.png","ascent":-8400897,"height":24,"chars":["󎀔"]},{"type":"bitmap","file":"betterhud:image_bodyhealth_bodyhealth_intermediate_arm_left.png","ascent":-8400897,"height":24,"chars":["󎀕"]},{"type":"bitmap","file":"betterhud:image_bodyhealth_bodyhealth_intermediate_arm_right.png","ascent":-8400897,"height":24,"chars":["󎀖"]},{"type":"bitmap","file":"betterhud:image_bodyhealth_bodyhealth_intermediate_leg_left.png","ascent":-8400921,"height":16,"chars":["󎀗"]},{"type":"bitmap","file":"betterhud:image_bodyhealth_bodyhealth_intermediate_leg_right.png","ascent":-8400921,"height":16,"chars":["󎀘"]},{"type":"bitmap","file":"betterhud:image_bodyhealth_bodyhealth_intermediate_foot_left.png","ascent":-8400937,"height":8,"chars":["󎀙"]},{"type":"bitmap","file":"betterhud:image_bodyhealth_bodyhealth_intermediate_foot_right.png","ascent":-8400937,"height":8,"chars":["󎀚"]},{"type":"bitmap","file":"betterhud:image_bodyhealth_bodyhealth_nearlyfull_head.png","ascent":-8400881,"height":16,"chars":["󎀛"]},{"type":"bitmap","file":"betterhud:image_bodyhealth_bodyhealth_nearlyfull_body.png","ascent":-8400897,"height":24,"chars":["󎀜"]},{"type":"bitmap","file":"betterhud:image_bodyhealth_bodyhealth_nearlyfull_arm_left.png","ascent":-8400897,"height":24,"chars":["󎀝"]},{"type":"bitmap","file":"betterhud:image_bodyhealth_bodyhealth_nearlyfull_arm_right.png","ascent":-8400897,"height":24,"chars":["󎀞"]},{"type":"bitmap","file":"betterhud:image_bodyhealth_bodyhealth_nearlyfull_leg_left.png","ascent":-8400921,"height":16,"chars":["󎀟"]},{"type":"bitmap","file":"betterhud:image_bodyhealth_bodyhealth_nearlyfull_leg_right.png","ascent":-8400921,"height":16,"chars":["󎀠"]},{"type":"bitmap","file":"betterhud:image_bodyhealth_bodyhealth_nearlyfull_foot_left.png","ascent":-8400937,"height":8,"chars":["󎀡"]},{"type":"bitmap","file":"betterhud:image_bodyhealth_bodyhealth_nearlyfull_foot_right.png","ascent":-8400937,"height":8,"chars":["󎀢"]},{"type":"bitmap","file":"betterhud:image_bodyhealth_bodyhealth_full_head.png","ascent":-8400881,"height":16,"chars":["󎀣"]},{"type":"bitmap","file":"betterhud:image_bodyhealth_bodyhealth_full_body.png","ascent":-8400897,"height":24,"chars":["󎀤"]},{"type":"bitmap","file":"betterhud:image_bodyhealth_bodyhealth_full_arm_left.png","ascent":-8400897,"height":24,"chars":["󎀥"]},{"type":"bitmap","file":"betterhud:image_bodyhealth_bodyhealth_full_arm_right.png","ascent":-8400897,"height":24,"chars":["󎀦"]},{"type":"bitmap","file":"betterhud:image_bodyhealth_bodyhealth_full_leg_left.png","ascent":-8400921,"height":16,"chars":["󎀧"]},{"type":"bitmap","file":"betterhud:image_bodyhealth_bodyhealth_full_leg_right.png","ascent":-8400921,"height":16,"chars":["󎀨"]},{"type":"bitmap","file":"betterhud:image_bodyhealth_bodyhealth_full_foot_left.png","ascent":-8400937,"height":8,"chars":["󎀩"]},{"type":"bitmap","file":"betterhud:image_bodyhealth_bodyhealth_full_foot_right.png","ascent":-8400937,"height":8,"chars":["󎀪"]}]}